PCSI_ID,Amplification 10q11.22,Amplification 11q13.3,Amplification 12p11.21,Amplification 12q13.2,Amplification 17p11.2,Amplification 17q11.1,Amplification 18q11.2,Amplification 19q13.2,Amplification 1p34.2,Amplification 1q21.3,Amplification 20p11.21,Amplification 20q11.21,Amplification 21p11.2,Amplification 22q13.2,Amplification 2p11.2,Amplification 3q26.31,Amplification 6p21.1,Amplification 7q22.1,Amplification 8q24.21,Amplification 9p11.2,Amplification 9q21.11,Deletion 10p15.3,Deletion 10q11.22,Deletion 11p15.5,Deletion 12q12,Deletion 12q24.33,Deletion 16p11.2,Deletion 16q23.1,Deletion 17q22,Deletion 18q21.2,Deletion 18q23,Deletion 19p13.3,Deletion 19q13.32,Deletion 1p31.1,Deletion 1p36.11,Deletion 1q11,Deletion 1q21.3,Deletion 20p13,Deletion 21q22.3,Deletion 22q13.33,Deletion 3p21.2,Deletion 4q22.1,Deletion 4q35.2,Deletion 5q13.2,Deletion 5q35.3,Deletion 6p25.1,Deletion 6q26,Deletion 7q36.1,Deletion 8p23.1,Deletion 9p21.3,Deletion 9q21.11,ploidy,snv_count,sv_count
PCSI_0004,-0.6823007577011122,1.3554088394147739,0.7529714648899841,1.290953611342144,-0.8632969120198045,-0.03691014065806186,1.1510125782726286,1.588119253125639,-0.34426509679083167,0.1928943005591384,1.1206771047898163,0.1228881613460787,NA,-0.3080945610919711,0.0780868809443031,2.0603149449046816,2.8598296275224824,-0.5817754052139578,0.279876817073971,-2.755376435678656,-1.0055211537720252,-0.6182554438033326,-0.387369474481757,-0.4203281809217936,-0.6627291789265504,-0.7204185155291688,0.18667971001501488,-0.39766278903484675,-0.6985096583396622,0.40012849330508016,0.5240721206037882,-0.6084241122251016,-0.4447601764890343,-0.5428672782058913,-0.9612687755124051,-0.5406045455871974,-0.9343495580178538,-0.5240721206037883,0.0780868809443028,1.3751993237545186,-0.7742639234472536,1.6593384878866408,1.4429489651752279,-0.4693288678392788,-0.387369474481757,-0.8984827002011403,0.9909235661718483,-0.45499476409534845,1.1589729651387355,0.3820441084950134,1.0469766696733802,1.58610940425894,-0.282911643893626,-0.190499544053618
PCSI_0015,1.5668916897960217,3.0988366799169142,2.0528379937526933,2.9580118181146764,-0.8632969120198045,-1.1375034257348182,-0.9233397605923284,-0.7218723877843813,3.298281733770226,-0.9170939552899384,2.6982826428630338,0.1228881613460787,NA,-0.3080945610919711,0.0780868809443031,2.0603149449046816,2.8598296275224824,2.105863086478692,1.3858960459927958,0.4608636742950066,1.1222913522745832,1.6861512103727252,-0.387369474481757,-0.4203281809217936,-0.6627291789265504,-0.7204185155291688,0.18667971001501488,-0.39766278903484675,-0.6985096583396622,-2.5163636356741708,-1.9315801016539622,-0.6084241122251016,-0.4447601764890343,-0.5428672782058913,1.0598604447957287,-0.5406045455871974,1.0752678520139891,-0.5240721206037883,0.0780868809443028,-0.7325828173271733,-0.7742639234472536,-0.6084241122251017,1.4429489651752279,-0.4693288678392788,-0.387369474481757,-0.8984827002011403,-1.0153908147193014,2.25842855632782,-0.87387801114738894,0.3820441084950134,-0.9730724341670239,0.237688866433238,0.679137850636154,5.25094408041489
PCSI_0019,-0.6823007577011122,-0.38801900108736664,-0.5468950639727252,-0.3761045954303884,-0.8632969120198045,1.0636831444186945,1.1510125782726286,-0.7218723877843813,-0.34426509679083167,1.3028825564082152,-0.4569284332834014,0.1228881613460787,NA,-0.3080945610919711,0.0780868809443031,-0.5846294853447727,-0.40286295622490625,-0.5817754052139578,-0.826142411844854,0.4608636742950066,-1.0055211537720252,1.6861512103727252,2.63780165956625,-0.4203281809217936,1.5329796159008087,1.4083857465750418,0.18667971001501488,-0.39766278903484675,1.4228900447659782,0.40012849330508016,0.5240721206037882,-0.6084241122251016,-0.4447601764890343,-0.5428672782058913,-0.9612687755124051,-0.5406045455871974,-0.9343495580178538,-0.5240721206037883,0.0780868809443028,-0.7325828173271733,-0.7742639234472536,-0.6084241122251017,-0.7083567647223846,2.1398214482841693,-0.387369474481757,-0.8984827002011403,0.9909235661718483,2.25842855632782,-0.87387801114738894,0.3820441084950134,-0.9730724341670239,-0.817439341736495,-0.477988856811048,-0.806512029842506
PCSI_0072,1.5668916897960217,-0.38801900108736664,-0.5468950639727252,-0.3761045954303884,-0.8632969120198045,0.5133865018803163,1.1510125782726286,0.4331234326706288,1.4770083184896974,0.1928943005591384,2.6982826428630338,0.1228881613460787,NA,1.8887536136507792,0.0780868809443031,0.7378427297799544,-0.40286295622490625,-0.5817754052139578,-0.826142411844854,0.4608636742950066,-0.47356802726037317,-0.6182554438033326,-0.387369474481757,-0.4203281809217936,-0.6627291789265504,-0.7204185155291688,0.18667971001501488,-0.39766278903484675,-0.6985096583396622,0.40012849330508016,0.5240721206037882,-0.6084241122251016,-0.4447601764890343,-0.5428672782058913,1.0598604447957287,-0.5406045455871974,-0.9343495580178538,-0.5240721206037883,0.0780868809443028,-0.7325828173271733,1.3159300427313405,-0.6084241122251017,1.4429489651752279,-0.4693288678392788,-0.387369474481757,1.1200263797027914,-1.0153908147193014,-0.45499476409534845,1.1589729651387355,0.3820441084950134,0.03695211775317816,0.916968385488289,-0.236735562619863,-0.334235790737692
PCSI_0073,-0.6823007577011122,-0.38801900108736664,-0.5468950639727252,-0.3761045954303884,-0.8632969120198045,-0.03691014065806186,-0.9233397605923284,1.588119253125639,-0.34426509679083167,-0.9170939552899384,-0.4569284332834014,0.1228881613460787,NA,-0.3080945610919711,0.0780868809443031,-0.5846294853447727,-0.40286295622490625,-0.5817754052139578,-0.826142411844854,-1.1472563806918248,-1.0055211537720252,-0.6182554438033326,-0.387369474481757,2.3932971934118448,1.5329796159008087,1.4083857465750418,0.18667971001501488,-0.39766278903484675,-0.6985096583396622,0.40012849330508016,0.5240721206037882,1.6593384878866406,2.333931973766266,-0.5428672782058913,-0.9612687755124051,-0.5406045455871974,-0.9343495580178538,-0.5240721206037883,0.0780868809443028,-0.7325828173271733,-0.7742639234472536,-0.6084241122251017,-0.7083567647223846,-0.4693288678392788,-0.387369474481757,1.1200263797027914,0.9909235661718483,-0.45499476409534845,-0.87387801114738894,0.3820441084950134,0.03695211775317816,-0.77471280482365,-0.365751342493453,-0.744910781263617
PCSI_0074,-0.6823007577011122,-0.38801900108736664,-0.5468950639727252,-0.3761045954303884,1.2498477681480755,-1.1375034257348182,-0.9233397605923284,-0.7218723877843813,-0.34426509679083167,-0.9170939552899384,-0.4569284332834014,0.1228881613460787,NA,-0.3080945610919711,0.0780868809443031,-0.5846294853447727,-0.40286295622490625,-0.5817754052139578,-0.826142411844854,0.4608636742950066,1.1222913522745832,-0.6182554438033326,-0.387369474481757,-0.4203281809217936,-0.6627291789265504,-0.7204185155291688,0.18667971001501488,-0.39766278903484675,-0.6985096583396622,-2.5163636356741708,-1.9315801016539622,-0.6084241122251016,-0.4447601764890343,1.8633552522202215,1.0598604447957287,-0.5406045455871974,1.0752678520139891,1.9315801016539624,0.0780868809443028,-0.7325828173271733,-0.7742639234472536,-0.6084241122251017,-0.7083567647223846,-0.4693288678392788,-0.387369474481757,1.1200263797027914,0.9909235661718483,-0.45499476409534845,-0.87387801114738894,0.3820441084950134,-0.9730724341670239,-0.611048443089704,-0.328705314556427,-0.67304265792158
PCSI_0080,-0.6823007577011122,-0.38801900108736664,-0.5468950639727252,-0.3761045954303884,1.2498477681480755,-0.03691014065806186,1.1510125782726286,0.4331234326706288,-0.34426509679083167,0.1928943005591384,-0.4569284332834014,0.1228881613460787,NA,-0.3080945610919711,0.0780868809443031,-0.5846294853447727,-0.40286295622490625,2.105863086478692,-0.826142411844854,-2.755376435678656,-1.0055211537720252,1.6861512103727252,-0.387369474481757,-0.4203281809217936,-0.6627291789265504,-0.7204185155291688,0.18667971001501488,-0.39766278903484675,1.4228900447659782,0.40012849330508016,0.5240721206037882,1.6593384878866406,-0.4447601764890343,1.8633552522202215,1.0598604447957287,-0.5406045455871974,1.0752678520139891,1.9315801016539624,0.0780868809443028,1.3751993237545186,1.3159300427313405,1.6593384878866408,-0.7083567647223846,-0.4693288678392788,-0.387369474481757,-0.8984827002011403,-1.0153908147193014,2.25842855632782,1.1589729651387355,0.3820441084950134,-0.9730724341670239,1.20519146500205,-0.270865709648297,0.312577319340641
PCSI_0081,-0.6823007577011122,-0.38801900108736664,-0.5468950639727252,-0.3761045954303884,-0.8632969120198045,1.0636831444186945,-0.9233397605923284,1.588119253125639,-0.34426509679083167,-0.9170939552899384,-0.4569284332834014,0.1228881613460787,NA,4.08560178839353,0.0780868809443031,2.0603149449046816,-0.40286295622490625,-0.5817754052139578,-0.826142411844854,0.4608636742950066,1.1222913522745832,-0.6182554438033326,2.63780165956625,-0.4203281809217936,1.5329796159008087,1.4083857465750418,0.18667971001501488,-0.39766278903484675,-0.6985096583396622,-2.5163636356741708,-1.9315801016539622,-0.6084241122251016,-0.4447601764890343,1.8633552522202215,1.0598604447957287,1.8884131386950045,-0.9343495580178538,1.9315801016539624,0.0780868809443028,1.3751993237545186,-0.7742639234472536,1.6593384878866408,-0.7083567647223846,2.1398214482841693,-0.387369474481757,1.1200263797027914,0.9909235661718483,-0.45499476409534845,1.1589729651387355,0.3820441084950134,-0.9730724341670239,-0.991966382346588,-0.512931626387778,0.712985435103418
PCSI_0082,1.5668916897960217,-0.38801900108736664,2.0528379937526933,-0.3761045954303884,-0.8632969120198045,-0.03691014065806186,1.1510125782726286,-0.7218723877843813,-0.34426509679083167,-0.9170939552899384,-0.4569284332834014,0.1228881613460787,NA,-0.3080945610919711,0.0780868809443031,2.0603149449046816,1.228483335648788,0.7620438406323673,-0.826142411844854,0.4608636742950066,1.1222913522745832,1.6861512103727252,-0.387369474481757,2.3932971934118448,-0.6627291789265504,-0.7204185155291688,0.18667971001501488,2.5667325474067377,-0.6985096583396622,0.40012849330508016,-1.9315801016539622,-0.6084241122251016,-0.4447601764890343,-0.5428672782058913,-0.9612687755124051,1.8884131386950045,1.0752678520139891,-0.5240721206037883,0.0780868809443028,1.3751993237545186,1.3159300427313405,1.6593384878866408,-0.7083567647223846,-0.4693288678392788,-0.387369474481757,1.1200263797027914,-1.0153908147193014,-0.45499476409534845,1.1589729651387355,0.3820441084950134,-0.9730724341670239,0.856137383781866,-0.298686081595844,0.415246066972122
PCSI_0083,-0.6823007577011122,-0.38801900108736664,-0.5468950639727252,-0.3761045954303884,1.2498477681480755,1.0636831444186945,-0.9233397605923284,-0.7218723877843813,-0.34426509679083167,-0.9170939552899384,-0.4569284332834014,0.1228881613460787,NA,-0.3080945610919711,0.0780868809443031,-0.5846294853447727,-0.40286295622490625,-0.5817754052139578,-0.826142411844854,0.4608636742950066,1.1222913522745832,-0.6182554438033326,-0.387369474481757,-0.4203281809217936,-0.6627291789265504,-0.7204185155291688,0.18667971001501488,-0.39766278903484675,-0.6985096583396622,-2.5163636356741708,-1.9315801016539622,-0.6084241122251016,-0.4447601764890343,-0.5428672782058913,-0.9612687755124051,-0.5406045455871974,1.0752678520139891,-0.5240721206037883,0.0780868809443028,-0.7325828173271733,-0.7742639234472536,-0.6084241122251017,-0.7083567647223846,-0.4693288678392788,-0.387369474481757,-0.8984827002011403,-1.0153908147193014,-0.45499476409534845,-0.87387801114738894,0.3820441084950134,1.0469766696733802,-0.626980372108053,8.56807754949419,-0.18023266929047
PCSI_0084,1.5668916897960217,-0.38801900108736664,-0.5468950639727252,-0.3761045954303884,1.2498477681480755,1.0636831444186945,-0.9233397605923284,-0.7218723877843813,3.298281733770226,1.3028825564082152,-0.4569284332834014,0.1228881613460787,NA,-0.3080945610919711,0.0780868809443031,2.0603149449046816,2.8598296275224824,2.105863086478692,1.3858960459927958,0.4608636742950066,1.1222913522745832,-0.6182554438033326,-0.387369474481757,-0.4203281809217936,-0.6627291789265504,-0.7204185155291688,0.18667971001501488,-0.39766278903484675,-0.6985096583396622,0.40012849330508016,0.5240721206037882,-0.6084241122251016,-0.4447601764890343,-0.5428672782058913,1.0598604447957287,-0.5406045455871974,-0.9343495580178538,-0.5240721206037883,0.0780868809443028,-0.7325828173271733,-0.7742639234472536,-0.6084241122251017,1.4429489651752279,-0.4693288678392788,-0.387369474481757,-0.8984827002011403,-1.0153908147193014,-0.45499476409534845,1.1589729651387355,-2.6015384530850914,-0.9730724341670239,-0.321377006392454,-0.177844328531584,-0.775711405553061
PCSI_0085,-0.6823007577011122,0.48369491916370366,2.0528379937526933,-0.3761045954303884,-0.33501074197783454,0.5133865018803163,0.11383640884015006,-0.7218723877843813,-0.34426509679083167,1.3028825564082152,2.6982826428630338,0.1228881613460787,NA,-0.3080945610919711,0.0780868809443031,-0.5846294853447727,-0.40286295622490625,-0.5817754052139578,-0.27313279738544155,0.4608636742950066,0.05838509925127894,0.5339478832846962,-0.387369474481757,-0.4203281809217936,-0.6627291789265504,-0.7204185155291688,0.18667971001501488,-0.39766278903484675,1.4228900447659782,0.40012849330508016,0.5240721206037882,-0.6084241122251016,-0.4447601764890343,1.8633552522202215,1.0598604447957287,-0.5406045455871974,-0.9343495580178538,1.9315801016539624,0.0780868809443028,1.3751993237545186,1.3159300427313405,-0.6084241122251017,-0.7083567647223846,-0.4693288678392788,-0.387369474481757,0.1107718397508255,-1.0153908147193014,-0.45499476409534845,1.1589729651387355,0.3820441084950134,-0.9730724341670239,1.03211278157545,-0.263886715998225,-0.503639224329636
PCSI_0086,1.5668916897960217,1.3554088394147739,2.0528379937526933,-0.3761045954303884,-0.8632969120198045,1.0636831444186945,0.11383640884015006,1.588119253125639,-0.34426509679083167,1.3028825564082152,-0.4569284332834014,0.1228881613460787,NA,-0.3080945610919711,0.0780868809443031,0.7378427297799544,-0.40286295622490625,-0.5817754052139578,0.279876817073971,0.4608636742950066,1.1222913522745832,-0.6182554438033326,-0.387369474481757,-0.4203281809217936,-0.6627291789265504,-0.7204185155291688,0.18667971001501488,-0.39766278903484675,-0.6985096583396622,0.40012849330508016,0.5240721206037882,-0.6084241122251016,-0.4447601764890343,-0.5428672782058913,-0.9612687755124051,-0.5406045455871974,-0.9343495580178538,1.9315801016539624,0.0780868809443028,-0.7325828173271733,-0.7742639234472536,-0.6084241122251017,1.4429489651752279,-0.4693288678392788,-0.387369474481757,1.1200263797027914,-1.0153908147193014,-0.45499476409534845,-0.87387801114738894,0.3820441084950134,-0.9730724341670239,0.654815735277278,-0.487788128716971,-0.960515151289728
PCSI_0096,-0.6823007577011122,-0.38801900108736664,-0.5468950639727252,-0.3761045954303884,1.2498477681480755,1.0636831444186945,-0.9233397605923284,-0.7218723877843813,-0.34426509679083167,1.3028825564082152,-0.4569284332834014,0.1228881613460787,NA,-0.3080945610919711,0.0780868809443031,-0.5846294853447727,-0.40286295622490625,-0.5817754052139578,-0.826142411844854,0.4608636742950066,1.1222913522745832,-0.6182554438033326,-0.387369474481757,-0.4203281809217936,-0.6627291789265504,-0.7204185155291688,0.18667971001501488,-0.39766278903484675,-0.6985096583396622,-2.5163636356741708,-1.9315801016539622,-0.6084241122251016,-0.4447601764890343,-0.5428672782058913,1.0598604447957287,-0.5406045455871974,-0.9343495580178538,-0.5240721206037883,0.0780868809443028,-0.7325828173271733,1.3159300427313405,-0.6084241122251017,-0.7083567647223846,-0.4693288678392788,2.63780165956625,-0.8984827002011403,-1.0153908147193014,-0.45499476409534845,-0.87387801114738894,-2.6015384530850914,-0.9730724341670239,-0.606703371539246,-0.366946375652712,-0.785978280316209
PCSI_0098,-0.6823007577011122,-0.38801900108736664,-0.5468950639727252,2.9580118181146764,-0.8632969120198045,1.0636831444186945,-0.9233397605923284,-0.7218723877843813,-0.34426509679083167,-0.9170939552899384,-0.4569284332834014,0.1228881613460787,NA,-0.3080945610919711,0.0780868809443031,-0.5846294853447727,1.228483335648788,-0.5817754052139578,-0.826142411844854,-1.1472563806918248,-1.0055211537720252,-0.6182554438033326,-0.387369474481757,-0.4203281809217936,1.5329796159008087,0.3439836155229364,0.18667971001501488,-0.39766278903484675,1.4228900447659782,0.40012849330508016,0.5240721206037882,0.5254571878307696,-0.4447601764890343,-0.5428672782058913,-0.9612687755124051,-0.5406045455871974,0.07045914699806761,-0.5240721206037883,0.0780868809443028,-0.7325828173271733,-0.7742639234472536,-0.6084241122251017,-0.7083567647223846,-0.4693288678392788,-0.387369474481757,-0.8984827002011403,0.9909235661718483,0.9017168961162358,-0.87387801114738894,0.3820441084950134,0.03695211775317816,-0.805128305676862,-0.308485353501767,0.117506698840826
PCSI_0099,-0.6823007577011122,-0.38801900108736664,0.7529714648899841,-0.3761045954303884,-0.33501074197783454,-0.03691014065806186,1.1510125782726286,-0.7218723877843813,3.298281733770226,1.3028825564082152,1.1206771047898163,0.1228881613460787,NA,4.08560178839353,0.0780868809443031,-0.5846294853447727,-0.40286295622490625,2.105863086478692,0.279876817073971,0.4608636742950066,0.590338225762931,-0.6182554438033326,1.1252160925422465,-0.4203281809217936,-0.6627291789265504,1.4083857465750418,-2.8748675342312264,-0.39766278903484675,-0.6985096583396622,0.40012849330508016,0.5240721206037882,-0.6084241122251016,2.333931973766266,-0.5428672782058913,1.0598604447957287,-0.5406045455871974,-0.9343495580178538,1.9315801016539624,0.0780868809443028,1.3751993237545186,1.3159300427313405,1.6593384878866408,1.4429489651752279,2.1398214482841693,-0.387369474481757,1.1200263797027914,0.9909235661718483,-0.45499476409534845,1.1589729651387355,0.3820441084950134,1.0469766696733802,2.03872102409839,0.369289653103508,-0.200766418816766
PCSI_0102,-0.6823007577011122,-0.38801900108736664,-0.5468950639727252,-0.3761045954303884,0.19327542806413542,-0.03691014065806186,-0.9233397605923284,-0.7218723877843813,-0.34426509679083167,-0.9170939552899384,-0.4569284332834014,0.1228881613460787,NA,-0.3080945610919711,0.0780868809443031,-0.5846294853447727,-0.40286295622490625,-0.5817754052139578,-0.826142411844854,-2.755376435678656,-1.0055211537720252,0.5339478832846962,-0.387369474481757,-0.4203281809217936,-0.6627291789265504,-0.7204185155291688,0.18667971001501488,2.5667325474067377,-0.6985096583396622,0.40012849330508016,0.5240721206037882,-0.6084241122251016,-0.4447601764890343,-0.5428672782058913,-0.9612687755124051,1.8884131386950045,-0.9343495580178538,-0.5240721206037883,0.0780868809443028,-0.7325828173271733,1.3159300427313405,1.6593384878866408,1.4429489651752279,-0.4693288678392788,-0.387369474481757,1.1200263797027914,0.9909235661718483,-0.45499476409534845,-0.87387801114738894,0.3820441084950134,1.0469766696733802,-0.766746840314476,-0.444910338962762,-0.739777343882043
PCSI_0103,1.5668916897960217,-0.38801900108736664,-0.5468950639727252,-0.3761045954303884,1.2498477681480755,1.0636831444186945,-0.9233397605923284,-0.7218723877843813,-0.34426509679083167,-0.9170939552899384,-0.4569284332834014,0.1228881613460787,NA,-0.3080945610919711,0.0780868809443031,-0.5846294853447727,-0.40286295622490625,2.105863086478692,1.3858960459927958,0.4608636742950066,1.1222913522745832,-0.6182554438033326,-0.387369474481757,-0.4203281809217936,-0.6627291789265504,-0.7204185155291688,-5.9364147784774675,-0.39766278903484675,-0.6985096583396622,-2.5163636356741708,-1.9315801016539622,-0.6084241122251016,-0.4447601764890343,-0.5428672782058913,-0.9612687755124051,-0.5406045455871974,-0.9343495580178538,-0.5240721206037883,-12.728161593921344,-0.7325828173271733,-0.7742639234472536,-0.6084241122251017,-0.7083567647223846,-0.4693288678392788,-0.387369474481757,-0.8984827002011403,-1.0153908147193014,-0.45499476409534845,-0.87387801114738894,-2.6015384530850914,-0.9730724341670239,-0.367724436264014,4.57523275777837,-1.03238327463176
PCSI_0104,-0.6823007577011122,-0.38801900108736664,-0.5468950639727252,-0.3761045954303884,1.2498477681480755,1.0636831444186945,-0.9233397605923284,-0.7218723877843813,-0.34426509679083167,-0.9170939552899384,-0.4569284332834014,0.1228881613460787,NA,-0.3080945610919711,0.0780868809443031,-0.5846294853447727,-0.40286295622490625,-0.5817754052139578,-0.826142411844854,0.4608636742950066,1.1222913522745832,1.6861512103727252,-0.387369474481757,-0.4203281809217936,-0.6627291789265504,-0.7204185155291688,0.18667971001501488,-0.39766278903484675,-0.6985096583396622,0.40012849330508016,-1.9315801016539622,-0.6084241122251016,-0.4447601764890343,-0.5428672782058913,1.0598604447957287,1.8884131386950045,1.0752678520139891,-0.5240721206037883,0.0780868809443028,-0.7325828173271733,-0.7742639234472536,-0.6084241122251017,-0.7083567647223846,-0.4693288678392788,-0.387369474481757,-0.8984827002011403,-1.0153908147193014,-0.45499476409534845,-0.87387801114738894,0.3820441084950134,-0.9730724341670239,-0.524147012080529,-0.332147010055093,0.138040448367122
PCSI_0105,-0.6823007577011122,-0.38801900108736664,-0.5468950639727252,-0.3761045954303884,0.19327542806413542,-1.1375034257348182,1.1510125782726286,0.4331234326706288,-0.34426509679083167,0.1928943005591384,2.6982826428630338,0.1228881613460787,NA,-0.3080945610919711,0.0780868809443031,-0.5846294853447727,-0.40286295622490625,0.7620438406323673,-0.826142411844854,-1.1472563806918248,-1.0055211537720252,-0.6182554438033326,-0.387369474481757,-0.4203281809217936,-0.6627291789265504,-0.7204185155291688,0.18667971001501488,-0.39766278903484675,1.4228900447659782,0.40012849330508016,0.5240721206037882,1.6593384878866406,2.333931973766266,1.8633552522202215,1.0598604447957287,-0.5406045455871974,-0.9343495580178538,1.9315801016539624,0.0780868809443028,1.3751993237545186,1.3159300427313405,1.6593384878866408,1.4429489651752279,-0.4693288678392788,-0.387369474481757,-0.8984827002011403,-1.0153908147193014,-0.45499476409534845,1.1589729651387355,0.3820441084950134,1.0469766696733802,1.91778319927729,0.218715475036887,-0.0262295478432476
PCSI_0107,-0.6823007577011122,-0.38801900108736664,-0.5468950639727252,-0.3761045954303884,-0.8632969120198045,-1.1375034257348182,-0.9233397605923284,1.588119253125639,-0.34426509679083167,-0.9170939552899384,-0.4569284332834014,0.1228881613460787,NA,-0.3080945610919711,0.0780868809443031,-0.5846294853447727,-0.40286295622490625,-0.5817754052139578,-0.826142411844854,0.4608636742950066,1.1222913522745832,-0.6182554438033326,-0.387369474481757,-0.4203281809217936,1.5329796159008087,1.4083857465750418,0.18667971001501488,2.5667325474067377,-0.6985096583396622,0.40012849330508016,0.5240721206037882,1.6593384878866406,2.333931973766266,-0.5428672782058913,-0.9612687755124051,1.8884131386950045,-0.9343495580178538,-0.5240721206037883,0.0780868809443028,-0.7325828173271733,-0.7742639234472536,-0.6084241122251017,-0.7083567647223846,-0.4693288678392788,-0.387369474481757,-0.8984827002011403,-1.0153908147193014,-0.45499476409534845,-0.87387801114738894,-2.6015384530850914,-0.9730724341670239,-0.7167785174842,-0.4916122348266,-0.734643906500469
PCSI_0108,1.5668916897960217,-0.38801900108736664,-0.5468950639727252,-0.3761045954303884,1.2498477681480755,1.0636831444186945,-0.9233397605923284,-0.7218723877843813,-0.34426509679083167,1.3028825564082152,-0.4569284332834014,0.1228881613460787,NA,-0.3080945610919711,0.0780868809443031,-0.5846294853447727,-0.40286295622490625,-0.5817754052139578,-0.826142411844854,0.4608636742950066,-1.0055211537720252,-0.6182554438033326,-0.387369474481757,2.3932971934118448,-0.6627291789265504,-0.7204185155291688,0.18667971001501488,-0.39766278903484675,-0.6985096583396622,-2.5163636356741708,-1.9315801016539622,-0.6084241122251016,-0.4447601764890343,1.8633552522202215,1.0598604447957287,-0.5406045455871974,-0.9343495580178538,-0.5240721206037883,0.0780868809443028,-0.7325828173271733,1.3159300427313405,-0.6084241122251017,-0.7083567647223846,-0.4693288678392788,-0.387369474481757,1.1200263797027914,0.9909235661718483,-0.45499476409534845,-0.87387801114738894,0.3820441084950134,-0.9730724341670239,-0.822508591878697,-0.472587306931198,-0.919447652237135
PCSI_0111,0.4422954660474547,0.48369491916370366,0.7529714648899841,-0.3761045954303884,-0.8632969120198045,0.5133865018803163,1.1510125782726286,0.4331234326706288,3.298281733770226,0.7478884284836769,-0.4569284332834014,0.1228881613460787,NA,1.8887536136507792,0.0780868809443031,0.07660662221759089,-0.40286295622490625,-0.5817754052139578,0.8328864315333835,-0.3431963531984091,-1.0055211537720252,1.6861512103727252,-0.387369474481757,0.9864845062450257,1.5329796159008087,1.4083857465750418,0.18667971001501488,-0.39766278903484675,-0.6985096583396622,0.40012849330508016,0.5240721206037882,1.6593384878866406,-0.4447601764890343,1.8633552522202215,1.0598604447957287,0.6739042965539036,1.0752678520139891,-0.5240721206037883,0.0780868809443028,-0.7325828173271733,0.27083305964204346,1.6593384878866408,1.4429489651752279,2.1398214482841693,2.63780165956625,-0.8984827002011403,0.9909235661718483,2.25842855632782,1.1589729651387355,0.3820441084950134,1.0469766696733802,0.561396696942415,0.216229806065629,1.19552854897138
PCSI_0132,-0.6823007577011122,-0.38801900108736664,2.0528379937526933,-0.3761045954303884,-0.8632969120198045,-1.1375034257348182,-0.9233397605923284,-0.7218723877843813,-0.34426509679083167,-0.9170939552899384,-0.4569284332834014,0.1228881613460787,NA,-0.3080945610919711,0.0780868809443031,-0.5846294853447727,-0.40286295622490625,-0.5817754052139578,-0.826142411844854,0.4608636742950066,-1.0055211537720252,1.6861512103727252,-0.387369474481757,-0.4203281809217936,1.5329796159008087,1.4083857465750418,0.18667971001501488,-0.39766278903484675,1.4228900447659782,0.40012849330508016,0.5240721206037882,1.6593384878866406,-0.4447601764890343,-0.5428672782058913,-0.9612687755124051,-0.5406045455871974,1.0752678520139891,-0.5240721206037883,0.0780868809443028,1.3751993237545186,-0.7742639234472536,-0.6084241122251017,-0.7083567647223846,-0.4693288678392788,-0.387369474481757,-0.8984827002011403,-1.0153908147193014,-0.45499476409534845,1.1589729651387355,0.3820441084950134,1.0469766696733802,-0.768919376089705,-0.247060649115859,-0.365036415027136
PCSI_0142,1.5668916897960217,-0.38801900108736664,-0.5468950639727252,-0.3761045954303884,1.2498477681480755,1.0636831444186945,-0.9233397605923284,-0.7218723877843813,-0.34426509679083167,1.3028825564082152,-0.4569284332834014,0.1228881613460787,NA,-0.3080945610919711,0.0780868809443031,-0.5846294853447727,-0.40286295622490625,-0.5817754052139578,-0.826142411844854,0.4608636742950066,1.1222913522745832,-0.6182554438033326,-0.387369474481757,-0.4203281809217936,1.5329796159008087,-0.7204185155291688,0.18667971001501488,-0.39766278903484675,-0.6985096583396622,0.40012849330508016,0.5240721206037882,-0.6084241122251016,-0.4447601764890343,-0.5428672782058913,1.0598604447957287,-0.5406045455871974,-0.9343495580178538,1.9315801016539624,0.0780868809443028,-0.7325828173271733,-0.7742639234472536,-0.6084241122251017,-0.7083567647223846,-0.4693288678392788,-0.387369474481757,-0.8984827002011403,0.9909235661718483,-0.45499476409534845,1.1589729651387355,0.3820441084950134,-0.9730724341670239,-0.603806657172273,0.245006204540583,0.959390429418973
PCSI_0161,-0.6823007577011122,-0.38801900108736664,-0.5468950639727252,-0.3761045954303884,-0.8632969120198045,-1.1375034257348182,1.1510125782726286,-0.7218723877843813,-0.34426509679083167,1.3028825564082152,-0.4569284332834014,0.1228881613460787,NA,-0.3080945610919711,0.0780868809443031,0.7378427297799544,-0.40286295622490625,0.7620438406323673,-0.826142411844854,0.4608636742950066,0.05838509925127894,-0.6182554438033326,-0.387369474481757,2.3932971934118448,1.5329796159008087,-0.7204185155291688,0.18667971001501488,-0.39766278903484675,1.4228900447659782,0.40012849330508016,0.5240721206037882,-0.6084241122251016,-0.4447601764890343,1.8633552522202215,1.0598604447957287,-0.5406045455871974,-0.9343495580178538,1.9315801016539624,0.0780868809443028,1.3751993237545186,1.3159300427313405,1.6593384878866408,1.4429489651752279,2.1398214482841693,-0.387369474481757,-0.8984827002011403,-1.0153908147193014,-0.45499476409534845,-0.87387801114738894,0.3820441084950134,-0.9730724341670239,0.927106885772692,0.369385255756249,0.86698855655064
PCSI_0164,1.5668916897960217,-0.38801900108736664,2.0528379937526933,2.9580118181146764,1.2498477681480755,1.0636831444186945,1.1510125782726286,-0.7218723877843813,-0.34426509679083167,-0.9170939552899384,2.6982826428630338,0.1228881613460787,NA,-0.3080945610919711,0.0780868809443031,-0.5846294853447727,-0.40286295622490625,2.105863086478692,-0.826142411844854,0.4608636742950066,1.1222913522745832,-0.6182554438033326,-0.387369474481757,-0.4203281809217936,1.5329796159008087,-0.7204185155291688,0.18667971001501488,-0.39766278903484675,-0.6985096583396622,-2.5163636356741708,-1.9315801016539622,-0.6084241122251016,-0.4447601764890343,-0.5428672782058913,-0.9612687755124051,-0.5406045455871974,1.0752678520139891,-0.5240721206037883,0.0780868809443028,-0.7325828173271733,-0.7742639234472536,-0.6084241122251017,-0.7083567647223846,-0.4693288678392788,-0.387369474481757,-0.8984827002011403,-1.0153908147193014,-0.45499476409534845,-0.87387801114738894,-2.6015384530850914,-0.9730724341670239,-0.0780529995667646,1.29156844409315,-0.765444530789913
PCSI_0170,-0.6823007577011122,-0.38801900108736664,-0.5468950639727252,-0.3761045954303884,-0.8632969120198045,-1.1375034257348182,1.1510125782726286,1.588119253125639,-0.34426509679083167,-0.9170939552899384,-0.4569284332834014,0.1228881613460787,NA,-0.3080945610919711,0.0780868809443031,-0.5846294853447727,-0.40286295622490625,-0.5817754052139578,-0.826142411844854,0.4608636742950066,-1.0055211537720252,-0.6182554438033326,-0.387369474481757,-0.4203281809217936,-0.6627291789265504,-0.7204185155291688,0.18667971001501488,-0.39766278903484675,1.4228900447659782,0.40012849330508016,0.5240721206037882,-0.6084241122251016,2.333931973766266,1.8633552522202215,1.0598604447957287,-0.5406045455871974,-0.9343495580178538,-0.5240721206037883,0.0780868809443028,1.3751993237545186,-0.7742639234472536,-0.6084241122251017,-0.7083567647223846,-0.4693288678392788,-0.387369474481757,1.1200263797027914,0.9909235661718483,-0.45499476409534845,1.1589729651387355,0.3820441084950134,1.0469766696733802,-0.690708088181448,-0.299737710775991,-0.796245155079357
PCSI_0171,-0.6823007577011122,-0.38801900108736664,-0.5468950639727252,-0.3761045954303884,-0.8632969120198045,-1.1375034257348182,-0.9233397605923284,-0.7218723877843813,-0.34426509679083167,1.3028825564082152,-0.4569284332834014,0.1228881613460787,NA,-0.3080945610919711,0.0780868809443031,-0.5846294853447727,2.8598296275224824,2.105863086478692,-0.826142411844854,-2.755376435678656,-1.0055211537720252,-0.6182554438033326,-0.387369474481757,-0.4203281809217936,-0.6627291789265504,-0.7204185155291688,0.18667971001501488,-0.39766278903484675,1.4228900447659782,0.40012849330508016,0.5240721206037882,-0.6084241122251016,-0.4447601764890343,-0.5428672782058913,-0.9612687755124051,-0.5406045455871974,-0.9343495580178538,-0.5240721206037883,0.0780868809443028,-0.7325828173271733,-0.7742639234472536,-0.6084241122251017,-0.7083567647223846,-0.4693288678392788,-0.387369474481757,1.1200263797027914,0.9909235661718483,-0.45499476409534845,-0.87387801114738894,0.3820441084950134,1.0469766696733802,-0.389449794016308,-0.148781122098408,-0.878380153184542
PCSI_0175,1.5668916897960217,-0.38801900108736664,-0.5468950639727252,-0.3761045954303884,-0.8632969120198045,-1.1375034257348182,-0.9233397605923284,-0.7218723877843813,-0.34426509679083167,-0.9170939552899384,-0.4569284332834014,0.1228881613460787,NA,-0.3080945610919711,0.0780868809443031,-0.5846294853447727,-0.40286295622490625,-0.5817754052139578,-0.826142411844854,-2.755376435678656,-1.0055211537720252,-0.6182554438033326,-0.387369474481757,-0.4203281809217936,-0.6627291789265504,-0.7204185155291688,0.18667971001501488,2.5667325474067377,-0.6985096583396622,0.40012849330508016,0.5240721206037882,-0.6084241122251016,-0.4447601764890343,-0.5428672782058913,-0.9612687755124051,-0.5406045455871974,-0.9343495580178538,-0.5240721206037883,0.0780868809443028,-0.7325828173271733,1.3159300427313405,-0.6084241122251017,-0.7083567647223846,-0.4693288678392788,-0.387369474481757,1.1200263797027914,0.9909235661718483,-0.45499476409534845,-0.87387801114738894,0.3820441084950134,1.0469766696733802,-0.852924092731908,-0.370292468498637,-0.529306411237506
PCSI_0207,-0.6823007577011122,-0.38801900108736664,-0.5468950639727252,-0.3761045954303884,1.2498477681480755,-1.1375034257348182,-0.9233397605923284,-0.7218723877843813,-0.34426509679083167,0.1928943005591384,-0.4569284332834014,0.1228881613460787,NA,-0.3080945610919711,0.0780868809443031,-0.5846294853447727,-0.40286295622490625,-0.5817754052139578,-0.826142411844854,0.4608636742950066,1.1222913522745832,-0.6182554438033326,-0.387369474481757,-0.4203281809217936,-0.6627291789265504,1.4083857465750418,0.18667971001501488,-0.39766278903484675,-0.6985096583396622,-2.5163636356741708,-1.9315801016539622,1.6593384878866406,-0.4447601764890343,-0.5428672782058913,-0.9612687755124051,-0.5406045455871974,1.0752678520139891,-0.5240721206037883,0.0780868809443028,-0.7325828173271733,-0.7742639234472536,-0.6084241122251017,-0.7083567647223846,-0.4693288678392788,-0.387369474481757,-0.8984827002011403,-1.0153908147193014,-0.45499476409534845,-0.87387801114738894,-2.6015384530850914,-0.9730724341670239,2.22338656499289,-0.757292006793037,-0.960515151289728
PCSI_0208,-0.6823007577011122,-0.38801900108736664,-0.5468950639727252,-0.3761045954303884,-0.8632969120198045,1.0636831444186945,-0.9233397605923284,-0.7218723877843813,-0.34426509679083167,-0.9170939552899384,-0.4569284332834014,0.1228881613460787,NA,-0.3080945610919711,0.0780868809443031,-0.5846294853447727,-0.40286295622490625,-0.5817754052139578,-0.826142411844854,0.4608636742950066,1.1222913522745832,-0.6182554438033326,-0.387369474481757,-0.4203281809217936,1.5329796159008087,-0.7204185155291688,0.18667971001501488,-0.39766278903484675,1.4228900447659782,0.40012849330508016,0.5240721206037882,-0.6084241122251016,-0.4447601764890343,-0.5428672782058913,-0.9612687755124051,-0.5406045455871974,1.0752678520139891,-0.5240721206037883,0.0780868809443028,-0.7325828173271733,-0.7742639234472536,-0.6084241122251017,-0.7083567647223846,-0.4693288678392788,-0.387369474481757,-0.8984827002011403,0.9909235661718483,-0.45499476409534845,-0.87387801114738894,0.3820441084950134,-0.9730724341670239,-0.640015586759429,-0.386353714159076,-0.662775783158432
PCSI_0216,-0.6823007577011122,-0.38801900108736664,-0.5468950639727252,-0.3761045954303884,1.2498477681480755,-1.1375034257348182,1.1510125782726286,1.588119253125639,-0.34426509679083167,-0.9170939552899384,-0.4569284332834014,0.1228881613460787,NA,-0.3080945610919711,0.0780868809443031,-0.5846294853447727,-0.40286295622490625,-0.5817754052139578,-0.826142411844854,0.4608636742950066,1.1222913522745832,-0.6182554438033326,-0.387369474481757,-0.4203281809217936,-0.6627291789265504,-0.7204185155291688,0.18667971001501488,-0.39766278903484675,-0.6985096583396622,0.40012849330508016,0.5240721206037882,1.6593384878866406,2.333931973766266,-0.5428672782058913,-0.9612687755124051,1.8884131386950045,1.0752678520139891,-0.5240721206037883,0.0780868809443028,1.3751993237545186,1.3159300427313405,1.6593384878866408,1.4429489651752279,-0.4693288678392788,-0.387369474481757,-0.8984827002011403,-1.0153908147193014,-0.45499476409534845,1.1589729651387355,0.3820441084950134,-0.9730724341670239,-0.726917017768604,-0.258437364792004,0.025104825972493
PCSI_0218,1.5668916897960217,-0.38801900108736664,-0.5468950639727252,-0.3761045954303884,-0.8632969120198045,-1.1375034257348182,-0.9233397605923284,-0.7218723877843813,-0.34426509679083167,1.3028825564082152,-0.4569284332834014,0.1228881613460787,NA,-0.3080945610919711,0.0780868809443031,2.0603149449046816,-0.40286295622490625,-0.5817754052139578,-0.826142411844854,0.4608636742950066,-1.0055211537720252,-0.6182554438033326,-0.387369474481757,2.3932971934118448,-0.6627291789265504,-0.7204185155291688,0.18667971001501488,-0.39766278903484675,-0.6985096583396622,0.40012849330508016,0.5240721206037882,-0.6084241122251016,-0.4447601764890343,-0.5428672782058913,1.0598604447957287,-0.5406045455871974,1.0752678520139891,1.9315801016539624,0.0780868809443028,-0.7325828173271733,1.3159300427313405,-0.6084241122251017,-0.7083567647223846,-0.4693288678392788,-0.387369474481757,1.1200263797027914,-1.0153908147193014,-0.45499476409534845,-0.87387801114738894,0.3820441084950134,-0.9730724341670239,-0.590288656793068,1.00552530709294,3.19414683619755
PCSI_0224,-0.6823007577011122,-0.38801900108736664,-0.5468950639727252,-0.3761045954303884,-0.8632969120198045,-1.1375034257348182,-0.9233397605923284,-0.7218723877843813,-0.34426509679083167,1.3028825564082152,-0.4569284332834014,0.1228881613460787,NA,-0.3080945610919711,0.0780868809443031,-0.5846294853447727,-0.40286295622490625,-0.5817754052139578,-0.826142411844854,0.4608636742950066,-1.0055211537720252,-0.6182554438033326,-0.387369474481757,-0.4203281809217936,1.5329796159008087,1.4083857465750418,0.18667971001501488,-0.39766278903484675,1.4228900447659782,0.40012849330508016,0.5240721206037882,-0.6084241122251016,2.333931973766266,-0.5428672782058913,1.0598604447957287,-0.5406045455871974,-0.9343495580178538,-0.5240721206037883,0.0780868809443028,1.3751993237545186,1.3159300427313405,-0.6084241122251017,-0.7083567647223846,-0.4693288678392788,-0.387369474481757,1.1200263797027914,0.9909235661718483,-0.45499476409534845,-0.87387801114738894,0.3820441084950134,-0.9730724341670239,-1.11797345730989,-0.363504680154046,-0.827045779368802
PCSI_0228,-0.6823007577011122,-0.38801900108736664,0.7529714648899841,-0.3761045954303884,-0.8632969120198045,-0.03691014065806186,-0.9233397605923284,0.4331234326706288,-0.34426509679083167,-0.9170939552899384,1.1206771047898163,0.1228881613460787,NA,-0.3080945610919711,0.0780868809443031,0.7378427297799544,-0.40286295622490625,0.7620438406323673,-0.826142411844854,0.4608636742950066,0.05838509925127894,1.6861512103727252,2.63780165956625,2.3932971934118448,1.5329796159008087,1.4083857465750418,0.18667971001501488,2.5667325474067377,-0.6985096583396622,0.40012849330508016,0.5240721206037882,1.6593384878866406,-0.4447601764890343,1.8633552522202215,1.0598604447957287,1.8884131386950045,1.0752678520139891,-0.5240721206037883,0.0780868809443028,1.3751993237545186,1.3159300427313405,1.6593384878866408,1.4429489651752279,-0.4693288678392788,-0.387369474481757,1.1200263797027914,0.9909235661718483,-0.45499476409534845,-0.87387801114738894,0.3820441084950134,1.0469766696733802,3.08371073198372,-0.352032361825161,-0.775711405553061
PCSI_0292,-0.6823007577011122,-0.38801900108736664,2.0528379937526933,-0.3761045954303884,1.2498477681480755,-1.1375034257348182,1.1510125782726286,-0.7218723877843813,-0.34426509679083167,1.3028825564082152,-0.4569284332834014,0.1228881613460787,NA,-0.3080945610919711,0.0780868809443031,2.0603149449046816,-0.40286295622490625,2.105863086478692,1.3858960459927958,0.4608636742950066,1.1222913522745832,1.6861512103727252,-0.387369474481757,-0.4203281809217936,-0.6627291789265504,-0.7204185155291688,0.18667971001501488,-0.39766278903484675,-0.6985096583396622,0.40012849330508016,0.5240721206037882,-0.6084241122251016,-0.4447601764890343,-0.5428672782058913,1.0598604447957287,-0.5406045455871974,-0.9343495580178538,-0.5240721206037883,0.0780868809443028,-0.7325828173271733,1.3159300427313405,-0.6084241122251017,-0.7083567647223846,-0.4693288678392788,-0.387369474481757,1.1200263797027914,0.9909235661718483,-0.45499476409534845,-0.87387801114738894,0.3820441084950134,-0.9730724341670239,-0.650154087043833,4.77552031527016,3.18730225302212
PCSI_0294,0.4422954660474547,-0.38801900108736664,0.7529714648899841,-0.3761045954303884,1.2498477681480755,-1.1375034257348182,0.11383640884015006,-0.7218723877843813,-0.34426509679083167,0.1928943005591384,-0.4569284332834014,0.1228881613460787,NA,-0.3080945610919711,0.0780868809443031,-0.5846294853447727,-0.40286295622490625,-0.5817754052139578,-0.826142411844854,-2.755376435678656,-1.0055211537720252,-0.6182554438033326,-0.387369474481757,-0.4203281809217936,1.5329796159008087,1.4083857465750418,0.18667971001501488,-0.39766278903484675,-0.6985096583396622,0.40012849330508016,0.5240721206037882,-0.6084241122251016,-0.4447601764890343,1.8633552522202215,1.0598604447957287,1.8884131386950045,1.0752678520139891,-0.5240721206037883,0.0780868809443028,-0.7325828173271733,-0.7742639234472536,1.6593384878866408,1.4429489651752279,2.1398214482841693,2.63780165956625,1.1200263797027914,0.9909235661718483,-0.45499476409534845,-0.87387801114738894,0.3820441084950134,1.0469766696733802,1.53252018846994,-0.162261096134848,-0.67304265792158
PCSI_0296,-0.6823007577011122,3.0988366799169142,-0.5468950639727252,2.9580118181146764,1.2498477681480755,1.0636831444186945,1.1510125782726286,1.588119253125639,-0.34426509679083167,1.3028825564082152,-0.4569284332834014,0.1228881613460787,NA,-0.3080945610919711,0.0780868809443031,2.0603149449046816,2.8598296275224824,2.105863086478692,-0.826142411844854,0.4608636742950066,1.1222913522745832,-0.6182554438033326,-0.387369474481757,-0.4203281809217936,1.5329796159008087,-0.7204185155291688,0.18667971001501488,-0.39766278903484675,-0.6985096583396622,0.40012849330508016,0.5240721206037882,-0.6084241122251016,-0.4447601764890343,-0.5428672782058913,-0.9612687755124051,-0.5406045455871974,1.0752678520139891,-0.5240721206037883,0.0780868809443028,-0.7325828173271733,-0.7742639234472536,-0.6084241122251017,-0.7083567647223846,-0.4693288678392788,-0.387369474481757,1.1200263797027914,0.9909235661718483,-0.45499476409534845,-0.87387801114738894,0.3820441084950134,1.0469766696733802,-0.376414579364932,-0.269622875162667,0.09697294931453
PCSI_0297,-0.6823007577011122,-0.38801900108736664,-0.5468950639727252,-0.3761045954303884,-0.8632969120198045,-1.1375034257348182,1.1510125782726286,-0.7218723877843813,-0.34426509679083167,-0.9170939552899384,-0.4569284332834014,0.1228881613460787,NA,-0.3080945610919711,0.0780868809443031,-0.5846294853447727,-0.40286295622490625,-0.5817754052139578,-0.826142411844854,0.4608636742950066,1.1222913522745832,-0.6182554438033326,-0.387369474481757,-0.4203281809217936,-0.6627291789265504,-0.7204185155291688,0.18667971001501488,-0.39766278903484675,1.4228900447659782,0.40012849330508016,0.5240721206037882,-0.6084241122251016,-0.4447601764890343,-0.5428672782058913,-0.9612687755124051,1.8884131386950045,-0.9343495580178538,-0.5240721206037883,0.0780868809443028,-0.7325828173271733,-0.7742639234472536,-0.6084241122251017,-0.7083567647223846,-0.4693288678392788,-0.387369474481757,1.1200263797027914,0.9909235661718483,-0.45499476409534845,-0.87387801114738894,0.3820441084950134,-0.9730724341670239,-0.615393514640163,0.11699425252077,1.18526167420823
PCSI_0347,-0.6823007577011122,-0.38801900108736664,-0.5468950639727252,-0.3761045954303884,1.2498477681480755,1.0636831444186945,1.1510125782726286,-0.7218723877843813,-0.34426509679083167,1.3028825564082152,-0.4569284332834014,0.1228881613460787,NA,-0.3080945610919711,0.0780868809443031,-0.5846294853447727,-0.40286295622490625,-0.5817754052139578,-0.826142411844854,-2.755376435678656,-1.0055211537720252,-0.6182554438033326,-0.387369474481757,-0.4203281809217936,-0.6627291789265504,1.4083857465750418,0.18667971001501488,-0.39766278903484675,-0.6985096583396622,-2.5163636356741708,-1.9315801016539622,-0.6084241122251016,-0.4447601764890343,1.8633552522202215,1.0598604447957287,-0.5406045455871974,-0.9343495580178538,-0.5240721206037883,0.0780868809443028,1.3751993237545186,1.3159300427313405,-0.6084241122251017,-0.7083567647223846,-0.4693288678392788,-0.387369474481757,-0.8984827002011403,-1.0153908147193014,-0.45499476409534845,-0.87387801114738894,0.3820441084950134,1.0469766696733802,-0.668258551837411,-0.252653404301191,-0.288034854303525
PCSI_0352,1.5668916897960217,-0.38801900108736664,-0.5468950639727252,-0.3761045954303884,-0.8632969120198045,1.0636831444186945,1.1510125782726286,-0.7218723877843813,-0.34426509679083167,1.3028825564082152,-0.4569284332834014,0.1228881613460787,NA,-0.3080945610919711,0.0780868809443031,2.0603149449046816,2.8598296275224824,-0.5817754052139578,1.3858960459927958,0.4608636742950066,-1.0055211537720252,-0.6182554438033326,-0.387369474481757,-0.4203281809217936,1.5329796159008087,1.4083857465750418,0.18667971001501488,2.5667325474067377,-0.6985096583396622,0.40012849330508016,0.5240721206037882,-0.6084241122251016,-0.4447601764890343,-0.5428672782058913,-0.9612687755124051,-0.5406045455871974,-0.9343495580178538,1.9315801016539624,0.0780868809443028,-0.7325828173271733,1.3159300427313405,-0.6084241122251017,-0.7083567647223846,-0.4693288678392788,-0.387369474481757,1.1200263797027914,0.9909235661718483,-0.45499476409534845,-0.87387801114738894,0.3820441084950134,1.0469766696733802,-0.548769084199796,-0.391994270670778,-0.329102353356117
PCSI_0360,-0.6823007577011122,-0.38801900108736664,-0.5468950639727252,-0.3761045954303884,-0.8632969120198045,1.0636831444186945,-0.9233397605923284,-0.7218723877843813,-0.34426509679083167,1.3028825564082152,-0.4569284332834014,0.1228881613460787,NA,-0.3080945610919711,0.0780868809443031,-0.5846294853447727,-0.40286295622490625,-0.5817754052139578,-0.826142411844854,0.4608636742950066,-1.0055211537720252,-0.6182554438033326,-0.387369474481757,-0.4203281809217936,-0.6627291789265504,-0.7204185155291688,0.18667971001501488,-0.39766278903484675,-0.6985096583396622,0.40012849330508016,0.5240721206037882,-0.6084241122251016,-0.4447601764890343,-0.5428672782058913,-0.9612687755124051,-0.5406045455871974,1.0752678520139891,-0.5240721206037883,0.0780868809443028,-0.7325828173271733,-0.7742639234472536,-0.6084241122251017,-0.7083567647223846,-0.4693288678392788,-0.387369474481757,1.1200263797027914,0.9909235661718483,-0.45499476409534845,-0.87387801114738894,0.3820441084950134,1.0469766696733802,-0.650154087043833,-0.259775801930374,-1.02211639986862
PCSI_0385,0.4422954660474547,-0.38801900108736664,-0.5468950639727252,1.290953611342144,1.2498477681480755,-0.03691014065806186,1.1510125782726286,0.4331234326706288,-0.34426509679083167,0.1928943005591384,-0.4569284332834014,0.1228881613460787,NA,1.8887536136507792,0.0780868809443031,0.7378427297799544,-0.40286295622490625,-0.5817754052139578,1.3858960459927958,0.4608636742950066,1.1222913522745832,1.6861512103727252,-0.387369474481757,-0.4203281809217936,-0.6627291789265504,1.4083857465750418,0.18667971001501488,-0.39766278903484675,-0.6985096583396622,0.40012849330508016,0.5240721206037882,-0.6084241122251016,-0.4447601764890343,-0.5428672782058913,-0.9612687755124051,1.8884131386950045,-0.9343495580178538,-0.5240721206037883,0.0780868809443028,-0.7325828173271733,-0.7742639234472536,1.6593384878866408,1.4429489651752279,-0.4693288678392788,-0.387369474481757,1.1200263797027914,0.9909235661718483,-0.45499476409534845,-0.87387801114738894,0.3820441084950134,1.0469766696733802,1.15594732076352,-0.154134870651888,-0.200766418816766
PCSI_0391,-0.6823007577011122,-0.38801900108736664,2.0528379937526933,-0.3761045954303884,1.2498477681480755,1.0636831444186945,-0.9233397605923284,-0.7218723877843813,-0.34426509679083167,1.3028825564082152,-0.4569284332834014,0.1228881613460787,NA,-0.3080945610919711,0.0780868809443031,-0.5846294853447727,-0.40286295622490625,-0.5817754052139578,-0.826142411844854,0.4608636742950066,1.1222913522745832,-0.6182554438033326,2.63780165956625,-0.4203281809217936,-0.6627291789265504,-0.7204185155291688,0.18667971001501488,-0.39766278903484675,-0.6985096583396622,0.40012849330508016,0.5240721206037882,-0.6084241122251016,-0.4447601764890343,-0.5428672782058913,-0.9612687755124051,-0.5406045455871974,-0.9343495580178538,-0.5240721206037883,0.0780868809443028,-0.7325828173271733,-0.7742639234472536,-0.6084241122251017,-0.7083567647223846,-0.4693288678392788,-0.387369474481757,-0.8984827002011403,-1.0153908147193014,-0.45499476409534845,-0.87387801114738894,0.3820441084950134,1.0469766696733802,-0.470557796291538,-0.343332520425756,-0.909180777473987
PCSI_0410,-0.6823007577011122,3.0988366799169142,2.0528379937526933,2.9580118181146764,-0.8632969120198045,-1.1375034257348182,-0.9233397605923284,-0.7218723877843813,-0.34426509679083167,-0.9170939552899384,-0.4569284332834014,0.1228881613460787,NA,-0.3080945610919711,0.0780868809443031,2.0603149449046816,-0.40286295622490625,0.7620438406323673,1.3858960459927958,0.4608636742950066,0.05838509925127894,1.6861512103727252,2.63780165956625,-0.4203281809217936,1.5329796159008087,1.4083857465750418,0.18667971001501488,2.5667325474067377,-0.6985096583396622,0.40012849330508016,-1.9315801016539622,1.6593384878866406,1.639258936202441,-0.5428672782058913,-0.9612687755124051,1.8884131386950045,0.5728634995060283,-0.5240721206037883,0.0780868809443028,-0.7325828173271733,-0.25171543190260504,1.6593384878866408,-0.7083567647223846,-0.4693288678392788,-0.387369474481757,1.1200263797027914,-1.0153908147193014,-0.45499476409534845,1.1589729651387355,0.3820441084950134,1.0469766696733802,1.08823662243554,-0.137452207748634,0.861855119169066
PCSI_0449,-0.6823007577011122,-0.38801900108736664,-0.5468950639727252,-0.3761045954303884,1.2498477681480755,-1.1375034257348182,1.1510125782726286,-0.7218723877843813,-0.34426509679083167,1.3028825564082152,-0.4569284332834014,0.1228881613460787,NA,-0.3080945610919711,0.0780868809443031,-0.5846294853447727,-0.40286295622490625,-0.5817754052139578,1.3858960459927958,0.4608636742950066,-1.0055211537720252,-0.6182554438033326,-0.387369474481757,-0.4203281809217936,-0.6627291789265504,-0.7204185155291688,0.18667971001501488,-0.39766278903484675,1.4228900447659782,0.40012849330508016,0.5240721206037882,-0.6084241122251016,-0.4447601764890343,1.8633552522202215,1.0598604447957287,-0.5406045455871974,-0.9343495580178538,-0.5240721206037883,0.0780868809443028,-0.7325828173271733,-0.7742639234472536,1.6593384878866408,1.4429489651752279,-0.4693288678392788,-0.387369474481757,-0.8984827002011403,-1.0153908147193014,-0.45499476409534845,1.1589729651387355,0.3820441084950134,1.0469766696733802,-0.453177510089703,-0.383963647840558,-0.67304265792158
PCSI_0463,-0.6823007577011122,-0.38801900108736664,-0.5468950639727252,-0.3761045954303884,1.2498477681480755,-1.1375034257348182,-0.9233397605923284,-0.7218723877843813,-0.34426509679083167,-0.9170939552899384,2.6982826428630338,0.1228881613460787,NA,4.08560178839353,0.0780868809443031,-0.5846294853447727,-0.40286295622490625,-0.5817754052139578,1.3858960459927958,0.4608636742950066,-1.0055211537720252,-0.6182554438033326,-0.387369474481757,-0.4203281809217936,-0.6627291789265504,-0.7204185155291688,0.18667971001501488,-0.39766278903484675,-0.6985096583396622,0.40012849330508016,0.5240721206037882,-0.6084241122251016,-0.4447601764890343,-0.5428672782058913,-0.9612687755124051,-0.5406045455871974,1.0752678520139891,-0.5240721206037883,0.0780868809443028,-0.7325828173271733,-0.7742639234472536,-0.6084241122251017,-0.7083567647223846,-0.4693288678392788,-0.387369474481757,1.1200263797027914,0.9909235661718483,-0.45499476409534845,-0.87387801114738894,0.3820441084950134,1.0469766696733802,-0.78629966229154,-0.437023120111653,-0.580640785053247
PCSI_0465,-0.6823007577011122,-0.38801900108736664,-0.5468950639727252,-0.3761045954303884,1.2498477681480755,1.0636831444186945,-0.9233397605923284,-0.7218723877843813,-0.34426509679083167,-0.9170939552899384,2.6982826428630338,0.1228881613460787,NA,-0.3080945610919711,0.0780868809443031,-0.5846294853447727,2.8598296275224824,2.105863086478692,-0.826142411844854,0.4608636742950066,1.1222913522745832,1.6861512103727252,2.63780165956625,-0.4203281809217936,-0.6627291789265504,-0.7204185155291688,0.18667971001501488,-0.39766278903484675,-0.6985096583396622,-2.5163636356741708,-1.9315801016539622,-0.6084241122251016,-0.4447601764890343,-0.5428672782058913,-0.9612687755124051,-0.5406045455871974,1.0752678520139891,-0.5240721206037883,0.0780868809443028,-0.7325828173271733,-0.7742639234472536,-0.6084241122251017,-0.7083567647223846,2.1398214482841693,2.63780165956625,-0.8984827002011403,0.9909235661718483,-0.45499476409534845,1.1589729651387355,-2.6015384530850914,-0.9730724341670239,-0.624083657741081,-0.246200225241193,-0.827045779368802
PCSI_0467,-0.6823007577011122,-0.38801900108736664,-0.5468950639727252,-0.3761045954303884,1.2498477681480755,1.0636831444186945,1.1510125782726286,-0.7218723877843813,-0.34426509679083167,-0.9170939552899384,-0.4569284332834014,0.1228881613460787,NA,-0.3080945610919711,0.0780868809443031,-0.5846294853447727,-0.40286295622490625,-0.5817754052139578,-0.826142411844854,0.4608636742950066,1.1222913522745832,1.6861512103727252,2.63780165956625,-0.4203281809217936,1.5329796159008087,1.4083857465750418,0.18667971001501488,-0.39766278903484675,1.4228900447659782,0.40012849330508016,0.5240721206037882,-0.6084241122251016,-0.4447601764890343,-0.5428672782058913,-0.9612687755124051,1.8884131386950045,-0.9343495580178538,-0.5240721206037883,0.0780868809443028,1.3751993237545186,-0.7742639234472536,-0.6084241122251017,-0.7083567647223846,-0.4693288678392788,2.63780165956625,1.1200263797027914,0.9909235661718483,-0.45499476409534845,1.1589729651387355,0.3820441084950134,-0.9730724341670239,-0.858717521465853,-0.145817439863446,-0.0878307964221364
PCSI_0468,-0.6823007577011122,-0.38801900108736664,-0.5468950639727252,-0.3761045954303884,-0.8632969120198045,-1.1375034257348182,1.1510125782726286,-0.7218723877843813,-0.34426509679083167,-0.9170939552899384,-0.4569284332834014,0.1228881613460787,NA,-0.3080945610919711,0.0780868809443031,-0.5846294853447727,-0.40286295622490625,-0.5817754052139578,1.3858960459927958,0.4608636742950066,-1.0055211537720252,-0.6182554438033326,-0.387369474481757,2.3932971934118448,-0.6627291789265504,-0.7204185155291688,0.18667971001501488,-0.39766278903484675,1.4228900447659782,0.40012849330508016,0.5240721206037882,1.6593384878866406,-0.4447601764890343,-0.5428672782058913,-0.9612687755124051,-0.5406045455871974,-0.9343495580178538,-0.5240721206037883,0.0780868809443028,1.3751993237545186,-0.7742639234472536,1.6593384878866408,1.4429489651752279,-0.4693288678392788,-0.387369474481757,-0.8984827002011403,-1.0153908147193014,-0.45499476409534845,-0.87387801114738894,0.3820441084950134,1.0469766696733802,-0.767471018906219,0.0684281049284887,-0.0467632973695439
PCSI_0469,-0.6823007577011122,-0.38801900108736664,-0.5468950639727252,-0.3761045954303884,-0.8632969120198045,1.0636831444186945,-0.9233397605923284,-0.7218723877843813,-0.34426509679083167,-0.9170939552899384,-0.4569284332834014,0.1228881613460787,NA,-0.3080945610919711,0.0780868809443031,-0.5846294853447727,-0.40286295622490625,2.105863086478692,1.3858960459927958,0.4608636742950066,1.1222913522745832,-0.6182554438033326,-0.387369474481757,-0.4203281809217936,-0.6627291789265504,1.4083857465750418,0.18667971001501488,-0.39766278903484675,-0.6985096583396622,-2.5163636356741708,-1.9315801016539622,-0.6084241122251016,-0.4447601764890343,-0.5428672782058913,1.0598604447957287,-0.5406045455871974,-0.9343495580178538,-0.5240721206037883,0.0780868809443028,-0.7325828173271733,-0.7742639234472536,-0.6084241122251017,-0.7083567647223846,-0.4693288678392788,-0.387369474481757,1.1200263797027914,0.9909235661718483,2.25842855632782,-0.87387801114738894,0.3820441084950134,-0.9730724341670239,-0.535733869548419,-0.236066344050678,-0.488238912184913
PCSI_0472,1.5668916897960217,-0.38801900108736664,-0.5468950639727252,-0.3761045954303884,1.2498477681480755,-1.1375034257348182,1.1510125782726286,-0.7218723877843813,-0.34426509679083167,1.3028825564082152,-0.4569284332834014,0.1228881613460787,NA,-0.3080945610919711,0.0780868809443031,-0.5846294853447727,-0.40286295622490625,-0.5817754052139578,1.3858960459927958,0.4608636742950066,1.1222913522745832,-0.6182554438033326,-0.387369474481757,-0.4203281809217936,-0.6627291789265504,-0.7204185155291688,0.18667971001501488,-0.39766278903484675,1.4228900447659782,0.40012849330508016,0.5240721206037882,-0.6084241122251016,-0.4447601764890343,-0.5428672782058913,1.0598604447957287,-0.5406045455871974,-0.9343495580178538,-0.5240721206037883,0.0780868809443028,1.3751993237545186,1.3159300427313405,1.6593384878866408,1.4429489651752279,2.1398214482841693,2.63780165956625,-0.8984827002011403,0.9909235661718483,-0.45499476409534845,1.1589729651387355,0.3820441084950134,-0.9730724341670239,-0.838440520897045,0.492712677791767,2.9922316325223
PCSI_0588,0.4422954660474547,1.3554088394147739,-0.5468950639727252,-0.3761045954303884,-0.8632969120198045,-0.03691014065806186,-0.9233397605923284,0.4331234326706288,-0.34426509679083167,-0.9170939552899384,-0.4569284332834014,0.1228881613460787,NA,-0.3080945610919711,0.0780868809443031,0.7378427297799544,1.228483335648788,2.105863086478692,0.279876817073971,0.4608636742950066,-1.0055211537720252,-0.6182554438033326,-0.387369474481757,-0.4203281809217936,1.5329796159008087,-0.7204185155291688,0.18667971001501488,-0.39766278903484675,1.4228900447659782,0.40012849330508016,0.5240721206037882,-0.6084241122251016,-0.4447601764890343,-0.5428672782058913,-0.9612687755124051,-0.5406045455871974,1.0752678520139891,-0.5240721206037883,0.0780868809443028,1.3751993237545186,1.3159300427313405,-0.6084241122251017,-0.7083567647223846,2.1398214482841693,-0.387369474481757,-0.8984827002011403,0.9909235661718483,-0.45499476409534845,-0.87387801114738894,0.3820441084950134,1.0469766696733802,1.1269801770938,0.222348375841034,-0.714110156974172
PCSI_0590,-0.6823007577011122,-0.38801900108736664,-0.5468950639727252,-0.3761045954303884,-0.8632969120198045,-1.1375034257348182,-0.9233397605923284,-0.7218723877843813,-0.34426509679083167,-0.9170939552899384,-0.4569284332834014,0.1228881613460787,NA,-0.3080945610919711,0.0780868809443031,-0.5846294853447727,-0.40286295622490625,-0.5817754052139578,1.3858960459927958,0.4608636742950066,1.1222913522745832,1.6861512103727252,2.63780165956625,-0.4203281809217936,1.5329796159008087,1.4083857465750418,0.18667971001501488,-0.39766278903484675,-0.6985096583396622,0.40012849330508016,0.5240721206037882,1.6593384878866406,-0.4447601764890343,1.8633552522202215,1.0598604447957287,-0.5406045455871974,-0.9343495580178538,-0.5240721206037883,0.0780868809443028,1.3751993237545186,-0.7742639234472536,-0.6084241122251017,-0.7083567647223846,-0.4693288678392788,-0.387369474481757,-0.8984827002011403,0.9909235661718483,2.25842855632782,-0.87387801114738894,0.3820441084950134,-0.9730724341670239,-0.537182226731906,-0.368699090952958,-0.645664325219852
PCSI_0592,-0.6823007577011122,-0.38801900108736664,-0.5468950639727252,-0.3761045954303884,-0.8632969120198045,1.0636831444186945,-0.9233397605923284,1.588119253125639,-0.34426509679083167,-0.9170939552899384,-0.4569284332834014,0.1228881613460787,NA,-0.3080945610919711,0.0780868809443031,-0.5846294853447727,-0.40286295622490625,-0.5817754052139578,-0.826142411844854,0.4608636742950066,-1.0055211537720252,-0.6182554438033326,-0.387369474481757,-0.4203281809217936,-0.6627291789265504,-0.7204185155291688,0.18667971001501488,-0.39766278903484675,1.4228900447659782,0.40012849330508016,0.5240721206037882,-0.6084241122251016,-0.4447601764890343,-0.5428672782058913,-0.9612687755124051,-0.5406045455871974,1.0752678520139891,-0.5240721206037883,0.0780868809443028,-0.7325828173271733,-0.7742639234472536,-0.6084241122251017,-0.7083567647223846,-0.4693288678392788,-0.387369474481757,1.1200263797027914,0.9909235661718483,-0.45499476409534845,-0.87387801114738894,0.3820441084950134,-0.9730724341670239,-0.746469839745669,-0.163647334599589,-0.498505786948062
PCSI_0593,0.4422954660474547,1.3554088394147739,0.7529714648899841,1.290953611342144,-0.8632969120198045,-0.03691014065806186,-0.9233397605923284,-0.7218723877843813,-0.34426509679083167,0.1928943005591384,-0.4569284332834014,0.1228881613460787,NA,-0.3080945610919711,0.0780868809443031,-0.5846294853447727,-0.40286295622490625,0.7620438406323673,1.3858960459927958,-1.1472563806918248,-1.0055211537720252,-0.6182554438033326,-0.387369474481757,-0.4203281809217936,-0.6627291789265504,1.4083857465750418,0.18667971001501488,2.5667325474067377,-0.6985096583396622,0.40012849330508016,0.5240721206037882,-0.6084241122251016,-0.4447601764890343,-0.5428672782058913,1.0598604447957287,-0.5406045455871974,-0.9343495580178538,-0.5240721206037883,0.0780868809443028,-0.7325828173271733,-0.7742639234472536,1.6593384878866408,-0.7083567647223846,-0.4693288678392788,-0.387369474481757,1.1200263797027914,0.9909235661718483,-0.45499476409534845,1.1589729651387355,0.3820441084950134,1.0469766696733802,1.2631257523415,-0.19744287234343,0.09697294931453
PCSI_0594,1.5668916897960217,3.0988366799169142,0.7529714648899841,1.290953611342144,-0.8632969120198045,-1.1375034257348182,1.1510125782726286,1.588119253125639,-0.34426509679083167,0.1928943005591384,-0.4569284332834014,0.1228881613460787,NA,1.8887536136507792,0.0780868809443031,-0.5846294853447727,1.228483335648788,0.7620438406323673,1.3858960459927958,0.4608636742950066,0.05838509925127894,-0.6182554438033326,-0.387369474481757,-0.4203281809217936,-0.6627291789265504,1.4083857465750418,0.18667971001501488,-0.39766278903484675,-0.6985096583396622,0.40012849330508016,0.5240721206037882,-0.6084241122251016,2.333931973766266,1.8633552522202215,1.0598604447957287,-0.5406045455871974,-0.9343495580178538,-0.5240721206037883,0.0780868809443028,1.3751993237545186,-0.7742639234472536,-0.6084241122251017,-0.7083567647223846,2.1398214482841693,-0.387369474481757,1.1200263797027914,-1.0153908147193014,-0.45499476409534845,1.1589729651387355,0.3820441084950134,-0.9730724341670239,1.25009053769013,0.465465921760664,0.353644818393233
PCSI_0602,-0.6823007577011122,3.0988366799169142,2.0528379937526933,-0.3761045954303884,1.2498477681480755,1.0636831444186945,-0.9233397605923284,1.588119253125639,-0.34426509679083167,1.3028825564082152,-0.4569284332834014,0.1228881613460787,NA,-0.3080945610919711,0.0780868809443031,2.0603149449046816,-0.40286295622490625,2.105863086478692,1.3858960459927958,0.4608636742950066,-1.0055211537720252,-0.6182554438033326,-0.387369474481757,-0.4203281809217936,-0.6627291789265504,-0.7204185155291688,-5.9364147784774675,-0.39766278903484675,-0.6985096583396622,0.40012849330508016,-1.9315801016539622,-0.6084241122251016,-0.4447601764890343,-0.5428672782058913,-0.9612687755124051,-0.5406045455871974,-0.9343495580178538,-0.5240721206037883,0.0780868809443028,-0.7325828173271733,-0.7742639234472536,-0.6084241122251017,-0.7083567647223846,-0.4693288678392788,-0.387369474481757,-0.8984827002011403,-1.0153908147193014,-0.45499476409534845,-0.87387801114738894,-2.6015384530850914,-0.9730724341670239,-1.50275368238941,-0.271056914953778,0.028527117560209
PCSI_0608,1.5668916897960217,-0.38801900108736664,-0.5468950639727252,-0.3761045954303884,-0.8632969120198045,-0.03691014065806186,0.11383640884015006,-0.7218723877843813,-0.34426509679083167,-0.9170939552899384,1.1206771047898163,0.1228881613460787,NA,-0.3080945610919711,0.0780868809443031,2.0603149449046816,-0.40286295622490625,2.105863086478692,1.3858960459927958,0.4608636742950066,0.05838509925127894,-0.6182554438033326,-0.387369474481757,-0.4203281809217936,-0.6627291789265504,-0.7204185155291688,0.18667971001501488,2.5667325474067377,-0.6985096583396622,0.40012849330508016,0.5240721206037882,1.6593384878866406,2.333931973766266,-0.5428672782058913,-0.9612687755124051,-0.5406045455871974,1.0752678520139891,-0.5240721206037883,0.0780868809443028,-0.7325828173271733,-0.7742639234472536,1.6593384878866408,1.4429489651752279,-0.4693288678392788,-0.387369474481757,-0.8984827002011403,-1.0153908147193014,2.25842855632782,-0.87387801114738894,0.3820441084950134,1.0469766696733802,1.34278539743325,0.13305549818121,-0.580640785053247
PCSI_0610,-0.6823007577011122,1.3554088394147739,-0.5468950639727252,-0.3761045954303884,-0.8632969120198045,-0.03691014065806186,1.1510125782726286,0.4331234326706288,3.298281733770226,0.1928943005591384,1.1206771047898163,0.1228881613460787,NA,-0.3080945610919711,0.0780868809443031,-0.5846294853447727,-0.40286295622490625,0.7620438406323673,0.279876817073971,0.4608636742950066,0.05838509925127894,-0.6182554438033326,-0.387369474481757,-0.4203281809217936,-0.6627291789265504,-0.7204185155291688,0.18667971001501488,-0.39766278903484675,1.4228900447659782,0.40012849330508016,0.5240721206037882,-0.6084241122251016,-0.4447601764890343,-0.5428672782058913,1.0598604447957287,-0.5406045455871974,-0.9343495580178538,1.9315801016539624,0.0780868809443028,1.3751993237545186,-0.7742639234472536,-0.6084241122251017,-0.7083567647223846,-0.4693288678392788,-0.387369474481757,1.1200263797027914,0.9909235661718483,-0.45499476409534845,1.1589729651387355,0.3820441084950134,-0.9730724341670239,3.69926253496537,0.158868214421202,-0.365036415027136
PCSI_0611,-0.6823007577011122,3.0988366799169142,-0.5468950639727252,-0.3761045954303884,-0.8632969120198045,-1.1375034257348182,1.1510125782726286,-0.7218723877843813,-0.34426509679083167,1.3028825564082152,-0.4569284332834014,0.1228881613460787,NA,-0.3080945610919711,0.0780868809443031,-0.5846294853447727,-0.40286295622490625,-0.5817754052139578,-0.826142411844854,0.4608636742950066,-1.0055211537720252,-0.6182554438033326,-0.387369474481757,2.3932971934118448,1.5329796159008087,1.4083857465750418,0.18667971001501488,-0.39766278903484675,-0.6985096583396622,0.40012849330508016,0.5240721206037882,1.6593384878866406,2.333931973766266,-0.5428672782058913,-0.9612687755124051,-0.5406045455871974,-0.9343495580178538,-0.5240721206037883,0.0780868809443028,1.3751993237545186,1.3159300427313405,-0.6084241122251017,-0.7083567647223846,-0.4693288678392788,-0.387369474481757,1.1200263797027914,0.9909235661718483,-0.45499476409534845,1.1589729651387355,0.3820441084950134,1.0469766696733802,1.1153933196259,-0.355378454671086,-0.0262295478432476
PCSI_0613,1.5668916897960217,-0.38801900108736664,-0.5468950639727252,2.9580118181146764,-0.8632969120198045,-1.1375034257348182,1.1510125782726286,-0.7218723877843813,1.4770083184896974,0.1928943005591384,1.1206771047898163,0.1228881613460787,NA,-0.3080945610919711,0.0780868809443031,0.7378427297799544,-0.40286295622490625,0.7620438406323673,-0.826142411844854,-1.1472563806918248,-1.0055211537720252,1.6861512103727252,-0.387369474481757,-0.4203281809217936,1.5329796159008087,1.4083857465750418,0.18667971001501488,-0.39766278903484675,1.4228900447659782,0.40012849330508016,0.5240721206037882,-0.6084241122251016,-0.4447601764890343,-0.5428672782058913,-0.9612687755124051,-0.5406045455871974,-0.9343495580178538,-0.5240721206037883,0.0780868809443028,-0.7325828173271733,1.3159300427313405,-0.6084241122251017,-0.7083567647223846,-0.4693288678392788,-0.387369474481757,-0.8984827002011403,-1.0153908147193014,-0.45499476409534845,1.1589729651387355,0.3820441084950134,-0.9730724341670239,1.14291210611214,-0.0565245622036213,-0.0467632973695439
PCSI_0629,1.5668916897960217,-0.38801900108736664,-0.5468950639727252,-0.3761045954303884,-0.8632969120198045,1.0636831444186945,-0.9233397605923284,-0.7218723877843813,-0.34426509679083167,1.3028825564082152,-0.4569284332834014,0.1228881613460787,NA,-0.3080945610919711,0.0780868809443031,-0.5846294853447727,-0.40286295622490625,-0.5817754052139578,1.3858960459927958,0.4608636742950066,1.1222913522745832,-0.6182554438033326,-0.387369474481757,2.3932971934118448,1.5329796159008087,1.4083857465750418,0.18667971001501488,-0.39766278903484675,1.4228900447659782,0.40012849330508016,0.5240721206037882,-0.6084241122251016,-0.4447601764890343,1.8633552522202215,1.0598604447957287,-0.5406045455871974,1.0752678520139891,1.9315801016539624,0.0780868809443028,-0.7325828173271733,-0.7742639234472536,-0.6084241122251017,1.4429489651752279,-0.4693288678392788,-0.387369474481757,-0.8984827002011403,-1.0153908147193014,-0.45499476409534845,1.1589729651387355,0.3820441084950134,-0.9730724341670239,-0.579184585053007,0.134871948583283,-0.50877266171121
PCSI_0633,-0.6823007577011122,1.3554088394147739,-0.5468950639727252,-0.3761045954303884,1.2498477681480755,-1.1375034257348182,-0.9233397605923284,-0.7218723877843813,-0.34426509679083167,-0.9170939552899384,-0.4569284332834014,0.1228881613460787,NA,-0.3080945610919711,0.0780868809443031,-0.5846294853447727,-0.40286295622490625,2.105863086478692,0.8328864315333835,0.4608636742950066,-0.47356802726037317,0.5339478832846962,1.1252160925422465,-0.4203281809217936,-0.6627291789265504,-0.7204185155291688,-2.8748675342312264,-0.39766278903484675,-0.6985096583396622,0.40012849330508016,0.5240721206037882,0.5254571878307696,0.9445858986386159,-0.5428672782058913,-0.9612687755124051,1.8884131386950045,-0.9343495580178538,-0.5240721206037883,0.0780868809443028,-0.7325828173271733,0.27083305964204346,0.5254571878307696,0.3672961002264216,-0.4693288678392788,-0.387369474481757,-0.8984827002011403,0.9909235661718483,2.25842855632782,0.14254747699567338,0.3820441084950134,1.0469766696733802,1.15247126352315,0.246956498656493,0.0312649508303819
PCSI_0636,1.5668916897960217,-0.38801900108736664,-0.5468950639727252,-0.3761045954303884,-0.8632969120198045,1.0636831444186945,1.1510125782726286,-0.7218723877843813,-0.34426509679083167,1.3028825564082152,-0.4569284332834014,0.1228881613460787,NA,-0.3080945610919711,0.0780868809443031,2.0603149449046816,-0.40286295622490625,-0.5817754052139578,1.3858960459927958,0.4608636742950066,1.1222913522745832,1.6861512103727252,-0.387369474481757,2.3932971934118448,-0.6627291789265504,-0.7204185155291688,0.18667971001501488,-0.39766278903484675,1.4228900447659782,0.40012849330508016,0.5240721206037882,-0.6084241122251016,-0.4447601764890343,1.8633552522202215,1.0598604447957287,1.8884131386950045,-0.9343495580178538,-0.5240721206037883,0.0780868809443028,-0.7325828173271733,1.3159300427313405,-0.6084241122251017,1.4429489651752279,2.1398214482841693,-0.387369474481757,-0.8984827002011403,0.9909235661718483,-0.45499476409534845,1.1589729651387355,0.3820441084950134,1.0469766696733802,-0.868856021750257,-0.199354925398244,2.24274977481249
PCSI_0639,-0.6823007577011122,-0.38801900108736664,-0.5468950639727252,-0.3761045954303884,1.2498477681480755,-1.1375034257348182,-0.9233397605923284,-0.7218723877843813,-0.34426509679083167,-0.9170939552899384,-0.4569284332834014,0.1228881613460787,NA,-0.3080945610919711,0.0780868809443031,-0.5846294853447727,-0.40286295622490625,-0.5817754052139578,-0.826142411844854,0.4608636742950066,-1.0055211537720252,1.6861512103727252,-0.387369474481757,-0.4203281809217936,1.5329796159008087,1.4083857465750418,0.18667971001501488,-0.39766278903484675,1.4228900447659782,0.40012849330508016,0.5240721206037882,-0.6084241122251016,-0.4447601764890343,-0.5428672782058913,-0.9612687755124051,-0.5406045455871974,1.0752678520139891,-0.5240721206037883,0.0780868809443028,-0.7325828173271733,-0.7742639234472536,-0.6084241122251017,-0.7083567647223846,-0.4693288678392788,-0.387369474481757,1.1200263797027914,0.9909235661718483,-0.45499476409534845,1.1589729651387355,0.3820441084950134,-0.9730724341670239,1.98295927253417,-0.389986614963223,-0.303435166448247
PCSI_0642,-0.6823007577011122,-0.38801900108736664,-0.5468950639727252,-0.3761045954303884,-0.8632969120198045,1.0636831444186945,-0.9233397605923284,-0.7218723877843813,-0.34426509679083167,-0.9170939552899384,-0.4569284332834014,0.1228881613460787,NA,-0.3080945610919711,0.0780868809443031,-0.5846294853447727,-0.40286295622490625,-0.5817754052139578,1.3858960459927958,0.4608636742950066,-1.0055211537720252,-0.6182554438033326,-0.387369474481757,-0.4203281809217936,-0.6627291789265504,-0.7204185155291688,0.18667971001501488,-0.39766278903484675,1.4228900447659782,0.40012849330508016,-1.9315801016539622,-0.6084241122251016,-0.4447601764890343,-0.5428672782058913,-0.9612687755124051,-0.5406045455871974,-0.9343495580178538,1.9315801016539624,0.0780868809443028,1.3751993237545186,-0.7742639234472536,-0.6084241122251017,-0.7083567647223846,-0.4693288678392788,-0.387369474481757,1.1200263797027914,0.9909235661718483,-0.45499476409534845,1.1589729651387355,0.3820441084950134,-0.9730724341670239,-0.753349536367228,0.511474698392131,-0.354769540263988
PCSI_0645,1.5668916897960217,-0.38801900108736664,2.0528379937526933,1.290953611342144,-0.8632969120198045,-0.03691014065806186,1.1510125782726286,0.4331234326706288,1.4770083184896974,0.1928943005591384,1.1206771047898163,0.1228881613460787,NA,1.8887536136507792,0.0780868809443031,-0.5846294853447727,1.228483335648788,0.7620438406323673,-0.826142411844854,-1.1472563806918248,-1.0055211537720252,-0.6182554438033326,-0.387369474481757,-0.4203281809217936,-0.6627291789265504,-0.7204185155291688,0.18667971001501488,-0.39766278903484675,1.4228900447659782,0.40012849330508016,0.5240721206037882,-0.6084241122251016,-0.4447601764890343,-0.5428672782058913,1.0598604447957287,-0.5406045455871974,-0.9343495580178538,-0.5240721206037883,0.0780868809443028,-0.7325828173271733,-0.7742639234472536,-0.6084241122251017,-0.7083567647223846,-0.4693288678392788,-0.387369474481757,-0.8984827002011403,0.9909235661718483,-0.45499476409534845,-0.87387801114738894,0.3820441084950134,1.0469766696733802,1.33554361151581,0.0523668592680492,-0.334235790737692
PCSI_0653,0.4422954660474547,-0.38801900108736664,-0.5468950639727252,-0.3761045954303884,-0.8632969120198045,-0.03691014065806186,1.1510125782726286,1.588119253125639,-0.34426509679083167,1.3028825564082152,1.1206771047898163,0.1228881613460787,NA,1.8887536136507792,0.0780868809443031,2.0603149449046816,1.228483335648788,-0.5817754052139578,-0.826142411844854,-1.1472563806918248,-1.0055211537720252,-0.6182554438033326,-0.387369474481757,-0.4203281809217936,-0.6627291789265504,-0.7204185155291688,0.18667971001501488,-0.39766278903484675,-0.6985096583396622,0.40012849330508016,0.5240721206037882,1.6593384878866406,2.333931973766266,-0.5428672782058913,-0.9612687755124051,-0.5406045455871974,-0.9343495580178538,-0.5240721206037883,0.0780868809443028,-0.7325828173271733,-0.7742639234472536,1.6593384878866408,1.4429489651752279,2.1398214482841693,-0.387369474481757,-0.8984827002011403,-1.0153908147193014,-0.45499476409534845,-0.87387801114738894,0.3820441084950134,1.0469766696733802,1.17332760696535,-0.210158025157945,0.209908571709159
PCSI_0676,-0.6823007577011122,-0.38801900108736664,-0.5468950639727252,-0.3761045954303884,-0.8632969120198045,-1.1375034257348182,1.1510125782726286,-0.7218723877843813,-0.34426509679083167,1.3028825564082152,-0.4569284332834014,-8.83429337676813,NA,-0.3080945610919711,0.0780868809443031,2.0603149449046816,-0.40286295622490625,-0.5817754052139578,-0.826142411844854,0.4608636742950066,-1.0055211537720252,-0.6182554438033326,-0.387369474481757,-0.4203281809217936,-0.6627291789265504,-0.7204185155291688,0.18667971001501488,-0.39766278903484675,-0.6985096583396622,0.40012849330508016,0.5240721206037882,-0.6084241122251016,-0.4447601764890343,-0.5428672782058913,-0.9612687755124051,-0.5406045455871974,-0.9343495580178538,1.9315801016539624,0.0780868809443028,1.3751993237545186,1.3159300427313405,-0.6084241122251017,-0.7083567647223846,-0.4693288678392788,-0.387369474481757,-0.8984827002011403,-1.0153908147193014,-0.45499476409534845,1.1589729651387355,0.3820441084950134,-0.9730724341670239,-0.696501516915393,0.0546613229338262,-0.18023266929047
PCSI_0677,-0.6823007577011122,-0.38801900108736664,-0.5468950639727252,-0.3761045954303884,-0.8632969120198045,-1.1375034257348182,-0.9233397605923284,-0.7218723877843813,-0.34426509679083167,-0.9170939552899384,-0.4569284332834014,0.1228881613460787,NA,-0.3080945610919711,0.0780868809443031,-0.5846294853447727,-0.40286295622490625,-0.5817754052139578,1.3858960459927958,0.4608636742950066,-1.0055211537720252,1.6861512103727252,-0.387369474481757,-0.4203281809217936,1.5329796159008087,1.4083857465750418,0.18667971001501488,-0.39766278903484675,1.4228900447659782,-2.5163636356741708,-1.9315801016539622,-0.6084241122251016,-0.4447601764890343,-0.5428672782058913,-0.9612687755124051,1.8884131386950045,-0.9343495580178538,-0.5240721206037883,0.0780868809443028,-0.7325828173271733,-0.7742639234472536,-0.6084241122251017,-0.7083567647223846,-0.4693288678392788,-0.387369474481757,1.1200263797027914,0.9909235661718483,-0.45499476409534845,-0.87387801114738894,0.3820441084950134,-0.9730724341670239,-0.676224516346585,0.0693841314558958,3.15650162873267
PCSI_0694,1.5668916897960217,-0.38801900108736664,-0.5468950639727252,-0.3761045954303884,-0.8632969120198045,1.0636831444186945,1.1510125782726286,1.588119253125639,-0.34426509679083167,-0.9170939552899384,-0.4569284332834014,0.1228881613460787,NA,-0.3080945610919711,0.0780868809443031,-0.5846294853447727,-0.40286295622490625,-0.5817754052139578,1.3858960459927958,0.4608636742950066,-1.0055211537720252,-0.6182554438033326,-0.387369474481757,-0.4203281809217936,-0.6627291789265504,1.4083857465750418,0.18667971001501488,-0.39766278903484675,-0.6985096583396622,0.40012849330508016,0.5240721206037882,1.6593384878866406,-0.4447601764890343,-0.5428672782058913,-0.9612687755124051,-0.5406045455871974,1.0752678520139891,-0.5240721206037883,0.0780868809443028,-0.7325828173271733,-0.7742639234472536,-0.6084241122251017,-0.7083567647223846,-0.4693288678392788,-0.387369474481757,-0.8984827002011403,-1.0153908147193014,-0.45499476409534845,1.1589729651387355,0.3820441084950134,1.0469766696733802,-0.593668156887869,-0.344288546953163,-0.549840160763802
PCSI_0710,-0.6823007577011122,-0.38801900108736664,-0.5468950639727252,-0.3761045954303884,-0.8632969120198045,1.0636831444186945,-0.9233397605923284,-0.7218723877843813,-0.34426509679083167,1.3028825564082152,-0.4569284332834014,0.1228881613460787,NA,-0.3080945610919711,0.0780868809443031,-0.5846294853447727,-0.40286295622490625,-0.5817754052139578,1.3858960459927958,0.4608636742950066,1.1222913522745832,-0.6182554438033326,-0.387369474481757,2.3932971934118448,-0.6627291789265504,-0.7204185155291688,0.18667971001501488,-0.39766278903484675,-0.6985096583396622,0.40012849330508016,0.5240721206037882,-0.6084241122251016,-0.4447601764890343,1.8633552522202215,1.0598604447957287,1.8884131386950045,-0.9343495580178538,-0.5240721206037883,0.0780868809443028,1.3751993237545186,-0.7742639234472536,1.6593384878866408,1.4429489651752279,-0.4693288678392788,-0.387369474481757,1.1200263797027914,-1.0153908147193014,-0.45499476409534845,1.1589729651387355,0.3820441084950134,-0.9730724341670239,-0.511111797429153,1.73965807748887,5.17907595707285
PCSI_0729,-0.6823007577011122,-0.38801900108736664,1.4029047293213388,-0.3761045954303884,-0.8632969120198045,0.5133865018803163,-0.9233397605923284,0.4331234326706288,-0.34426509679083167,-0.9170939552899384,0.3318743357532074,-2.1164072231824735,NA,-0.3080945610919711,0.0780868809443031,-0.5846294853447727,-0.40286295622490625,0.7620438406323673,0.8328864315333835,0.4608636742950066,0.05838509925127894,1.6861512103727252,2.63780165956625,-0.4203281809217936,0.43512521848712904,0.3439836155229364,0.18667971001501488,1.0845348791859455,-0.6985096583396622,0.40012849330508016,0.5240721206037882,1.6593384878866406,-0.4447601764890343,-0.5428672782058913,0.049295834641661845,1.8884131386950045,1.0752678520139891,-0.5240721206037883,0.0780868809443028,1.3751993237545186,1.3159300427313405,0.5254571878307696,0.3672961002264216,-0.4693288678392788,-0.387369474481757,0.1107718397508255,-0.012233624273726533,-0.45499476409534845,0.14254747699567338,0.3820441084950134,1.0469766696733802,0.649022306543332,-0.32779708935539,-0.734643906500469
PCSI_0780,-0.6823007577011122,-0.38801900108736664,-0.5468950639727252,-0.3761045954303884,-0.8632969120198045,-0.03691014065806186,-0.9233397605923284,-0.7218723877843813,-0.34426509679083167,-0.9170939552899384,-0.4569284332834014,0.1228881613460787,NA,-0.3080945610919711,0.0780868809443031,-0.5846294853447727,1.228483335648788,-0.5817754052139578,0.279876817073971,-1.1472563806918248,0.05838509925127894,-0.6182554438033326,-0.387369474481757,-0.4203281809217936,-0.6627291789265504,1.4083857465750418,0.18667971001501488,-0.39766278903484675,-0.6985096583396622,-1.0581175711845452,-0.703753990525087,-0.6084241122251016,-0.4447601764890343,1.8633552522202215,1.0598604447957287,1.8884131386950045,1.0752678520139891,-0.5240721206037883,0.0780868809443028,-0.7325828173271733,1.3159300427313405,-0.6084241122251017,-0.7083567647223846,-0.4693288678392788,-0.387369474481757,1.1200263797027914,0.9909235661718483,0.9017168961162358,-0.87387801114738894,0.3820441084950134,1.0469766696733802,-0.854855235643223,0.133692849199481,-0.351347248676272
PCSI_0807,-0.6823007577011122,-0.38801900108736664,2.0528379937526933,-0.3761045954303884,-0.8632969120198045,-1.1375034257348182,0.11383640884015006,0.4331234326706288,-0.34426509679083167,0.1928943005591384,1.1206771047898163,0.1228881613460787,NA,-0.3080945610919711,0.0780868809443031,0.7378427297799544,-0.40286295622490625,-0.5817754052139578,0.279876817073971,-1.1472563806918248,-1.0055211537720252,-0.6182554438033326,-0.387369474481757,-0.4203281809217936,-0.6627291789265504,-0.7204185155291688,0.18667971001501488,2.5667325474067377,-0.6985096583396622,0.40012849330508016,0.5240721206037882,-0.6084241122251016,-0.4447601764890343,1.8633552522202215,1.0598604447957287,-0.5406045455871974,1.0752678520139891,-0.5240721206037883,0.0780868809443028,1.3751993237545186,1.3159300427313405,1.6593384878866408,1.4429489651752279,-0.4693288678392788,-0.387369474481757,-0.8984827002011403,-1.0153908147193014,-0.45499476409534845,-0.87387801114738894,0.3820441084950134,1.0469766696733802,1.1269801770938,-0.0490675552898458,-0.806512029842506
PCSI_0808,-0.6823007577011122,-0.38801900108736664,-0.5468950639727252,-0.3761045954303884,1.2498477681480755,1.0636831444186945,1.1510125782726286,-0.7218723877843813,-0.34426509679083167,1.3028825564082152,-0.4569284332834014,0.1228881613460787,NA,-0.3080945610919711,0.0780868809443031,2.0603149449046816,-0.40286295622490625,-0.5817754052139578,-0.826142411844854,0.4608636742950066,1.1222913522745832,1.6861512103727252,2.63780165956625,-0.4203281809217936,-0.6627291789265504,-0.7204185155291688,0.18667971001501488,-0.39766278903484675,1.4228900447659782,0.40012849330508016,0.5240721206037882,-0.6084241122251016,-0.4447601764890343,-0.5428672782058913,-0.9612687755124051,-0.5406045455871974,-0.9343495580178538,-0.5240721206037883,0.0780868809443028,-0.7325828173271733,1.3159300427313405,-0.6084241122251017,-0.7083567647223846,-0.4693288678392788,2.63780165956625,-0.8984827002011403,0.9909235661718483,2.25842855632782,-0.87387801114738894,0.3820441084950134,1.0469766696733802,-0.808025020043834,-0.43664070950069,-0.529306411237506
PCSI_0809,0.4422954660474547,3.0988366799169142,-0.5468950639727252,-0.3761045954303884,1.2498477681480755,-1.1375034257348182,-0.9233397605923284,1.588119253125639,-0.34426509679083167,-0.9170939552899384,-0.4569284332834014,0.1228881613460787,NA,-0.3080945610919711,0.0780868809443031,2.0603149449046816,2.8598296275224824,-0.5817754052139578,0.279876817073971,0.4608636742950066,-1.0055211537720252,-0.6182554438033326,-0.387369474481757,2.3932971934118448,-0.6627291789265504,-0.7204185155291688,0.18667971001501488,-0.39766278903484675,-0.6985096583396622,0.40012849330508016,0.5240721206037882,1.6593384878866406,-0.4447601764890343,1.8633552522202215,1.0598604447957287,-0.5406045455871974,1.0752678520139891,1.9315801016539624,0.0780868809443028,-0.7325828173271733,1.3159300427313405,1.6593384878866408,1.4429489651752279,-0.4693288678392788,-0.387369474481757,1.1200263797027914,-1.0153908147193014,-0.45499476409534845,1.1589729651387355,0.3820441084950134,-0.9730724341670239,1.86129726912132,-0.239890450160306,0.579516063182492
PCSI_0810,-0.6823007577011122,-0.38801900108736664,0.7529714648899841,2.9580118181146764,-0.8632969120198045,-0.03691014065806186,0.11383640884015006,1.588119253125639,-0.34426509679083167,-0.9170939552899384,1.1206771047898163,0.1228881613460787,NA,-0.3080945610919711,0.0780868809443031,0.7378427297799544,-0.40286295622490625,2.105863086478692,0.279876817073971,0.4608636742950066,-1.0055211537720252,-0.6182554438033326,-0.387369474481757,-0.4203281809217936,1.5329796159008087,1.4083857465750418,0.18667971001501488,-0.39766278903484675,-0.6985096583396622,0.40012849330508016,0.5240721206037882,-0.6084241122251016,-0.4447601764890343,-0.5428672782058913,-0.9612687755124051,1.8884131386950045,1.0752678520139891,-0.5240721206037883,0.0780868809443028,-0.7325828173271733,1.3159300427313405,1.6593384878866408,1.4429489651752279,-0.4693288678392788,-0.387369474481757,-0.8984827002011403,0.9909235661718483,2.25842855632782,-0.87387801114738894,0.3820441084950134,-0.9730724341670239,0.886552884635077,-0.376889051537746,-0.0980976711852845
PCSI_0811,-0.6823007577011122,-0.38801900108736664,0.7529714648899841,2.9580118181146764,1.2498477681480755,1.0636831444186945,1.1510125782726286,-0.7218723877843813,-0.34426509679083167,-0.9170939552899384,1.1206771047898163,0.1228881613460787,NA,-0.3080945610919711,0.0780868809443031,-0.5846294853447727,-0.40286295622490625,-0.5817754052139578,0.279876817073971,0.4608636742950066,0.05838509925127894,1.6861512103727252,-0.387369474481757,-0.4203281809217936,1.5329796159008087,1.4083857465750418,0.18667971001501488,2.5667325474067377,-0.6985096583396622,0.40012849330508016,0.5240721206037882,-0.6084241122251016,-0.4447601764890343,1.8633552522202215,1.0598604447957287,-0.5406045455871974,-0.9343495580178538,-0.5240721206037883,0.0780868809443028,1.3751993237545186,1.3159300427313405,1.6593384878866408,1.4429489651752279,2.1398214482841693,2.63780165956625,1.1200263797027914,-1.0153908147193014,-0.45499476409534845,1.1589729651387355,0.3820441084950134,1.0469766696733802,0.795306382075444,-0.291993895903994,0.117506698840826
PCSI_0822,1.5668916897960217,3.0988366799169142,-0.5468950639727252,-0.3761045954303884,-0.8632969120198045,-1.1375034257348182,1.1510125782726286,-0.7218723877843813,-0.34426509679083167,-0.9170939552899384,-0.4569284332834014,0.1228881613460787,NA,-0.3080945610919711,0.0780868809443031,-0.5846294853447727,-0.40286295622490625,-0.5817754052139578,-0.826142411844854,0.4608636742950066,1.1222913522745832,-0.6182554438033326,-0.387369474481757,-0.4203281809217936,-0.6627291789265504,-0.7204185155291688,0.18667971001501488,-0.39766278903484675,-0.6985096583396622,0.40012849330508016,0.5240721206037882,-0.6084241122251016,-0.4447601764890343,-0.5428672782058913,1.0598604447957287,-0.5406045455871974,-0.9343495580178538,-0.5240721206037883,0.0780868809443028,1.3751993237545186,-0.7742639234472536,-0.6084241122251017,-0.7083567647223846,-0.4693288678392788,-0.387369474481757,-0.8984827002011403,0.9909235661718483,-0.45499476409534845,-0.87387801114738894,0.3820441084950134,-0.9730724341670239,-0.472006153475024,-0.294861975486215,-0.642242033632136
PCSI_0826,-0.6823007577011122,-0.38801900108736664,-0.5468950639727252,-0.3761045954303884,0.19327542806413542,-1.1375034257348182,-0.9233397605923284,-0.7218723877843813,-0.34426509679083167,-0.9170939552899384,-0.4569284332834014,0.1228881613460787,NA,-0.3080945610919711,0.0780868809443031,0.07660662221759089,-0.40286295622490625,-0.5817754052139578,0.8328864315333835,0.4608636742950066,0.590338225762931,0.5339478832846962,-0.387369474481757,2.3932971934118448,-0.6627291789265504,-0.7204185155291688,0.18667971001501488,-0.39766278903484675,-0.6985096583396622,0.40012849330508016,-0.703753990525087,-0.6084241122251016,-0.4447601764890343,-0.5428672782058913,0.049295834641661845,-0.5406045455871974,1.0752678520139891,0.7037539905250871,0.0780868809443028,1.3751993237545186,0.27083305964204346,-0.6084241122251017,0.3672961002264216,-0.4693288678392788,-0.387369474481757,-0.8984827002011403,-0.012233624273726533,-0.45499476409534845,0.14254747699567338,0.3820441084950134,0.03695211775317816,-0.523181440624872,0.143571789982688,0.439202108086134
PCSI_0827,-0.6823007577011122,-0.38801900108736664,2.0528379937526933,-0.3761045954303884,1.2498477681480755,-1.1375034257348182,1.1510125782726286,1.588119253125639,-0.34426509679083167,1.3028825564082152,2.6982826428630338,0.1228881613460787,NA,-0.3080945610919711,0.0780868809443031,-0.5846294853447727,-0.40286295622490625,-0.5817754052139578,1.3858960459927958,0.4608636742950066,-1.0055211537720252,1.6861512103727252,-0.387369474481757,-0.4203281809217936,1.5329796159008087,1.4083857465750418,0.18667971001501488,-0.39766278903484675,-0.6985096583396622,0.40012849330508016,0.5240721206037882,1.6593384878866406,2.333931973766266,-0.5428672782058913,-0.9612687755124051,-0.5406045455871974,-0.9343495580178538,1.9315801016539624,0.0780868809443028,-0.7325828173271733,-0.7742639234472536,-0.6084241122251017,-0.7083567647223846,-0.4693288678392788,-0.387369474481757,-0.8984827002011403,-1.0153908147193014,2.25842855632782,-0.87387801114738894,-2.6015384530850914,-0.9730724341670239,-0.789196376658513,-0.312357260937765,-0.529306411237506
PCSI_0835,-0.6823007577011122,3.0988366799169142,0.7529714648899841,-0.3761045954303884,-0.8632969120198045,-1.1375034257348182,-0.9233397605923284,1.588119253125639,1.4770083184896974,1.3028825564082152,-0.4569284332834014,0.1228881613460787,NA,-0.3080945610919711,0.0780868809443031,2.0603149449046816,-0.40286295622490625,2.105863086478692,1.3858960459927958,-1.1472563806918248,-1.0055211537720252,1.6861512103727252,-0.387369474481757,2.3932971934118448,-0.6627291789265504,1.4083857465750418,0.18667971001501488,2.5667325474067377,1.4228900447659782,0.40012849330508016,0.5240721206037882,1.6593384878866406,-0.4447601764890343,-0.5428672782058913,1.0598604447957287,1.8884131386950045,1.0752678520139891,-0.5240721206037883,0.0780868809443028,-0.7325828173271733,-0.7742639234472536,1.6593384878866408,1.4429489651752279,2.1398214482841693,2.63780165956625,-0.8984827002011403,0.9909235661718483,2.25842855632782,1.1589729651387355,0.3820441084950134,1.0469766696733802,1.11684167680939,-0.264842742525632,0.107239824077678
PCSI_0841,1.5668916897960217,-0.38801900108736664,-0.5468950639727252,-0.3761045954303884,-0.8632969120198045,-1.1375034257348182,-0.9233397605923284,1.588119253125639,-0.34426509679083167,0.1928943005591384,-0.4569284332834014,0.1228881613460787,NA,-0.3080945610919711,0.0780868809443031,-0.5846294853447727,-0.40286295622490625,0.7620438406323673,-0.826142411844854,0.4608636742950066,0.05838509925127894,-0.6182554438033326,-0.387369474481757,2.3932971934118448,-0.6627291789265504,-0.7204185155291688,0.18667971001501488,-0.39766278903484675,1.4228900447659782,0.40012849330508016,0.5240721206037882,1.6593384878866406,-0.4447601764890343,1.8633552522202215,1.0598604447957287,-0.5406045455871974,1.0752678520139891,-0.5240721206037883,0.0780868809443028,1.3751993237545186,1.3159300427313405,1.6593384878866408,1.4429489651752279,-0.4693288678392788,-0.387369474481757,1.1200263797027914,0.9909235661718483,-0.45499476409534845,-0.87387801114738894,0.3820441084950134,1.0469766696733802,0.520118517213057,-0.493906698492377,1.10312667610305
PCSI_0848,-0.6823007577011122,3.0988366799169142,-0.5468950639727252,-0.3761045954303884,1.2498477681480755,-1.1375034257348182,-0.9233397605923284,1.588119253125639,3.298281733770226,1.3028825564082152,-0.4569284332834014,0.1228881613460787,NA,-0.3080945610919711,0.0780868809443031,-0.5846294853447727,-0.40286295622490625,-0.5817754052139578,1.3858960459927958,0.4608636742950066,1.1222913522745832,1.6861512103727252,-0.387369474481757,-0.4203281809217936,-0.6627291789265504,-0.7204185155291688,0.18667971001501488,-0.39766278903484675,-0.6985096583396622,0.40012849330508016,-1.9315801016539622,-0.6084241122251016,-0.4447601764890343,-0.5428672782058913,1.0598604447957287,1.8884131386950045,1.0752678520139891,-0.5240721206037883,0.0780868809443028,1.3751993237545186,-0.7742639234472536,-0.6084241122251017,1.4429489651752279,-0.4693288678392788,-0.387369474481757,1.1200263797027914,-1.0153908147193014,-0.45499476409534845,1.1589729651387355,0.3820441084950134,-0.9730724341670239,-0.505318368695208,0.141564134275133,1.44193354328694
PCSI_0852,-0.6823007577011122,-0.38801900108736664,-0.5468950639727252,-0.3761045954303884,1.2498477681480755,-1.1375034257348182,-0.9233397605923284,-0.7218723877843813,-0.34426509679083167,1.3028825564082152,-0.4569284332834014,0.1228881613460787,NA,-0.3080945610919711,0.0780868809443031,-0.5846294853447727,-0.40286295622490625,-0.5817754052139578,-0.826142411844854,0.4608636742950066,1.1222913522745832,-0.6182554438033326,-0.387369474481757,-0.4203281809217936,1.5329796159008087,-0.7204185155291688,0.18667971001501488,2.5667325474067377,-0.6985096583396622,0.40012849330508016,0.5240721206037882,-0.6084241122251016,-0.4447601764890343,-0.5428672782058913,1.0598604447957287,-0.5406045455871974,1.0752678520139891,-0.5240721206037883,0.0780868809443028,1.3751993237545186,-0.7742639234472536,-0.6084241122251017,1.4429489651752279,2.1398214482841693,-0.387369474481757,1.1200263797027914,0.9909235661718483,2.25842855632782,-0.87387801114738894,0.3820441084950134,1.0469766696733802,-0.760229232988788,-0.240942079340454,-0.426637663606025
PCSI_0853,1.5668916897960217,-0.38801900108736664,-0.5468950639727252,-0.3761045954303884,1.2498477681480755,-1.1375034257348182,-0.9233397605923284,-0.7218723877843813,-0.34426509679083167,-0.9170939552899384,-0.4569284332834014,0.1228881613460787,NA,-0.3080945610919711,0.0780868809443031,-0.5846294853447727,-0.40286295622490625,2.105863086478692,-0.826142411844854,0.4608636742950066,1.1222913522745832,1.6861512103727252,-0.387369474481757,-0.4203281809217936,-0.6627291789265504,1.4083857465750418,0.18667971001501488,-0.39766278903484675,-0.6985096583396622,0.40012849330508016,-1.9315801016539622,-0.6084241122251016,-0.4447601764890343,-0.5428672782058913,1.0598604447957287,1.8884131386950045,1.0752678520139891,-0.5240721206037883,0.0780868809443028,-0.7325828173271733,-0.7742639234472536,-0.6084241122251017,-0.7083567647223846,-0.4693288678392788,-0.387369474481757,1.1200263797027914,0.9909235661718483,-0.45499476409534845,1.1589729651387355,0.3820441084950134,-0.9730724341670239,-0.626980372108053,-0.39361951576737,-0.519039536474358
PCSI_0856,1.5668916897960217,-0.38801900108736664,-0.5468950639727252,-0.3761045954303884,1.2498477681480755,-1.1375034257348182,-0.9233397605923284,-0.7218723877843813,-0.34426509679083167,-0.9170939552899384,-0.4569284332834014,0.1228881613460787,NA,-0.3080945610919711,0.0780868809443031,-0.5846294853447727,-0.40286295622490625,-0.5817754052139578,-0.826142411844854,0.4608636742950066,1.1222913522745832,-0.6182554438033326,-0.387369474481757,-0.4203281809217936,1.5329796159008087,-0.7204185155291688,0.18667971001501488,-0.39766278903484675,1.4228900447659782,0.40012849330508016,0.5240721206037882,-0.6084241122251016,-0.4447601764890343,-0.5428672782058913,1.0598604447957287,-0.5406045455871974,1.0752678520139891,-0.5240721206037883,0.0780868809443028,-0.7325828173271733,-0.7742639234472536,-0.6084241122251017,-0.7083567647223846,-0.4693288678392788,2.63780165956625,-0.8984827002011403,0.9909235661718483,-0.45499476409534845,1.1589729651387355,0.3820441084950134,-0.9730724341670239,-0.657395872961264,-0.239412436896602,-0.0878307964221364
PCSI_0858,0.4422954660474547,1.3554088394147739,2.0528379937526933,-0.3761045954303884,-0.8632969120198045,-1.1375034257348182,1.1510125782726286,0.4331234326706288,-0.34426509679083167,0.1928943005591384,-0.4569284332834014,0.1228881613460787,NA,1.8887536136507792,0.0780868809443031,0.7378427297799544,1.228483335648788,0.7620438406323673,-0.826142411844854,-1.1472563806918248,-1.0055211537720252,-0.6182554438033326,-0.387369474481757,-0.4203281809217936,-0.6627291789265504,-0.7204185155291688,0.18667971001501488,-0.39766278903484675,-0.6985096583396622,0.40012849330508016,0.5240721206037882,-0.6084241122251016,-0.4447601764890343,-0.5428672782058913,-0.9612687755124051,-0.5406045455871974,1.0752678520139891,-0.5240721206037883,0.0780868809443028,-0.7325828173271733,-0.7742639234472536,1.6593384878866408,1.4429489651752279,2.1398214482841693,2.63780165956625,-0.8984827002011403,-1.0153908147193014,-0.45499476409534845,1.1589729651387355,0.3820441084950134,-0.9730724341670239,0.95897074380939,-0.17057852692329,-0.611441409342691
PCSI_0859,-0.6823007577011122,-0.38801900108736664,-0.5468950639727252,-0.3761045954303884,1.2498477681480755,1.0636831444186945,-0.9233397605923284,-0.7218723877843813,-0.34426509679083167,-0.9170939552899384,-0.4569284332834014,0.1228881613460787,NA,-0.3080945610919711,0.0780868809443031,-0.5846294853447727,-0.40286295622490625,-0.5817754052139578,-0.826142411844854,0.4608636742950066,1.1222913522745832,1.6861512103727252,-0.387369474481757,2.3932971934118448,-0.6627291789265504,-0.7204185155291688,0.18667971001501488,-0.39766278903484675,-0.6985096583396622,0.40012849330508016,-1.9315801016539622,-0.6084241122251016,-0.4447601764890343,-0.5428672782058913,1.0598604447957287,1.8884131386950045,-0.9343495580178538,-0.5240721206037883,0.0780868809443028,-0.7325828173271733,-0.7742639234472536,-0.6084241122251017,-0.7083567647223846,-0.4693288678392788,-0.387369474481757,-0.8984827002011403,-1.0153908147193014,-0.45499476409534845,-0.87387801114738894,0.3820441084950134,1.0469766696733802,-0.634222158025484,-0.505665824779484,-0.683309532684728
PCSI_0860,-0.6823007577011122,3.0988366799169142,2.0528379937526933,-0.3761045954303884,-0.8632969120198045,-1.1375034257348182,1.1510125782726286,1.588119253125639,-0.34426509679083167,-0.9170939552899384,-0.4569284332834014,0.1228881613460787,NA,-0.3080945610919711,0.0780868809443031,-0.5846294853447727,-0.40286295622490625,-0.5817754052139578,1.3858960459927958,0.4608636742950066,1.1222913522745832,1.6861512103727252,-0.387369474481757,-0.4203281809217936,-0.6627291789265504,-0.7204185155291688,0.18667971001501488,-0.39766278903484675,-0.6985096583396622,0.40012849330508016,0.5240721206037882,-0.6084241122251016,-0.4447601764890343,-0.5428672782058913,-0.9612687755124051,-0.5406045455871974,1.0752678520139891,1.9315801016539624,0.0780868809443028,1.3751993237545186,-0.7742639234472536,-0.6084241122251017,-0.7083567647223846,-0.4693288678392788,-0.387369474481757,-0.8984827002011403,-1.0153908147193014,-0.45499476409534845,1.1589729651387355,0.3820441084950134,1.0469766696733802,1.33554361151581,0.131430253084618,-0.159698919764173
PCSI_0861,-0.6823007577011122,-0.38801900108736664,-0.5468950639727252,-0.3761045954303884,-0.8632969120198045,-1.1375034257348182,1.1510125782726286,-0.7218723877843813,-0.34426509679083167,-0.9170939552899384,-0.4569284332834014,0.1228881613460787,NA,-0.3080945610919711,0.0780868809443031,-0.5846294853447727,-0.40286295622490625,-0.5817754052139578,1.3858960459927958,0.4608636742950066,-1.0055211537720252,1.6861512103727252,-0.387369474481757,-0.4203281809217936,-0.6627291789265504,-0.7204185155291688,0.18667971001501488,-0.39766278903484675,-0.6985096583396622,0.40012849330508016,0.5240721206037882,-0.6084241122251016,-0.4447601764890343,-0.5428672782058913,1.0598604447957287,-0.5406045455871974,1.0752678520139891,1.9315801016539624,0.0780868809443028,-0.7325828173271733,-0.7742639234472536,-0.6084241122251017,-0.7083567647223846,-0.4693288678392788,-0.387369474481757,1.1200263797027914,0.9909235661718483,-0.45499476409534845,1.1589729651387355,0.3820441084950134,-0.9730724341670239,-0.650154087043833,-0.314747327256283,0.138040448367122
PCSI_0863,-0.6823007577011122,-0.38801900108736664,2.0528379937526933,2.9580118181146764,1.2498477681480755,-1.1375034257348182,1.1510125782726286,-0.7218723877843813,-0.34426509679083167,-0.9170939552899384,-0.4569284332834014,0.1228881613460787,NA,-0.3080945610919711,0.0780868809443031,-0.5846294853447727,-0.40286295622490625,-0.5817754052139578,-0.826142411844854,0.4608636742950066,-1.0055211537720252,-0.6182554438033326,-0.387369474481757,-0.4203281809217936,1.5329796159008087,1.4083857465750418,0.18667971001501488,-0.39766278903484675,-0.6985096583396622,0.40012849330508016,0.5240721206037882,1.6593384878866406,-0.4447601764890343,-0.5428672782058913,-0.9612687755124051,-0.5406045455871974,-0.9343495580178538,-0.5240721206037883,0.0780868809443028,-0.7325828173271733,1.3159300427313405,-0.6084241122251017,-0.7083567647223846,-0.4693288678392788,-0.387369474481757,1.1200263797027914,-1.0153908147193014,-0.45499476409534845,-0.87387801114738894,0.3820441084950134,1.0469766696733802,-0.744297303970439,-0.38549329028441,0.0456385754987893
PCSI_0864,-0.6823007577011122,-0.38801900108736664,-0.5468950639727252,-0.3761045954303884,1.2498477681480755,-1.1375034257348182,1.1510125782726286,1.588119253125639,3.298281733770226,-0.9170939552899384,-0.4569284332834014,0.1228881613460787,NA,-0.3080945610919711,0.0780868809443031,-0.5846294853447727,-0.40286295622490625,-0.5817754052139578,-0.826142411844854,0.4608636742950066,1.1222913522745832,-0.6182554438033326,-0.387369474481757,-0.4203281809217936,-0.6627291789265504,-0.7204185155291688,0.18667971001501488,-0.39766278903484675,1.4228900447659782,0.40012849330508016,0.5240721206037882,-0.6084241122251016,-0.4447601764890343,-0.5428672782058913,1.0598604447957287,-0.5406045455871974,-0.9343495580178538,1.9315801016539624,0.0780868809443028,-0.7325828173271733,-0.7742639234472536,-0.6084241122251017,-0.7083567647223846,-0.4693288678392788,-0.387369474481757,-0.8984827002011403,0.9909235661718483,-0.45499476409534845,1.1589729651387355,-2.6015384530850914,1.0469766696733802,-0.632773800841998,-0.411497211829883,-0.118631420711581
PCSI_0865,-0.6823007577011122,-0.38801900108736664,-0.5468950639727252,-0.3761045954303884,0.19327542806413542,-1.1375034257348182,-0.9233397605923284,0.4331234326706288,-0.34426509679083167,0.1928943005591384,-0.4569284332834014,0.1228881613460787,NA,-0.3080945610919711,0.0780868809443031,-0.5846294853447727,-0.40286295622490625,-0.5817754052139578,-0.826142411844854,0.4608636742950066,-1.0055211537720252,-0.6182554438033326,-0.387369474481757,2.3932971934118448,-0.6627291789265504,-0.7204185155291688,0.18667971001501488,2.5667325474067377,-0.6985096583396622,0.40012849330508016,0.5240721206037882,1.6593384878866406,-0.4447601764890343,1.8633552522202215,1.0598604447957287,-0.5406045455871974,-0.9343495580178538,-0.5240721206037883,0.0780868809443028,-0.7325828173271733,-0.7742639234472536,1.6593384878866408,1.4429489651752279,2.1398214482841693,2.63780165956625,1.1200263797027914,0.9909235661718483,2.25842855632782,-0.87387801114738894,0.3820441084950134,1.0469766696733802,0.269552724469936,0.0183323148923558,-0.416370788842877
PCSI_0867,-0.6823007577011122,-0.38801900108736664,-0.5468950639727252,-0.3761045954303884,-0.8632969120198045,-1.1375034257348182,-0.9233397605923284,1.588119253125639,-0.34426509679083167,1.3028825564082152,-0.4569284332834014,0.1228881613460787,NA,-0.3080945610919711,0.0780868809443031,-0.5846294853447727,-0.40286295622490625,-0.5817754052139578,-0.826142411844854,0.4608636742950066,1.1222913522745832,-0.6182554438033326,-0.387369474481757,-0.4203281809217936,-0.6627291789265504,-0.7204185155291688,0.18667971001501488,-0.39766278903484675,1.4228900447659782,0.40012849330508016,-1.9315801016539622,-0.6084241122251016,-0.4447601764890343,-0.5428672782058913,1.0598604447957287,-0.5406045455871974,-0.9343495580178538,-0.5240721206037883,0.0780868809443028,-0.7325828173271733,-0.7742639234472536,-0.6084241122251017,-0.7083567647223846,-0.4693288678392788,-0.387369474481757,1.1200263797027914,0.9909235661718483,2.25842855632782,-0.87387801114738894,-2.6015384530850914,-0.9730724341670239,-0.679121230713558,0.00131504270450919,-0.601174534579543
PCSI_0869,-0.6823007577011122,-0.38801900108736664,2.0528379937526933,-0.3761045954303884,-0.8632969120198045,-1.1375034257348182,-0.9233397605923284,-0.7218723877843813,-0.34426509679083167,-0.9170939552899384,-0.4569284332834014,0.1228881613460787,NA,-0.3080945610919711,0.0780868809443031,2.0603149449046816,-0.40286295622490625,-0.5817754052139578,-0.826142411844854,0.4608636742950066,1.1222913522745832,-0.6182554438033326,-0.387369474481757,-0.4203281809217936,-0.6627291789265504,-0.7204185155291688,0.18667971001501488,-0.39766278903484675,-0.6985096583396622,0.40012849330508016,0.5240721206037882,-0.6084241122251016,-0.4447601764890343,-0.5428672782058913,-0.9612687755124051,-0.5406045455871974,1.0752678520139891,-0.5240721206037883,0.0780868809443028,1.3751993237545186,1.3159300427313405,-0.6084241122251017,1.4429489651752279,-0.4693288678392788,-0.387369474481757,-0.8984827002011403,0.9909235661718483,2.25842855632782,1.1589729651387355,0.3820441084950134,1.0469766696733802,-0.519801940530071,-0.278418319214813,-0.18023266929047
PCSI_0870,-0.6823007577011122,-0.38801900108736664,-0.5468950639727252,-0.3761045954303884,-0.8632969120198045,-1.1375034257348182,1.1510125782726286,1.588119253125639,3.298281733770226,-0.9170939552899384,-0.4569284332834014,0.1228881613460787,NA,-0.3080945610919711,0.0780868809443031,-0.5846294853447727,-0.40286295622490625,-0.5817754052139578,-0.826142411844854,0.4608636742950066,-1.0055211537720252,-0.6182554438033326,-0.387369474481757,-0.4203281809217936,-0.6627291789265504,-0.7204185155291688,0.18667971001501488,-0.39766278903484675,-0.6985096583396622,0.40012849330508016,0.5240721206037882,-0.6084241122251016,-0.4447601764890343,-0.5428672782058913,1.0598604447957287,-0.5406045455871974,-0.9343495580178538,-0.5240721206037883,0.0780868809443028,-0.7325828173271733,-0.7742639234472536,-0.6084241122251017,-0.7083567647223846,-0.4693288678392788,-0.387369474481757,-0.8984827002011403,-1.0153908147193014,-0.45499476409534845,1.1589729651387355,0.3820441084950134,-0.9730724341670239,-0.535733869548419,-0.24180250321512,-0.488238912184913
PCSI_0872,-0.6823007577011122,-0.38801900108736664,-0.5468950639727252,-0.3761045954303884,-0.8632969120198045,1.0636831444186945,-0.9233397605923284,-0.7218723877843813,-0.34426509679083167,-0.9170939552899384,-0.4569284332834014,0.1228881613460787,NA,-0.3080945610919711,0.0780868809443031,-0.5846294853447727,-0.40286295622490625,-0.5817754052139578,-0.826142411844854,0.4608636742950066,1.1222913522745832,-0.6182554438033326,-0.387369474481757,-0.4203281809217936,-0.6627291789265504,-0.7204185155291688,0.18667971001501488,-0.39766278903484675,1.4228900447659782,0.40012849330508016,0.5240721206037882,-0.6084241122251016,-0.4447601764890343,-0.5428672782058913,-0.9612687755124051,-0.5406045455871974,1.0752678520139891,-0.5240721206037883,0.0780868809443028,-0.7325828173271733,-0.7742639234472536,-0.6084241122251017,-0.7083567647223846,2.1398214482841693,-0.387369474481757,-0.8984827002011403,0.9909235661718483,-0.45499476409534845,-0.87387801114738894,0.3820441084950134,-0.9730724341670239,-0.783402947924568,0.350360327860847,-0.0262295478432476
PCSI_0873,-0.6823007577011122,-0.38801900108736664,2.0528379937526933,-0.3761045954303884,-0.8632969120198045,-1.1375034257348182,1.1510125782726286,-0.7218723877843813,-0.34426509679083167,1.3028825564082152,-0.4569284332834014,0.1228881613460787,NA,-0.3080945610919711,0.0780868809443031,-0.5846294853447727,-0.40286295622490625,-0.5817754052139578,-0.826142411844854,0.4608636742950066,-1.0055211537720252,-0.6182554438033326,-0.387369474481757,-0.4203281809217936,-0.6627291789265504,1.4083857465750418,0.18667971001501488,-0.39766278903484675,-0.6985096583396622,0.40012849330508016,0.5240721206037882,1.6593384878866406,-0.4447601764890343,-0.5428672782058913,-0.9612687755124051,-0.5406045455871974,1.0752678520139891,-0.5240721206037883,0.0780868809443028,-0.7325828173271733,-0.7742639234472536,-0.6084241122251017,-0.7083567647223846,-0.4693288678392788,-0.387369474481757,1.1200263797027914,-1.0153908147193014,-0.45499476409534845,1.1589729651387355,0.3820441084950134,-0.9730724341670239,1.89895455589197,-0.288456597752587,-0.0262295478432476
PCSI_0875,-0.6823007577011122,3.0988366799169142,2.0528379937526933,1.290953611342144,0.19327542806413542,-0.03691014065806186,1.1510125782726286,1.588119253125639,1.4770083184896974,0.1928943005591384,1.1206771047898163,0.1228881613460787,NA,1.8887536136507792,0.0780868809443031,2.0603149449046816,-0.40286295622490625,2.105863086478692,0.279876817073971,-1.1472563806918248,-1.0055211537720252,-0.6182554438033326,-0.387369474481757,-0.4203281809217936,1.5329796159008087,1.4083857465750418,0.18667971001501488,2.5667325474067377,-0.6985096583396622,0.40012849330508016,0.5240721206037882,-0.6084241122251016,-0.4447601764890343,-0.5428672782058913,1.0598604447957287,1.8884131386950045,-0.9343495580178538,-0.5240721206037883,0.0780868809443028,-0.7325828173271733,-0.7742639234472536,1.6593384878866408,1.4429489651752279,2.1398214482841693,-0.387369474481757,-0.8984827002011403,-1.0153908147193014,-0.45499476409534845,-0.87387801114738894,0.3820441084950134,1.0469766696733802,0.91262331393783,-0.115607001597381,0.579516063182492
PCSI_0877,-0.6823007577011122,-0.38801900108736664,-0.5468950639727252,-0.3761045954303884,-0.8632969120198045,-1.1375034257348182,1.1510125782726286,-0.7218723877843813,-0.34426509679083167,-0.9170939552899384,-0.4569284332834014,0.1228881613460787,NA,-0.3080945610919711,0.0780868809443031,-0.5846294853447727,2.8598296275224824,2.105863086478692,1.3858960459927958,0.4608636742950066,1.1222913522745832,1.6861512103727252,-0.387369474481757,2.3932971934118448,1.5329796159008087,1.4083857465750418,0.18667971001501488,-0.39766278903484675,1.4228900447659782,0.40012849330508016,0.5240721206037882,-0.6084241122251016,-0.4447601764890343,-0.5428672782058913,-0.9612687755124051,-0.5406045455871974,1.0752678520139891,1.9315801016539624,0.0780868809443028,1.3751993237545186,1.3159300427313405,-0.6084241122251017,1.4429489651752279,-0.4693288678392788,-0.387369474481757,-0.8984827002011403,0.9909235661718483,2.25842855632782,1.1589729651387355,0.3820441084950134,-0.9730724341670239,1.43403189999288,0.13315110083395,2.10928040289156
PCSI_0879,1.5668916897960217,-0.38801900108736664,-0.5468950639727252,-0.3761045954303884,1.2498477681480755,1.0636831444186945,1.1510125782726286,-0.7218723877843813,-0.34426509679083167,1.3028825564082152,-0.4569284332834014,0.1228881613460787,NA,-0.3080945610919711,0.0780868809443031,-0.5846294853447727,-0.40286295622490625,-0.5817754052139578,-0.826142411844854,0.4608636742950066,1.1222913522745832,-0.6182554438033326,-0.387369474481757,-0.4203281809217936,1.5329796159008087,1.4083857465750418,0.18667971001501488,-0.39766278903484675,-0.6985096583396622,0.40012849330508016,0.5240721206037882,-0.6084241122251016,-0.4447601764890343,-0.5428672782058913,1.0598604447957287,-0.5406045455871974,-0.9343495580178538,1.9315801016539624,0.0780868809443028,-0.7325828173271733,-0.7742639234472536,-0.6084241122251017,-0.7083567647223846,-0.4693288678392788,-0.387369474481757,-0.8984827002011403,-1.0153908147193014,-0.45499476409534845,1.1589729651387355,0.3820441084950134,-0.9730724341670239,-0.574839513502548,-0.268380040677038,-0.878380153184542
PCSI_0880,-0.6823007577011122,-0.38801900108736664,-0.5468950639727252,-0.3761045954303884,1.2498477681480755,-1.1375034257348182,-0.9233397605923284,-0.7218723877843813,-0.34426509679083167,1.3028825564082152,2.6982826428630338,0.1228881613460787,NA,-0.3080945610919711,0.0780868809443031,-0.5846294853447727,-0.40286295622490625,-0.5817754052139578,1.3858960459927958,0.4608636742950066,1.1222913522745832,1.6861512103727252,2.63780165956625,-0.4203281809217936,-0.6627291789265504,-0.7204185155291688,0.18667971001501488,-0.39766278903484675,-0.6985096583396622,0.40012849330508016,0.5240721206037882,-0.6084241122251016,-0.4447601764890343,-0.5428672782058913,-0.9612687755124051,-0.5406045455871974,-0.9343495580178538,-0.5240721206037883,0.0780868809443028,-0.7325828173271733,1.3159300427313405,-0.6084241122251017,-0.7083567647223846,-0.4693288678392788,-0.387369474481757,-0.8984827002011403,-1.0153908147193014,-0.45499476409534845,1.1589729651387355,-2.6015384530850914,-0.9730724341670239,-0.580632942236493,-0.0232548390498537,-0.128898295474729
PCSI_0882,-0.6823007577011122,-0.38801900108736664,-0.5468950639727252,-0.3761045954303884,-0.8632969120198045,-1.1375034257348182,1.1510125782726286,-0.7218723877843813,-0.34426509679083167,0.1928943005591384,-0.4569284332834014,0.1228881613460787,NA,-0.3080945610919711,0.0780868809443031,0.7378427297799544,1.228483335648788,-0.5817754052139578,0.279876817073971,0.4608636742950066,0.05838509925127894,-0.6182554438033326,2.63780165956625,-0.4203281809217936,1.5329796159008087,1.4083857465750418,0.18667971001501488,-0.39766278903484675,1.4228900447659782,-2.5163636356741708,-1.9315801016539622,1.6593384878866406,2.333931973766266,-0.5428672782058913,-0.9612687755124051,-0.5406045455871974,-0.9343495580178538,1.9315801016539624,0.0780868809443028,1.3751993237545186,-0.7742639234472536,-0.6084241122251017,-0.7083567647223846,2.1398214482841693,2.63780165956625,-0.8984827002011403,-1.0153908147193014,2.25842855632782,-0.87387801114738894,-2.6015384530850914,-0.9730724341670239,1.19360460753416,-0.215129363100462,-0.00569579831695135
PCSI_0888,-0.12000264582682876,0.48369491916370366,0.10303820045862941,-0.3761045954303884,-0.8632969120198045,-0.58720678319644,0.11383640884015006,1.588119253125639,-0.34426509679083167,1.3028825564082152,-0.4569284332834014,0.1228881613460787,NA,-0.3080945610919711,0.0780868809443031,0.07660662221759089,-0.40286295622490625,-0.5817754052139578,-0.27313279738544155,0.4608636742950066,0.590338225762931,-0.6182554438033326,-0.387369474481757,-0.4203281809217936,0.43512521848712904,0.3439836155229364,0.18667971001501488,-0.39766278903484675,1.4228900447659782,0.40012849330508016,0.5240721206037882,1.6593384878866406,0.9445858986386159,0.6602439870071651,0.049295834641661845,-0.5406045455871974,1.0752678520139891,0.7037539905250871,0.0780868809443028,1.3751993237545186,-0.7742639234472536,1.6593384878866408,1.4429489651752279,0.8352462902224453,-0.387369474481757,-0.8984827002011403,0.9909235661718483,0.9017168961162358,1.1589729651387355,-2.6015384530850914,-0.9730724341670239,2.11331141904793,0.083915734672484,-0.56010703552695
PCSI_0889,1.5668916897960217,1.3554088394147739,-0.5468950639727252,2.9580118181146764,0.19327542806413542,1.0636831444186945,-0.9233397605923284,-0.7218723877843813,-0.34426509679083167,-0.9170939552899384,-0.4569284332834014,0.1228881613460787,NA,-0.3080945610919711,0.0780868809443031,-0.5846294853447727,2.8598296275224824,0.7620438406323673,1.3858960459927958,0.4608636742950066,0.05838509925127894,-0.6182554438033326,-0.387369474481757,-0.4203281809217936,-0.6627291789265504,1.4083857465750418,0.18667971001501488,-0.39766278903484675,1.4228900447659782,0.40012849330508016,0.5240721206037882,-0.6084241122251016,-0.4447601764890343,-0.5428672782058913,-0.9612687755124051,-0.5406045455871974,-0.9343495580178538,-0.5240721206037883,0.0780868809443028,1.3751993237545186,1.3159300427313405,-0.6084241122251017,-0.7083567647223846,-0.4693288678392788,-0.387369474481757,1.1200263797027914,-1.0153908147193014,-0.45499476409534845,-0.87387801114738894,0.3820441084950134,1.0469766696733802,1.00676653086444,-0.139794472740781,-0.0364964226063957
PCSI_0890,-0.6823007577011122,-0.38801900108736664,-0.5468950639727252,-0.3761045954303884,0.19327542806413542,-0.03691014065806186,-0.9233397605923284,0.4331234326706288,3.298281733770226,0.1928943005591384,1.1206771047898163,0.1228881613460787,NA,-0.3080945610919711,0.0780868809443031,0.7378427297799544,-0.40286295622490625,0.7620438406323673,0.279876817073971,-1.1472563806918248,-1.0055211537720252,-0.6182554438033326,2.63780165956625,-0.4203281809217936,-0.6627291789265504,-0.7204185155291688,-5.9364147784774675,-0.39766278903484675,-0.6985096583396622,0.40012849330508016,-1.9315801016539622,-0.6084241122251016,-0.4447601764890343,-0.5428672782058913,1.0598604447957287,-0.5406045455871974,-0.9343495580178538,-0.5240721206037883,0.0780868809443028,-0.7325828173271733,-0.7742639234472536,1.6593384878866408,1.4429489651752279,-0.4693288678392788,-0.387369474481757,1.1200263797027914,-1.0153908147193014,-0.45499476409534845,-0.87387801114738894,0.3820441084950134,1.0469766696733802,0.95897074380939,-0.155377705137517,0.579516063182492
PCSI_0894,-0.6823007577011122,-0.38801900108736664,-0.5468950639727252,-0.3761045954303884,-0.8632969120198045,1.0636831444186945,-0.9233397605923284,-0.7218723877843813,-0.34426509679083167,1.3028825564082152,-0.4569284332834014,0.1228881613460787,NA,4.08560178839353,0.0780868809443031,-0.5846294853447727,-0.40286295622490625,-0.5817754052139578,1.3858960459927958,0.4608636742950066,-1.0055211537720252,-0.6182554438033326,-0.387369474481757,-0.4203281809217936,-0.6627291789265504,-0.7204185155291688,0.18667971001501488,-0.39766278903484675,1.4228900447659782,0.40012849330508016,0.5240721206037882,-0.6084241122251016,-0.4447601764890343,-0.5428672782058913,-0.9612687755124051,-0.5406045455871974,-0.9343495580178538,-0.5240721206037883,0.0780868809443028,1.3751993237545186,1.3159300427313405,-0.6084241122251017,-0.7083567647223846,-0.4693288678392788,-0.387369474481757,1.1200263797027914,0.9909235661718483,-0.45499476409534845,-0.87387801114738894,0.3820441084950134,1.0469766696733802,-0.506766725878694,-0.145435029252483,-0.847579528895098
PCSI_0895,1.5668916897960217,-0.38801900108736664,-0.5468950639727252,-0.3761045954303884,-0.8632969120198045,1.0636831444186945,-0.9233397605923284,-0.7218723877843813,-0.34426509679083167,-0.9170939552899384,-0.4569284332834014,0.1228881613460787,NA,-0.3080945610919711,0.0780868809443031,-0.5846294853447727,2.8598296275224824,-0.5817754052139578,-0.826142411844854,0.4608636742950066,-1.0055211537720252,-0.6182554438033326,-0.387369474481757,-0.4203281809217936,-0.6627291789265504,1.4083857465750418,0.18667971001501488,-0.39766278903484675,1.4228900447659782,0.40012849330508016,0.5240721206037882,-0.6084241122251016,-0.4447601764890343,-0.5428672782058913,-0.9612687755124051,-0.5406045455871974,1.0752678520139891,-0.5240721206037883,0.0780868809443028,1.3751993237545186,1.3159300427313405,-0.6084241122251017,1.4429489651752279,-0.4693288678392788,-0.387369474481757,1.1200263797027914,-1.0153908147193014,-0.45499476409534845,1.1589729651387355,0.3820441084950134,1.0469766696733802,-0.825405306245669,-0.290751061418365,0.0456385754987893
PCSI_0896,1.5668916897960217,-0.38801900108736664,2.0528379937526933,2.9580118181146764,-0.8632969120198045,1.0636831444186945,1.1510125782726286,-0.7218723877843813,-0.34426509679083167,1.3028825564082152,2.6982826428630338,0.1228881613460787,NA,-0.3080945610919711,0.0780868809443031,-0.5846294853447727,-0.40286295622490625,2.105863086478692,1.3858960459927958,0.4608636742950066,1.1222913522745832,-0.6182554438033326,-0.387369474481757,-0.4203281809217936,-0.6627291789265504,1.4083857465750418,0.18667971001501488,-0.39766278903484675,-0.6985096583396622,0.40012849330508016,0.5240721206037882,-0.6084241122251016,-0.4447601764890343,-0.5428672782058913,-0.9612687755124051,-0.5406045455871974,1.0752678520139891,-0.5240721206037883,0.0780868809443028,-0.7325828173271733,-0.7742639234472536,-0.6084241122251017,1.4429489651752279,-0.4693288678392788,-0.387369474481757,-0.8984827002011403,0.9909235661718483,-0.45499476409534845,-0.87387801114738894,0.3820441084950134,-0.9730724341670239,-0.175092930860343,-0.0322414884074806,0.476847315551011
PCSI_0898,1.5668916897960217,-0.38801900108736664,-0.5468950639727252,-0.3761045954303884,1.2498477681480755,1.0636831444186945,-0.9233397605923284,-0.7218723877843813,-0.34426509679083167,-0.9170939552899384,-0.4569284332834014,0.1228881613460787,NA,-0.3080945610919711,0.0780868809443031,-0.5846294853447727,-0.40286295622490625,0.7620438406323673,1.3858960459927958,0.4608636742950066,0.05838509925127894,1.6861512103727252,-0.387369474481757,-0.4203281809217936,-0.6627291789265504,-0.7204185155291688,0.18667971001501488,2.5667325474067377,-0.6985096583396622,0.40012849330508016,0.5240721206037882,1.6593384878866406,2.333931973766266,1.8633552522202215,1.0598604447957287,1.8884131386950045,1.0752678520139891,-0.5240721206037883,0.0780868809443028,1.3751993237545186,1.3159300427313405,1.6593384878866408,1.4429489651752279,-0.4693288678392788,-0.387369474481757,1.1200263797027914,0.9909235661718483,-0.45499476409534845,-0.87387801114738894,0.3820441084950134,1.0469766696733802,1.58900611862591,-0.177079507309659,-0.734643906500469
PCSI_0899,0.4422954660474547,-0.38801900108736664,-0.5468950639727252,-0.3761045954303884,-0.8632969120198045,-0.03691014065806186,0.11383640884015006,-0.7218723877843813,1.4770083184896974,0.1928943005591384,-0.4569284332834014,0.1228881613460787,NA,-0.3080945610919711,0.0780868809443031,-0.5846294853447727,-0.40286295622490625,-0.5817754052139578,1.3858960459927958,-1.1472563806918248,-1.0055211537720252,-0.6182554438033326,-0.387369474481757,-0.4203281809217936,-0.6627291789265504,-0.7204185155291688,0.18667971001501488,-0.39766278903484675,-0.6985096583396622,0.40012849330508016,0.5240721206037882,1.6593384878866406,-0.4447601764890343,1.8633552522202215,-0.9612687755124051,1.8884131386950045,1.0752678520139891,-0.5240721206037883,0.0780868809443028,-0.7325828173271733,-0.7742639234472536,-0.6084241122251017,-0.7083567647223846,2.1398214482841693,-0.387369474481757,1.1200263797027914,-1.0153908147193014,-0.45499476409534845,1.1589729651387355,0.3820441084950134,1.0469766696733802,1.17043089259838,-0.301362955872584,1.31873104612916
PCSI_0901,-0.6823007577011122,-0.38801900108736664,-0.5468950639727252,-0.3761045954303884,-0.8632969120198045,1.0636831444186945,-0.9233397605923284,1.588119253125639,-0.34426509679083167,-0.9170939552899384,-0.4569284332834014,0.1228881613460787,NA,-0.3080945610919711,0.0780868809443031,-0.5846294853447727,-0.40286295622490625,-0.5817754052139578,-0.826142411844854,0.4608636742950066,-1.0055211537720252,1.6861512103727252,2.63780165956625,2.3932971934118448,1.5329796159008087,1.4083857465750418,0.18667971001501488,-0.39766278903484675,-0.6985096583396622,0.40012849330508016,0.5240721206037882,1.6593384878866406,-0.4447601764890343,-0.5428672782058913,-0.9612687755124051,-0.5406045455871974,1.0752678520139891,1.9315801016539624,0.0780868809443028,-0.7325828173271733,1.3159300427313405,-0.6084241122251017,-0.7083567647223846,-0.4693288678392788,-0.387369474481757,-0.8984827002011403,0.9909235661718483,-0.45499476409534845,1.1589729651387355,0.3820441084950134,-0.9730724341670239,-0.781954590741082,-0.199928541314689,-0.488238912184913
PCSI_0903,-0.6823007577011122,-0.38801900108736664,-0.5468950639727252,-0.3761045954303884,1.2498477681480755,1.0636831444186945,1.1510125782726286,-0.7218723877843813,-0.34426509679083167,-0.9170939552899384,-0.4569284332834014,0.1228881613460787,NA,-0.3080945610919711,0.0780868809443031,-0.5846294853447727,-0.40286295622490625,2.105863086478692,-0.826142411844854,0.4608636742950066,-1.0055211537720252,-0.6182554438033326,-0.387369474481757,-0.4203281809217936,-0.6627291789265504,-0.7204185155291688,0.18667971001501488,-0.39766278903484675,-0.6985096583396622,0.40012849330508016,0.5240721206037882,-0.6084241122251016,-0.4447601764890343,-0.5428672782058913,-0.9612687755124051,-0.5406045455871974,1.0752678520139891,-0.5240721206037883,0.0780868809443028,1.3751993237545186,-0.7742639234472536,-0.6084241122251017,-0.7083567647223846,2.1398214482841693,2.63780165956625,-0.8984827002011403,-1.0153908147193014,2.25842855632782,-0.87387801114738894,-2.6015384530850914,-0.9730724341670239,-0.529940440814474,-0.376315435621301,-0.447171413132321
PCSI_0904,-0.6823007577011122,-0.38801900108736664,-0.5468950639727252,-0.3761045954303884,1.2498477681480755,1.0636831444186945,1.1510125782726286,1.588119253125639,-0.34426509679083167,-0.9170939552899384,-0.4569284332834014,0.1228881613460787,NA,-0.3080945610919711,0.0780868809443031,-0.5846294853447727,2.8598296275224824,-0.5817754052139578,-0.826142411844854,0.4608636742950066,1.1222913522745832,-0.6182554438033326,-0.387369474481757,-0.4203281809217936,1.5329796159008087,-0.7204185155291688,0.18667971001501488,-0.39766278903484675,-0.6985096583396622,0.40012849330508016,0.5240721206037882,1.6593384878866406,2.333931973766266,-0.5428672782058913,-0.9612687755124051,-0.5406045455871974,1.0752678520139891,-0.5240721206037883,0.0780868809443028,1.3751993237545186,-0.7742639234472536,-0.6084241122251017,-0.7083567647223846,-0.4693288678392788,-0.387369474481757,1.1200263797027914,-1.0153908147193014,-0.45499476409534845,-0.87387801114738894,0.3820441084950134,-0.9730724341670239,-0.750090732704384,-0.369623249929452,-0.662775783158432
PCSI_0905,1.5668916897960217,3.0988366799169142,-0.5468950639727252,2.9580118181146764,-0.8632969120198045,1.0636831444186945,-0.9233397605923284,1.588119253125639,-0.34426509679083167,1.3028825564082152,-0.4569284332834014,0.1228881613460787,NA,4.08560178839353,0.0780868809443031,-0.5846294853447727,-0.40286295622490625,-0.5817754052139578,-0.826142411844854,0.4608636742950066,1.1222913522745832,-0.6182554438033326,-0.387369474481757,-0.4203281809217936,-0.6627291789265504,-0.7204185155291688,0.18667971001501488,-0.39766278903484675,1.4228900447659782,0.40012849330508016,0.5240721206037882,-0.6084241122251016,2.333931973766266,-0.5428672782058913,1.0598604447957287,1.8884131386950045,1.0752678520139891,-0.5240721206037883,0.0780868809443028,1.3751993237545186,-0.7742639234472536,-0.6084241122251017,-0.7083567647223846,-0.4693288678392788,-0.387369474481757,1.1200263797027914,0.9909235661718483,-0.45499476409534845,1.1589729651387355,-2.6015384530850914,-0.9730724341670239,-0.570494441952089,-0.0985897294095344,0.394712317445826
PCSI_0907,-0.6823007577011122,-0.38801900108736664,-0.5468950639727252,-0.3761045954303884,1.2498477681480755,1.0636831444186945,-0.9233397605923284,-0.7218723877843813,-0.34426509679083167,1.3028825564082152,-0.4569284332834014,0.1228881613460787,NA,-0.3080945610919711,0.0780868809443031,-0.5846294853447727,-0.40286295622490625,-0.5817754052139578,-0.826142411844854,0.4608636742950066,1.1222913522745832,-0.6182554438033326,-0.387369474481757,-0.4203281809217936,-0.6627291789265504,-0.7204185155291688,0.18667971001501488,-0.39766278903484675,-0.6985096583396622,-2.5163636356741708,-1.9315801016539622,-0.6084241122251016,-0.4447601764890343,-0.5428672782058913,-0.9612687755124051,-0.5406045455871974,1.0752678520139891,-0.5240721206037883,0.0780868809443028,-0.7325828173271733,-0.7742639234472536,-0.6084241122251017,-0.7083567647223846,-0.4693288678392788,-0.387369474481757,-0.8984827002011403,-1.0153908147193014,-0.45499476409534845,-0.87387801114738894,0.3820441084950134,1.0469766696733802,-0.453177510089703,0.0944320264739622,-0.72437703173732
PCSI_0909,-0.6823007577011122,-0.38801900108736664,-0.5468950639727252,2.9580118181146764,-0.8632969120198045,1.0636831444186945,1.1510125782726286,1.588119253125639,-0.34426509679083167,-0.9170939552899384,-0.4569284332834014,0.1228881613460787,NA,-0.3080945610919711,0.0780868809443031,-0.5846294853447727,-0.40286295622490625,-0.5817754052139578,-0.826142411844854,0.4608636742950066,1.1222913522745832,-0.6182554438033326,-0.387369474481757,-0.4203281809217936,-0.6627291789265504,-0.7204185155291688,0.18667971001501488,-0.39766278903484675,1.4228900447659782,0.40012849330508016,0.5240721206037882,-0.6084241122251016,2.333931973766266,-0.5428672782058913,-0.9612687755124051,-0.5406045455871974,1.0752678520139891,1.9315801016539624,0.0780868809443028,-0.7325828173271733,1.3159300427313405,1.6593384878866408,1.4429489651752279,-0.4693288678392788,-0.387369474481757,-0.8984827002011403,-1.0153908147193014,-0.45499476409534845,-0.87387801114738894,0.3820441084950134,1.0469766696733802,-0.674776159163099,-0.257098927653634,-0.67304265792158
PCSI_0910,1.5668916897960217,-0.38801900108736664,-0.5468950639727252,-0.3761045954303884,1.2498477681480755,1.0636831444186945,1.1510125782726286,1.588119253125639,-0.34426509679083167,0.1928943005591384,2.6982826428630338,0.1228881613460787,NA,1.8887536136507792,0.0780868809443031,0.7378427297799544,-0.40286295622490625,-0.5817754052139578,1.3858960459927958,0.4608636742950066,1.1222913522745832,1.6861512103727252,-0.387369474481757,-0.4203281809217936,-0.6627291789265504,-0.7204185155291688,0.18667971001501488,-0.39766278903484675,-0.6985096583396622,0.40012849330508016,0.5240721206037882,-0.6084241122251016,-0.4447601764890343,-0.5428672782058913,-0.9612687755124051,-0.5406045455871974,1.0752678520139891,1.9315801016539624,0.0780868809443028,-0.7325828173271733,1.3159300427313405,-0.6084241122251017,-0.7083567647223846,-0.4693288678392788,-0.387369474481757,-0.8984827002011403,-1.0153908147193014,2.25842855632782,1.1589729651387355,0.3820441084950134,-0.9730724341670239,1.68170097836903,-0.365607938514342,0.00457107644619678
PCSI_0911,-0.6823007577011122,-0.38801900108736664,2.0528379937526933,-0.3761045954303884,1.2498477681480755,1.0636831444186945,-0.9233397605923284,-0.7218723877843813,-0.34426509679083167,1.3028825564082152,-0.4569284332834014,0.1228881613460787,NA,-0.3080945610919711,0.0780868809443031,-0.5846294853447727,-0.40286295622490625,-0.5817754052139578,-0.826142411844854,0.4608636742950066,1.1222913522745832,-0.6182554438033326,-0.387369474481757,-0.4203281809217936,1.5329796159008087,1.4083857465750418,0.18667971001501488,-0.39766278903484675,-0.6985096583396622,-2.5163636356741708,-1.9315801016539622,-0.6084241122251016,-0.4447601764890343,1.8633552522202215,1.0598604447957287,-0.5406045455871974,-0.9343495580178538,-0.5240721206037883,0.0780868809443028,-0.7325828173271733,1.3159300427313405,1.6593384878866408,1.4429489651752279,-0.4693288678392788,2.63780165956625,1.1200263797027914,0.9909235661718483,-0.45499476409534845,-0.87387801114738894,0.3820441084950134,-0.9730724341670239,-0.822508591878697,-0.521822673092664,-0.477972037421765
PCSI_0914,1.5668916897960217,-0.38801900108736664,-0.5468950639727252,-0.3761045954303884,-0.8632969120198045,-1.1375034257348182,-0.9233397605923284,1.588119253125639,-0.34426509679083167,-0.9170939552899384,-0.4569284332834014,0.1228881613460787,NA,-0.3080945610919711,0.0780868809443031,-0.5846294853447727,-0.40286295622490625,-0.5817754052139578,1.3858960459927958,0.4608636742950066,1.1222913522745832,-0.6182554438033326,-0.387369474481757,-0.4203281809217936,-0.6627291789265504,-0.7204185155291688,0.18667971001501488,-0.39766278903484675,1.4228900447659782,0.40012849330508016,-1.9315801016539622,-0.6084241122251016,2.333931973766266,-0.5428672782058913,1.0598604447957287,1.8884131386950045,1.0752678520139891,1.9315801016539624,0.0780868809443028,-0.7325828173271733,-0.7742639234472536,-0.6084241122251017,-0.7083567647223846,-0.4693288678392788,2.63780165956625,-0.8984827002011403,0.9909235661718483,-0.45499476409534845,-0.87387801114738894,0.3820441084950134,-0.9730724341670239,-0.722571946218145,-0.348399461021014,0.0148379512093449
PCSI_0915,-0.6823007577011122,-0.38801900108736664,-0.5468950639727252,-0.3761045954303884,1.2498477681480755,-1.1375034257348182,-0.9233397605923284,-0.7218723877843813,3.298281733770226,-0.9170939552899384,-0.4569284332834014,0.1228881613460787,NA,-0.3080945610919711,0.0780868809443031,2.0603149449046816,-0.40286295622490625,-0.5817754052139578,1.3858960459927958,0.4608636742950066,-1.0055211537720252,1.6861512103727252,-0.387369474481757,-0.4203281809217936,-0.6627291789265504,-0.7204185155291688,0.18667971001501488,-0.39766278903484675,-0.6985096583396622,0.40012849330508016,0.5240721206037882,-0.6084241122251016,-0.4447601764890343,-0.5428672782058913,1.0598604447957287,-0.5406045455871974,-0.9343495580178538,-0.5240721206037883,0.0780868809443028,1.3751993237545186,1.3159300427313405,-0.6084241122251017,-0.7083567647223846,-0.4693288678392788,-0.387369474481757,1.1200263797027914,0.9909235661718483,-0.45499476409534845,1.1589729651387355,0.3820441084950134,1.0469766696733802,-0.767471018906219,0.179900798024158,1.6472710385499
PCSI_0916,1.5668916897960217,-0.38801900108736664,2.0528379937526933,-0.3761045954303884,1.2498477681480755,1.0636831444186945,-0.9233397605923284,-0.7218723877843813,-0.34426509679083167,-0.9170939552899384,2.6982826428630338,0.1228881613460787,NA,-0.3080945610919711,0.0780868809443031,-0.5846294853447727,-0.40286295622490625,-0.5817754052139578,1.3858960459927958,0.4608636742950066,-1.0055211537720252,-0.6182554438033326,-0.387369474481757,-0.4203281809217936,-0.6627291789265504,-0.7204185155291688,0.18667971001501488,-0.39766278903484675,1.4228900447659782,0.40012849330508016,0.5240721206037882,-0.6084241122251016,-0.4447601764890343,-0.5428672782058913,-0.9612687755124051,-0.5406045455871974,1.0752678520139891,1.9315801016539624,0.0780868809443028,-0.7325828173271733,-0.7742639234472536,-0.6084241122251017,-0.7083567647223846,-0.4693288678392788,-0.387369474481757,1.1200263797027914,0.9909235661718483,-0.45499476409534845,1.1589729651387355,0.3820441084950134,1.0469766696733802,-0.735607160869522,-0.114555372417233,0.394712317445826
PCSI_0919,-0.6823007577011122,-0.38801900108736664,-0.5468950639727252,-0.3761045954303884,-0.8632969120198045,1.0636831444186945,-0.9233397605923284,1.588119253125639,-0.34426509679083167,-0.9170939552899384,-0.4569284332834014,0.1228881613460787,NA,-0.3080945610919711,0.0780868809443031,-0.5846294853447727,-0.40286295622490625,-0.5817754052139578,-0.826142411844854,-1.1472563806918248,-1.0055211537720252,-0.6182554438033326,-0.387369474481757,2.3932971934118448,1.5329796159008087,1.4083857465750418,0.18667971001501488,2.5667325474067377,-0.6985096583396622,0.40012849330508016,0.5240721206037882,1.6593384878866406,2.333931973766266,1.8633552522202215,1.0598604447957287,1.8884131386950045,1.0752678520139891,1.9315801016539624,0.0780868809443028,-0.7325828173271733,1.3159300427313405,-0.6084241122251017,-0.7083567647223846,-0.4693288678392788,2.63780165956625,1.1200263797027914,0.9909235661718483,-0.45499476409534845,1.1589729651387355,0.3820441084950134,1.0469766696733802,1.35292389771765,-0.511401983943927,-0.714110156974172
PCSI_0920,1.5668916897960217,-0.38801900108736664,-0.5468950639727252,-0.3761045954303884,1.2498477681480755,-1.1375034257348182,-0.9233397605923284,-0.7218723877843813,-0.34426509679083167,-0.9170939552899384,-0.4569284332834014,0.1228881613460787,NA,4.08560178839353,0.0780868809443031,-0.5846294853447727,-0.40286295622490625,-0.5817754052139578,-0.826142411844854,-2.755376435678656,-1.0055211537720252,-0.6182554438033326,-0.387369474481757,-0.4203281809217936,1.5329796159008087,-0.7204185155291688,0.18667971001501488,-0.39766278903484675,1.4228900447659782,0.40012849330508016,0.5240721206037882,1.6593384878866406,-0.4447601764890343,-0.5428672782058913,1.0598604447957287,-0.5406045455871974,-0.9343495580178538,-0.5240721206037883,0.0780868809443028,1.3751993237545186,1.3159300427313405,-0.6084241122251017,-0.7083567647223846,-0.4693288678392788,-0.387369474481757,-0.8984827002011403,-1.0153908147193014,2.25842855632782,-0.87387801114738894,0.3820441084950134,1.0469766696733802,-0.741400589603467,-0.348686268979236,-0.211033293579914
PCSI_0922,-0.6823007577011122,-0.38801900108736664,2.0528379937526933,-0.3761045954303884,-0.8632969120198045,1.0636831444186945,1.1510125782726286,1.588119253125639,-0.34426509679083167,-0.9170939552899384,-0.4569284332834014,0.1228881613460787,NA,-0.3080945610919711,0.0780868809443031,2.0603149449046816,-0.40286295622490625,-0.5817754052139578,1.3858960459927958,0.4608636742950066,1.1222913522745832,-0.6182554438033326,-0.387369474481757,-0.4203281809217936,-0.6627291789265504,-0.7204185155291688,0.18667971001501488,-0.39766278903484675,-0.6985096583396622,0.40012849330508016,0.5240721206037882,-0.6084241122251016,-0.4447601764890343,1.8633552522202215,1.0598604447957287,-0.5406045455871974,-0.9343495580178538,-0.5240721206037883,0.0780868809443028,-0.7325828173271733,1.3159300427313405,-0.6084241122251017,-0.7083567647223846,-0.4693288678392788,-0.387369474481757,-0.8984827002011403,-1.0153908147193014,-0.45499476409534845,1.1589729651387355,0.3820441084950134,1.0469766696733802,-0.673327801979613,-0.454996418826907,-0.354769540263988
PCSI_0923,-0.6823007577011122,-0.38801900108736664,-0.5468950639727252,-0.3761045954303884,-0.8632969120198045,1.0636831444186945,1.1510125782726286,1.588119253125639,-0.34426509679083167,-0.9170939552899384,-0.4569284332834014,0.1228881613460787,NA,-0.3080945610919711,0.0780868809443031,-0.5846294853447727,2.8598296275224824,-0.5817754052139578,-0.826142411844854,0.4608636742950066,1.1222913522745832,-0.6182554438033326,-0.387369474481757,-0.4203281809217936,-0.6627291789265504,-0.7204185155291688,0.18667971001501488,-0.39766278903484675,1.4228900447659782,0.40012849330508016,0.5240721206037882,-0.6084241122251016,2.333931973766266,-0.5428672782058913,1.0598604447957287,-0.5406045455871974,1.0752678520139891,-0.5240721206037883,0.0780868809443028,-0.7325828173271733,1.3159300427313405,1.6593384878866408,1.4429489651752279,-0.4693288678392788,-0.387369474481757,1.1200263797027914,-1.0153908147193014,-0.45499476409534845,-0.87387801114738894,0.3820441084950134,1.0469766696733802,-0.802231591309889,-0.143809784155891,-0.200766418816766
PCSI_0927,-0.6823007577011122,-0.38801900108736664,-0.5468950639727252,-0.3761045954303884,-0.8632969120198045,1.0636831444186945,1.1510125782726286,-0.7218723877843813,-0.34426509679083167,1.3028825564082152,2.6982826428630338,0.1228881613460787,NA,-0.3080945610919711,0.0780868809443031,-0.5846294853447727,-0.40286295622490625,-0.5817754052139578,-0.826142411844854,0.4608636742950066,1.1222913522745832,-0.6182554438033326,-0.387369474481757,-0.4203281809217936,-0.6627291789265504,-0.7204185155291688,0.18667971001501488,-0.39766278903484675,1.4228900447659782,0.40012849330508016,0.5240721206037882,-0.6084241122251016,-0.4447601764890343,-0.5428672782058913,-0.9612687755124051,-0.5406045455871974,-0.9343495580178538,1.9315801016539624,0.0780868809443028,-0.7325828173271733,1.3159300427313405,-0.6084241122251017,-0.7083567647223846,2.1398214482841693,-0.387369474481757,-0.8984827002011403,-1.0153908147193014,-0.45499476409534845,-0.87387801114738894,0.3820441084950134,-0.9730724341670239,-0.612496800273191,-0.20815036945039,1.49326791710268
PCSI_0928,-0.6823007577011122,-0.38801900108736664,-0.5468950639727252,-0.3761045954303884,1.2498477681480755,1.0636831444186945,1.1510125782726286,-0.7218723877843813,-0.34426509679083167,-0.9170939552899384,-0.4569284332834014,0.1228881613460787,NA,-0.3080945610919711,0.0780868809443031,-0.5846294853447727,-0.40286295622490625,-0.5817754052139578,-0.826142411844854,0.4608636742950066,1.1222913522745832,-0.6182554438033326,-0.387369474481757,-0.4203281809217936,-0.6627291789265504,-0.7204185155291688,0.18667971001501488,-0.39766278903484675,-0.6985096583396622,0.40012849330508016,0.5240721206037882,-0.6084241122251016,-0.4447601764890343,-0.5428672782058913,-0.9612687755124051,1.8884131386950045,1.0752678520139891,-0.5240721206037883,0.0780868809443028,-0.7325828173271733,-0.7742639234472536,-0.6084241122251017,-0.7083567647223846,-0.4693288678392788,-0.387369474481757,-0.8984827002011403,0.9909235661718483,-0.45499476409534845,-0.87387801114738894,0.3820441084950134,-0.9730724341670239,-0.570494441952089,-0.385110879673447,-0.888647027947691
PCSI_0931,-0.6823007577011122,-0.38801900108736664,-0.5468950639727252,-0.3761045954303884,-0.8632969120198045,1.0636831444186945,-0.9233397605923284,-0.7218723877843813,-0.34426509679083167,-0.9170939552899384,-0.4569284332834014,0.1228881613460787,NA,-0.3080945610919711,0.0780868809443031,-0.5846294853447727,-0.40286295622490625,-0.5817754052139578,-0.826142411844854,0.4608636742950066,-1.0055211537720252,-0.6182554438033326,-0.387369474481757,-0.4203281809217936,-0.6627291789265504,1.4083857465750418,0.18667971001501488,-0.39766278903484675,-0.6985096583396622,0.40012849330508016,0.5240721206037882,-0.6084241122251016,-0.4447601764890343,-0.5428672782058913,-0.9612687755124051,1.8884131386950045,1.0752678520139891,-0.5240721206037883,0.0780868809443028,-0.7325828173271733,-0.7742639234472536,-0.6084241122251017,-0.7083567647223846,-0.4693288678392788,-0.387369474481757,-0.8984827002011403,-1.0153908147193014,-0.45499476409534845,-0.87387801114738894,0.3820441084950134,1.0469766696733802,-0.892029736686037,-0.328800917209168,-0.303435166448247
PCSI_0933,-0.6823007577011122,-0.38801900108736664,-0.5468950639727252,-0.3761045954303884,0.19327542806413542,1.0636831444186945,-0.9233397605923284,1.588119253125639,-0.34426509679083167,1.3028825564082152,-0.4569284332834014,0.1228881613460787,NA,-0.3080945610919711,0.0780868809443031,-0.5846294853447727,-0.40286295622490625,-0.5817754052139578,-0.826142411844854,0.4608636742950066,1.1222913522745832,1.6861512103727252,2.63780165956625,-0.4203281809217936,1.5329796159008087,1.4083857465750418,0.18667971001501488,-0.39766278903484675,-0.6985096583396622,0.40012849330508016,0.5240721206037882,1.6593384878866406,-0.4447601764890343,1.8633552522202215,1.0598604447957287,1.8884131386950045,-0.9343495580178538,-0.5240721206037883,0.0780868809443028,1.3751993237545186,-0.7742639234472536,-0.6084241122251017,-0.7083567647223846,-0.4693288678392788,-0.387369474481757,-0.8984827002011403,0.9909235661718483,-0.45499476409534845,-0.87387801114738894,0.3820441084950134,-0.9730724341670239,-0.750090732704384,-0.198207693565356,-0.34450266550084
PCSI_1009,1.5668916897960217,-0.38801900108736664,-0.5468950639727252,-0.3761045954303884,-0.8632969120198045,0.5133865018803163,-0.4047516758760892,-0.14437447755687627,-0.34426509679083167,-0.9170939552899384,-0.4569284332834014,0.1228881613460787,NA,-0.3080945610919711,0.0780868809443031,0.07660662221759089,-0.40286295622490625,-0.5817754052139578,-0.27313279738544155,-0.3431963531984091,-0.47356802726037317,0.5339478832846962,-0.387369474481757,-0.4203281809217936,0.43512521848712904,1.4083857465750418,0.18667971001501488,-0.39766278903484675,1.4228900447659782,0.40012849330508016,0.5240721206037882,1.6593384878866406,-0.4447601764890343,0.6602439870071651,0.049295834641661845,0.6739042965539036,1.0752678520139891,-0.5240721206037883,0.0780868809443028,0.32130825321367257,1.3159300427313405,-0.6084241122251017,-0.7083567647223846,-0.4693288678392788,1.1252160925422465,1.1200263797027914,0.9909235661718483,-0.45499476409534845,-0.87387801114738894,0.3820441084950134,1.0469766696733802,-0.209370717536184,-0.311433101961272,3.24205891842557
PCSI_1054,-0.6823007577011122,-0.38801900108736664,-0.5468950639727252,-0.3761045954303884,1.2498477681480755,-0.03691014065806186,-0.9233397605923284,-0.7218723877843813,-0.34426509679083167,0.1928943005591384,-0.4569284332834014,0.1228881613460787,NA,-0.3080945610919711,0.0780868809443031,-0.5846294853447727,-0.40286295622490625,2.105863086478692,-0.826142411844854,0.4608636742950066,1.1222913522745832,1.6861512103727252,2.63780165956625,-0.4203281809217936,1.5329796159008087,1.4083857465750418,0.18667971001501488,-0.39766278903484675,-0.6985096583396622,0.40012849330508016,0.5240721206037882,1.6593384878866406,0.9445858986386159,1.8633552522202215,1.0598604447957287,0.6739042965539036,-0.9343495580178538,1.9315801016539624,0.0780868809443028,-0.7325828173271733,1.3159300427313405,-0.6084241122251017,1.4429489651752279,2.1398214482841693,1.1252160925422465,1.1200263797027914,0.9909235661718483,2.25842855632782,1.1589729651387355,0.3820441084950134,-0.9730724341670239,-1.10964540350485,-0.450694299453575,-0.408670632770515
PCSI_1055,-0.6823007577011122,-0.38801900108736664,2.0528379937526933,2.9580118181146764,1.2498477681480755,1.0636831444186945,-0.9233397605923284,-0.7218723877843813,-0.34426509679083167,-0.9170939552899384,2.6982826428630338,0.1228881613460787,NA,-0.3080945610919711,0.0780868809443031,-0.5846294853447727,-0.40286295622490625,-0.5817754052139578,-0.826142411844854,0.4608636742950066,1.1222913522745832,-0.6182554438033326,2.63780165956625,-0.4203281809217936,-0.6627291789265504,-0.7204185155291688,0.18667971001501488,-0.39766278903484675,-0.6985096583396622,-2.5163636356741708,-1.9315801016539622,-0.6084241122251016,-0.4447601764890343,-0.5428672782058913,-0.9612687755124051,-0.5406045455871974,-0.9343495580178538,-0.5240721206037883,0.0780868809443028,-0.7325828173271733,-0.7742639234472536,-0.6084241122251017,1.4429489651752279,-0.4693288678392788,-0.387369474481757,-0.8984827002011403,-1.0153908147193014,-0.45499476409534845,-0.87387801114738894,-2.6015384530850914,-0.9730724341670239,-0.350344150062179,7.00994551512607,-0.549840160763802
PCSI_1080,-0.6823007577011122,-0.38801900108736664,-0.5468950639727252,-0.3761045954303884,1.2498477681480755,-1.1375034257348182,1.1510125782726286,-0.7218723877843813,-0.34426509679083167,1.3028825564082152,-0.4569284332834014,0.1228881613460787,NA,-0.3080945610919711,0.0780868809443031,-0.5846294853447727,-0.40286295622490625,-0.5817754052139578,-0.826142411844854,0.4608636742950066,-1.0055211537720252,1.6861512103727252,2.63780165956625,-0.4203281809217936,-0.6627291789265504,1.4083857465750418,0.18667971001501488,-0.39766278903484675,1.4228900447659782,0.40012849330508016,0.5240721206037882,-0.6084241122251016,2.333931973766266,-0.5428672782058913,-0.9612687755124051,-0.5406045455871974,-0.9343495580178538,-0.5240721206037883,0.0780868809443028,-0.7325828173271733,-0.7742639234472536,-0.6084241122251017,-0.7083567647223846,-0.4693288678392788,-0.387369474481757,-0.8984827002011403,-1.0153908147193014,-0.45499476409534845,-0.87387801114738894,0.3820441084950134,-0.9730724341670239,-0.493731511227318,0.16001544625409,-0.118631420711581
PCSI_1082,1.5668916897960217,-0.38801900108736664,-0.5468950639727252,-0.3761045954303884,-0.8632969120198045,1.0636831444186945,-0.9233397605923284,-0.7218723877843813,-0.34426509679083167,-0.9170939552899384,-0.4569284332834014,0.1228881613460787,NA,-0.3080945610919711,0.0780868809443031,-0.5846294853447727,2.8598296275224824,-0.5817754052139578,-0.826142411844854,-2.755376435678656,-1.0055211537720252,-0.6182554438033326,-0.387369474481757,-0.4203281809217936,-0.6627291789265504,-0.7204185155291688,0.18667971001501488,-0.39766278903484675,1.4228900447659782,-2.5163636356741708,0.5240721206037882,1.6593384878866406,-0.4447601764890343,1.8633552522202215,1.0598604447957287,-0.5406045455871974,-0.9343495580178538,-0.5240721206037883,0.0780868809443028,-0.7325828173271733,-0.7742639234472536,-0.6084241122251017,-0.7083567647223846,-0.4693288678392788,-0.387369474481757,1.1200263797027914,0.9909235661718483,-0.45499476409534845,-0.87387801114738894,0.3820441084950134,1.0469766696733802,-0.699398231282365,-0.211209654338093,0.220175446472308
PCSI_1083,-0.6823007577011122,-0.38801900108736664,-0.5468950639727252,-0.3761045954303884,-0.8632969120198045,-1.1375034257348182,-0.9233397605923284,1.588119253125639,-0.34426509679083167,-0.9170939552899384,-0.4569284332834014,0.1228881613460787,NA,-0.3080945610919711,0.0780868809443031,-0.5846294853447727,-0.40286295622490625,-0.5817754052139578,-0.826142411844854,-2.755376435678656,-1.0055211537720252,-0.6182554438033326,-0.387369474481757,-0.4203281809217936,-0.6627291789265504,-0.7204185155291688,0.18667971001501488,-0.39766278903484675,-0.6985096583396622,0.40012849330508016,0.5240721206037882,1.6593384878866406,-0.4447601764890343,-0.5428672782058913,1.0598604447957287,1.8884131386950045,1.0752678520139891,-0.5240721206037883,0.0780868809443028,-0.7325828173271733,-0.7742639234472536,-0.6084241122251017,-0.7083567647223846,2.1398214482841693,-0.387369474481757,-0.8984827002011403,-1.0153908147193014,-0.45499476409534845,1.1589729651387355,0.3820441084950134,1.0469766696733802,-0.606703371539246,-0.391611860059815,-0.50877266171121
PCSI_1085,1.5668916897960217,-0.38801900108736664,-0.5468950639727252,-0.3761045954303884,1.2498477681480755,-0.03691014065806186,-0.9233397605923284,-0.7218723877843813,1.4770083184896974,1.3028825564082152,-0.4569284332834014,0.1228881613460787,NA,-0.3080945610919711,0.0780868809443031,2.0603149449046816,-0.40286295622490625,-0.5817754052139578,0.279876817073971,0.4608636742950066,1.1222913522745832,1.6861512103727252,-0.387369474481757,-0.4203281809217936,-0.6627291789265504,-0.7204185155291688,0.18667971001501488,-0.39766278903484675,-0.6985096583396622,-2.5163636356741708,-1.9315801016539622,-0.6084241122251016,-0.4447601764890343,-0.5428672782058913,1.0598604447957287,-0.5406045455871974,1.0752678520139891,1.9315801016539624,0.0780868809443028,-0.7325828173271733,-0.7742639234472536,-0.6084241122251017,-0.7083567647223846,2.1398214482841693,2.63780165956625,1.1200263797027914,-1.0153908147193014,2.25842855632782,-0.87387801114738894,0.3820441084950134,1.0469766696733802,-0.305445077374106,-0.305760677898656,-0.590907659816395
PCSI_1088,-0.6823007577011122,1.3554088394147739,-0.5468950639727252,-0.3761045954303884,0.19327542806413542,-0.03691014065806186,0.11383640884015006,0.4331234326706288,-0.34426509679083167,1.3028825564082152,2.6982826428630338,0.1228881613460787,NA,-0.3080945610919711,0.0780868809443031,0.7378427297799544,-0.40286295622490625,0.7620438406323673,-0.826142411844854,-2.755376435678656,-1.0055211537720252,1.6861512103727252,2.63780165956625,-0.4203281809217936,-0.6627291789265504,-0.7204185155291688,0.18667971001501488,-0.39766278903484675,-0.6985096583396622,-2.5163636356741708,-1.9315801016539622,-0.6084241122251016,-0.4447601764890343,1.8633552522202215,1.0598604447957287,-0.5406045455871974,-0.9343495580178538,1.9315801016539624,0.0780868809443028,-0.7325828173271733,1.3159300427313405,1.6593384878866408,1.4429489651752279,2.1398214482841693,-0.387369474481757,-0.8984827002011403,-1.0153908147193014,-0.45499476409534845,-0.87387801114738894,0.3820441084950134,1.0469766696733802,-0.939825523741083,0.965180987636363,-0.282901416921951
PCSI_1090,1.5668916897960217,-0.38801900108736664,2.0528379937526933,-0.3761045954303884,-0.8632969120198045,1.0636831444186945,-0.9233397605923284,-0.7218723877843813,-0.34426509679083167,-0.9170939552899384,-0.4569284332834014,0.1228881613460787,NA,-0.3080945610919711,0.0780868809443031,-0.5846294853447727,-0.40286295622490625,-0.5817754052139578,1.3858960459927958,0.4608636742950066,1.1222913522745832,-0.6182554438033326,2.63780165956625,-0.4203281809217936,1.5329796159008087,-0.7204185155291688,0.18667971001501488,-0.39766278903484675,1.4228900447659782,0.40012849330508016,0.5240721206037882,-0.6084241122251016,-0.4447601764890343,-0.5428672782058913,-0.9612687755124051,-0.5406045455871974,1.0752678520139891,-0.5240721206037883,0.0780868809443028,1.3751993237545186,-0.7742639234472536,-0.6084241122251017,-0.7083567647223846,-0.4693288678392788,-0.387369474481757,-0.8984827002011403,0.9909235661718483,2.25842855632782,1.1589729651387355,-2.6015384530850914,-0.9730724341670239,-0.560355941667686,-0.254995669293338,-0.354769540263988
PCSI_1091,-0.6823007577011122,-0.38801900108736664,-0.5468950639727252,-0.3761045954303884,-0.8632969120198045,1.0636831444186945,1.1510125782726286,-0.7218723877843813,3.298281733770226,-0.9170939552899384,-0.4569284332834014,0.1228881613460787,NA,-0.3080945610919711,0.0780868809443031,-0.5846294853447727,-0.40286295622490625,-0.5817754052139578,-0.826142411844854,0.4608636742950066,1.1222913522745832,-0.6182554438033326,-0.387369474481757,-0.4203281809217936,-0.6627291789265504,-0.7204185155291688,0.18667971001501488,-0.39766278903484675,-0.6985096583396622,0.40012849330508016,0.5240721206037882,-0.6084241122251016,-0.4447601764890343,-0.5428672782058913,1.0598604447957287,1.8884131386950045,-0.9343495580178538,-0.5240721206037883,0.0780868809443028,-0.7325828173271733,-0.7742639234472536,-0.6084241122251017,-0.7083567647223846,-0.4693288678392788,2.63780165956625,-0.8984827002011403,0.9909235661718483,-0.45499476409534845,-0.87387801114738894,-2.6015384530850914,-0.9730724341670239,-0.570494441952089,-0.225836860207421,-0.734643906500469
PCSI_1111,-0.6823007577011122,-0.38801900108736664,0.7529714648899841,1.290953611342144,1.2498477681480755,-0.03691014065806186,1.1510125782726286,0.4331234326706288,-0.34426509679083167,0.1928943005591384,-0.4569284332834014,0.1228881613460787,NA,-0.3080945610919711,0.0780868809443031,0.7378427297799544,-0.40286295622490625,0.7620438406323673,1.3858960459927958,0.4608636742950066,-1.0055211537720252,-0.6182554438033326,-0.387369474481757,-0.4203281809217936,-0.6627291789265504,-0.7204185155291688,0.18667971001501488,2.5667325474067377,-0.6985096583396622,0.40012849330508016,-1.9315801016539622,-0.6084241122251016,-0.4447601764890343,-0.5428672782058913,-0.9612687755124051,-0.5406045455871974,1.0752678520139891,-0.5240721206037883,0.0780868809443028,1.3751993237545186,1.3159300427313405,-0.6084241122251017,-0.7083567647223846,-0.4693288678392788,-0.387369474481757,-0.8984827002011403,-1.0153908147193014,-0.45499476409534845,-0.87387801114738894,0.3820441084950134,1.0469766696733802,1.34278539743325,-0.192662739706395,-0.0878307964221364
PCSI_1113,-0.6823007577011122,-0.38801900108736664,-0.5468950639727252,-0.3761045954303884,1.2498477681480755,1.0636831444186945,-0.9233397605923284,-0.7218723877843813,-0.34426509679083167,1.3028825564082152,-0.4569284332834014,0.1228881613460787,NA,-0.3080945610919711,0.0780868809443031,-0.5846294853447727,-0.40286295622490625,-0.5817754052139578,-0.826142411844854,0.4608636742950066,-1.0055211537720252,-0.6182554438033326,-0.387369474481757,-0.4203281809217936,-0.6627291789265504,-0.7204185155291688,0.18667971001501488,-0.39766278903484675,-0.6985096583396622,0.40012849330508016,-1.9315801016539622,-0.6084241122251016,-0.4447601764890343,1.8633552522202215,1.0598604447957287,-0.5406045455871974,-0.9343495580178538,-0.5240721206037883,0.0780868809443028,-0.7325828173271733,-0.7742639234472536,-0.6084241122251017,-0.7083567647223846,-0.4693288678392788,-0.387369474481757,1.1200263797027914,0.9909235661718483,-0.45499476409534845,-0.87387801114738894,0.3820441084950134,-0.9730724341670239,-0.600909942805301,-0.257481338264597,-0.67304265792158
PCSI_1117,1.5668916897960217,-0.38801900108736664,-0.5468950639727252,-0.3761045954303884,-0.8632969120198045,1.0636831444186945,1.1510125782726286,-0.7218723877843813,-0.34426509679083167,-0.9170939552899384,-0.4569284332834014,0.1228881613460787,NA,-0.3080945610919711,0.0780868809443031,-0.5846294853447727,-0.40286295622490625,-0.5817754052139578,-0.826142411844854,0.4608636742950066,1.1222913522745832,-0.6182554438033326,-0.387369474481757,-0.4203281809217936,-0.6627291789265504,-0.7204185155291688,0.18667971001501488,-0.39766278903484675,-0.6985096583396622,0.40012849330508016,0.5240721206037882,-0.6084241122251016,-0.4447601764890343,-0.5428672782058913,-0.9612687755124051,-0.5406045455871974,-0.9343495580178538,1.9315801016539624,0.0780868809443028,1.3751993237545186,-0.7742639234472536,-0.6084241122251017,-0.7083567647223846,-0.4693288678392788,-0.387369474481757,-0.8984827002011403,-1.0153908147193014,-0.45499476409534845,1.1589729651387355,0.3820441084950134,1.0469766696733802,-0.569046084768603,-0.254708861335116,-0.621708284105839
PCSI_1118,-0.6823007577011122,-0.38801900108736664,-0.5468950639727252,-0.3761045954303884,1.2498477681480755,1.0636831444186945,1.1510125782726286,-0.7218723877843813,-0.34426509679083167,-0.9170939552899384,-0.4569284332834014,0.1228881613460787,NA,-0.3080945610919711,0.0780868809443031,-0.5846294853447727,-0.40286295622490625,-0.5817754052139578,1.3858960459927958,0.4608636742950066,1.1222913522745832,-0.6182554438033326,-0.387369474481757,-0.4203281809217936,-0.6627291789265504,-0.7204185155291688,0.18667971001501488,-0.39766278903484675,-0.6985096583396622,0.40012849330508016,0.5240721206037882,1.6593384878866406,-0.4447601764890343,-0.5428672782058913,-0.9612687755124051,-0.5406045455871974,1.0752678520139891,-0.5240721206037883,0.0780868809443028,1.3751993237545186,-0.7742639234472536,-0.6084241122251017,-0.7083567647223846,-0.4693288678392788,-0.387369474481757,1.1200263797027914,0.9909235661718483,-0.45499476409534845,-0.87387801114738894,0.3820441084950134,-0.9730724341670239,-0.715330160300714,-0.265320755789335,-0.477972037421765
PCSI_1119,-0.6823007577011122,-0.38801900108736664,-0.5468950639727252,-0.3761045954303884,-0.8632969120198045,1.0636831444186945,-0.9233397605923284,-0.7218723877843813,-0.34426509679083167,-0.9170939552899384,-0.4569284332834014,0.1228881613460787,NA,-0.3080945610919711,0.0780868809443031,-0.5846294853447727,-0.40286295622490625,-0.5817754052139578,-0.826142411844854,0.4608636742950066,-1.0055211537720252,1.6861512103727252,-0.387369474481757,-0.4203281809217936,1.5329796159008087,-0.7204185155291688,0.18667971001501488,-0.39766278903484675,1.4228900447659782,0.40012849330508016,0.5240721206037882,-0.6084241122251016,-0.4447601764890343,-0.5428672782058913,-0.9612687755124051,1.8884131386950045,1.0752678520139891,-0.5240721206037883,0.0780868809443028,-0.7325828173271733,1.3159300427313405,-0.6084241122251017,-0.7083567647223846,-0.4693288678392788,-0.387369474481757,1.1200263797027914,0.9909235661718483,-0.45499476409534845,-0.87387801114738894,0.3820441084950134,1.0469766696733802,-0.839888878080532,-0.374881395830191,-0.436904538369173
PCSI_1122,-0.6823007577011122,-0.38801900108736664,-0.5468950639727252,-0.3761045954303884,1.2498477681480755,1.0636831444186945,-0.9233397605923284,1.588119253125639,-0.34426509679083167,-0.9170939552899384,-0.4569284332834014,0.1228881613460787,NA,4.08560178839353,0.0780868809443031,2.0603149449046816,-0.40286295622490625,-0.5817754052139578,1.3858960459927958,0.4608636742950066,-1.0055211537720252,-0.6182554438033326,-0.387369474481757,-0.4203281809217936,-0.6627291789265504,-0.7204185155291688,0.18667971001501488,-0.39766278903484675,1.4228900447659782,0.40012849330508016,0.5240721206037882,1.6593384878866406,-0.4447601764890343,-0.5428672782058913,-0.9612687755124051,-0.5406045455871974,1.0752678520139891,-0.5240721206037883,0.0780868809443028,1.3751993237545186,1.3159300427313405,-0.6084241122251017,-0.7083567647223846,-0.4693288678392788,-0.387369474481757,1.1200263797027914,-1.0153908147193014,-0.45499476409534845,1.1589729651387355,0.3820441084950134,-0.9730724341670239,-0.69360480254842,-0.365225527903379,-0.519039536474358
PCSI_1128,-0.6823007577011122,-0.38801900108736664,-0.5468950639727252,-0.3761045954303884,1.2498477681480755,-1.1375034257348182,-0.9233397605923284,-0.7218723877843813,-0.34426509679083167,1.3028825564082152,-0.4569284332834014,0.1228881613460787,NA,-0.3080945610919711,0.0780868809443031,2.0603149449046816,-0.40286295622490625,-0.5817754052139578,-0.826142411844854,0.4608636742950066,-1.0055211537720252,-0.6182554438033326,-0.387369474481757,-0.4203281809217936,1.5329796159008087,1.4083857465750418,0.18667971001501488,-0.39766278903484675,-0.6985096583396622,0.40012849330508016,0.5240721206037882,-0.6084241122251016,-0.4447601764890343,-0.5428672782058913,-0.9612687755124051,-0.5406045455871974,-0.9343495580178538,-0.5240721206037883,0.0780868809443028,-0.7325828173271733,1.3159300427313405,-0.6084241122251017,-0.7083567647223846,-0.4693288678392788,-0.387369474481757,1.1200263797027914,0.9909235661718483,-0.45499476409534845,1.1589729651387355,0.3820441084950134,-0.9730724341670239,-0.592219799704383,-0.403084178388701,-0.693576407447876
PCSI_1129,1.5668916897960217,-0.38801900108736664,-0.5468950639727252,2.9580118181146764,-0.8632969120198045,1.0636831444186945,1.1510125782726286,-0.7218723877843813,3.298281733770226,1.3028825564082152,-0.4569284332834014,0.1228881613460787,NA,-0.3080945610919711,0.0780868809443031,-0.5846294853447727,-0.40286295622490625,-0.5817754052139578,1.3858960459927958,0.4608636742950066,1.1222913522745832,-0.6182554438033326,-0.387369474481757,2.3932971934118448,-0.6627291789265504,1.4083857465750418,0.18667971001501488,-0.39766278903484675,-0.6985096583396622,-2.5163636356741708,0.5240721206037882,-0.6084241122251016,-0.4447601764890343,-0.5428672782058913,1.0598604447957287,-0.5406045455871974,1.0752678520139891,-0.5240721206037883,0.0780868809443028,1.3751993237545186,-0.7742639234472536,-0.6084241122251017,-0.7083567647223846,2.1398214482841693,-0.387369474481757,1.1200263797027914,-1.0153908147193014,-0.45499476409534845,1.1589729651387355,0.3820441084950134,1.0469766696733802,-0.854372449915394,0.304566657198046,1.74993978618138
PCSI_1130,-0.6823007577011122,-0.38801900108736664,-0.5468950639727252,-0.3761045954303884,-0.8632969120198045,-1.1375034257348182,1.1510125782726286,1.588119253125639,-0.34426509679083167,1.3028825564082152,-0.4569284332834014,0.1228881613460787,NA,-0.3080945610919711,0.0780868809443031,-0.5846294853447727,-0.40286295622490625,-0.5817754052139578,1.3858960459927958,0.4608636742950066,-1.0055211537720252,-0.6182554438033326,-0.387369474481757,-0.4203281809217936,1.5329796159008087,-0.7204185155291688,0.18667971001501488,2.5667325474067377,-0.6985096583396622,0.40012849330508016,0.5240721206037882,1.6593384878866406,2.333931973766266,1.8633552522202215,1.0598604447957287,-0.5406045455871974,-0.9343495580178538,-0.5240721206037883,0.0780868809443028,1.3751993237545186,-0.7742639234472536,1.6593384878866408,1.4429489651752279,-0.4693288678392788,-0.387369474481757,-0.8984827002011403,-1.0153908147193014,2.25842855632782,-0.87387801114738894,0.3820441084950134,-0.9730724341670239,-0.8326470921631,-0.33042616230576,0.0353717007356412
PCSI_1134,1.5668916897960217,-0.38801900108736664,-0.5468950639727252,-0.3761045954303884,-0.8632969120198045,1.0636831444186945,1.1510125782726286,0.4331234326706288,-0.34426509679083167,0.1928943005591384,1.1206771047898163,0.1228881613460787,NA,-0.3080945610919711,0.0780868809443031,-0.5846294853447727,-0.40286295622490625,-0.5817754052139578,1.3858960459927958,-2.755376435678656,-1.0055211537720252,-0.6182554438033326,-0.387369474481757,-0.4203281809217936,-0.6627291789265504,1.4083857465750418,0.18667971001501488,2.5667325474067377,1.4228900447659782,0.40012849330508016,0.5240721206037882,-0.6084241122251016,-0.4447601764890343,-0.5428672782058913,-0.9612687755124051,-0.5406045455871974,-0.9343495580178538,-0.5240721206037883,0.0780868809443028,-0.7325828173271733,-0.7742639234472536,1.6593384878866408,1.4429489651752279,-0.4693288678392788,2.63780165956625,-0.8984827002011403,-1.0153908147193014,-0.45499476409534845,1.1589729651387355,0.3820441084950134,1.0469766696733802,1.31816332531398,-0.208915190672315,-0.549840160763802
PCSI_1135,-0.6823007577011122,-0.38801900108736664,-0.5468950639727252,-0.3761045954303884,1.2498477681480755,1.0636831444186945,1.1510125782726286,-0.7218723877843813,-0.34426509679083167,1.3028825564082152,-0.4569284332834014,0.1228881613460787,NA,-0.3080945610919711,0.0780868809443031,-0.5846294853447727,-0.40286295622490625,-0.5817754052139578,1.3858960459927958,0.4608636742950066,1.1222913522745832,-0.6182554438033326,-0.387369474481757,-0.4203281809217936,-0.6627291789265504,-0.7204185155291688,0.18667971001501488,2.5667325474067377,-0.6985096583396622,0.40012849330508016,0.5240721206037882,1.6593384878866406,-0.4447601764890343,-0.5428672782058913,-0.9612687755124051,-0.5406045455871974,1.0752678520139891,-0.5240721206037883,0.0780868809443028,-0.7325828173271733,-0.7742639234472536,-0.6084241122251017,-0.7083567647223846,-0.4693288678392788,-0.387369474481757,-0.8984827002011403,-1.0153908147193014,-0.45499476409534845,-0.87387801114738894,-2.6015384530850914,-0.9730724341670239,-0.331515506676858,0.244719396582361,-0.293168291685099
PCSI_1136,1.5668916897960217,-0.38801900108736664,2.0528379937526933,-0.3761045954303884,-0.8632969120198045,-1.1375034257348182,1.1510125782726286,1.588119253125639,-0.34426509679083167,-0.9170939552899384,-0.4569284332834014,0.1228881613460787,NA,-0.3080945610919711,0.0780868809443031,-0.5846294853447727,-0.40286295622490625,-0.5817754052139578,-0.826142411844854,-2.755376435678656,-1.0055211537720252,-0.6182554438033326,-0.387369474481757,2.3932971934118448,1.5329796159008087,-0.7204185155291688,0.18667971001501488,-0.39766278903484675,-0.6985096583396622,0.40012849330508016,0.5240721206037882,-0.6084241122251016,-0.4447601764890343,-0.5428672782058913,1.0598604447957287,-0.5406045455871974,-0.9343495580178538,-0.5240721206037883,0.0780868809443028,-0.7325828173271733,-0.7742639234472536,-0.6084241122251017,-0.7083567647223846,-0.4693288678392788,-0.387369474481757,-0.8984827002011403,-1.0153908147193014,-0.45499476409534845,-0.87387801114738894,0.3820441084950134,-0.9730724341670239,-0.583529656603466,-0.128226551759155,-0.519039536474358
PCSI_1137,-0.6823007577011122,-0.38801900108736664,-0.5468950639727252,-0.3761045954303884,-0.8632969120198045,-1.1375034257348182,-0.9233397605923284,1.588119253125639,-0.34426509679083167,-0.9170939552899384,-0.4569284332834014,0.1228881613460787,NA,-0.3080945610919711,0.0780868809443031,-0.5846294853447727,-0.40286295622490625,2.105863086478692,-0.826142411844854,-2.755376435678656,-1.0055211537720252,-0.6182554438033326,-0.387369474481757,-0.4203281809217936,1.5329796159008087,1.4083857465750418,0.18667971001501488,-0.39766278903484675,-0.6985096583396622,0.40012849330508016,0.5240721206037882,1.6593384878866406,2.333931973766266,-0.5428672782058913,-0.9612687755124051,-0.5406045455871974,1.0752678520139891,-0.5240721206037883,0.0780868809443028,-0.7325828173271733,-0.7742639234472536,1.6593384878866408,1.4429489651752279,-0.4693288678392788,-0.387369474481757,-0.8984827002011403,0.9909235661718483,2.25842855632782,1.1589729651387355,0.3820441084950134,1.0469766696733802,-0.967344310227322,-0.243618953617194,-0.241833917869358
PCSI_1138,-0.6823007577011122,-0.38801900108736664,-0.5468950639727252,-0.3761045954303884,1.2498477681480755,1.0636831444186945,1.1510125782726286,-0.7218723877843813,-0.34426509679083167,-0.9170939552899384,-0.4569284332834014,0.1228881613460787,NA,-0.3080945610919711,0.0780868809443031,2.0603149449046816,-0.40286295622490625,-0.5817754052139578,-0.826142411844854,0.4608636742950066,-1.0055211537720252,-0.6182554438033326,-0.387369474481757,2.3932971934118448,-0.6627291789265504,-0.7204185155291688,0.18667971001501488,-0.39766278903484675,-0.6985096583396622,0.40012849330508016,0.5240721206037882,-0.6084241122251016,-0.4447601764890343,-0.5428672782058913,-0.9612687755124051,-0.5406045455871974,-0.9343495580178538,-0.5240721206037883,0.0780868809443028,-0.7325828173271733,-0.7742639234472536,-0.6084241122251017,-0.7083567647223846,-0.4693288678392788,-0.387369474481757,1.1200263797027914,-1.0153908147193014,-0.45499476409534845,1.1589729651387355,0.3820441084950134,1.0469766696733802,-0.595116514071356,-0.215798581669647,-0.0262295478432476
PCSI_1139,1.5668916897960217,-0.38801900108736664,-0.5468950639727252,-0.3761045954303884,0.19327542806413542,-0.03691014065806186,-0.9233397605923284,0.4331234326706288,-0.34426509679083167,0.1928943005591384,1.1206771047898163,0.1228881613460787,NA,-0.3080945610919711,0.0780868809443031,0.7378427297799544,-0.40286295622490625,0.7620438406323673,1.3858960459927958,-1.1472563806918248,-1.0055211537720252,1.6861512103727252,-0.387369474481757,2.3932971934118448,-0.6627291789265504,-0.7204185155291688,0.18667971001501488,-0.39766278903484675,-0.6985096583396622,0.40012849330508016,0.5240721206037882,1.6593384878866406,-0.4447601764890343,-0.5428672782058913,1.0598604447957287,-0.5406045455871974,1.0752678520139891,-0.5240721206037883,0.0780868809443028,-0.7325828173271733,1.3159300427313405,-0.6084241122251017,1.4429489651752279,2.1398214482841693,-0.387369474481757,-0.8984827002011403,-1.0153908147193014,-0.45499476409534845,1.1589729651387355,0.3820441084950134,1.0469766696733802,1.04297546045159,-0.12488045891323,0.466580440787863
PCSI_1148,-0.6823007577011122,-0.38801900108736664,2.0528379937526933,-0.3761045954303884,-0.8632969120198045,1.0636831444186945,1.1510125782726286,-0.7218723877843813,-0.34426509679083167,1.3028825564082152,-0.4569284332834014,0.1228881613460787,NA,-0.3080945610919711,0.0780868809443031,-0.5846294853447727,-0.40286295622490625,-0.5817754052139578,-0.826142411844854,-2.755376435678656,-1.0055211537720252,-0.6182554438033326,-0.387369474481757,-0.4203281809217936,-0.6627291789265504,-0.7204185155291688,0.18667971001501488,-0.39766278903484675,-0.6985096583396622,0.40012849330508016,0.5240721206037882,-0.6084241122251016,-0.4447601764890343,-0.5428672782058913,1.0598604447957287,-0.5406045455871974,-0.9343495580178538,-0.5240721206037883,0.0780868809443028,-0.7325828173271733,1.3159300427313405,1.6593384878866408,1.4429489651752279,-0.4693288678392788,-0.387369474481757,1.1200263797027914,0.9909235661718483,-0.45499476409534845,-0.87387801114738894,0.3820441084950134,1.0469766696733802,-0.795713983984201,0.722302448348585,-0.175099231908896
PCSI_1162,-0.6823007577011122,-0.38801900108736664,-0.5468950639727252,-0.3761045954303884,-0.8632969120198045,-1.1375034257348182,-0.9233397605923284,-0.7218723877843813,-0.34426509679083167,1.3028825564082152,-0.4569284332834014,0.1228881613460787,NA,-0.3080945610919711,0.0780868809443031,2.0603149449046816,-0.40286295622490625,2.105863086478692,1.3858960459927958,0.4608636742950066,1.1222913522745832,-0.6182554438033326,-0.387369474481757,-0.4203281809217936,-0.6627291789265504,-0.7204185155291688,-5.9364147784774675,-0.39766278903484675,-0.6985096583396622,0.40012849330508016,-1.9315801016539622,-0.6084241122251016,-0.4447601764890343,-0.5428672782058913,-0.9612687755124051,-0.5406045455871974,-0.9343495580178538,-0.5240721206037883,0.0780868809443028,-0.7325828173271733,-0.7742639234472536,-0.6084241122251017,-0.7083567647223846,-0.4693288678392788,-0.387369474481757,-0.8984827002011403,-1.0153908147193014,-0.45499476409534845,-0.87387801114738894,0.3820441084950134,-0.9730724341670239,-1.38591953625485,-0.140368088657225,-0.601174534579543
PCSI_1165,-0.6823007577011122,-0.38801900108736664,-0.5468950639727252,-0.3761045954303884,-0.8632969120198045,-1.1375034257348182,1.1510125782726286,1.588119253125639,-0.34426509679083167,0.1928943005591384,-0.4569284332834014,-8.83429337676813,NA,-0.3080945610919711,-12.728161593921394,-0.5846294853447727,2.8598296275224824,0.7620438406323673,-0.826142411844854,0.4608636742950066,-1.0055211537720252,-0.6182554438033326,-0.387369474481757,-0.4203281809217936,-0.6627291789265504,-0.7204185155291688,0.18667971001501488,-0.39766278903484675,1.4228900447659782,0.40012849330508016,0.5240721206037882,-0.6084241122251016,2.333931973766266,1.8633552522202215,1.0598604447957287,-0.5406045455871974,-0.9343495580178538,-0.5240721206037883,0.0780868809443028,1.3751993237545186,-0.7742639234472536,1.6593384878866408,1.4429489651752279,-0.4693288678392788,-0.387369474481757,-0.8984827002011403,0.9909235661718483,-0.45499476409534845,1.1589729651387355,0.3820441084950134,1.0469766696733802,0.960419100992876,-0.253179218891265,-0.406103914079728
PCSI_1181,1.5668916897960217,-0.38801900108736664,2.0528379937526933,-0.3761045954303884,0.19327542806413542,0.5133865018803163,-0.4047516758760892,1.588119253125639,-0.34426509679083167,-0.9170939552899384,2.6982826428630338,0.1228881613460787,NA,-0.3080945610919711,0.0780868809443031,0.07660662221759089,2.0441564815856355,0.7620438406323673,0.279876817073971,0.4608636742950066,0.05838509925127894,0.5339478832846962,-0.387369474481757,-0.4203281809217936,-0.6627291789265504,-0.7204185155291688,0.18667971001501488,1.0845348791859455,-0.6985096583396622,0.40012849330508016,0.5240721206037882,-0.6084241122251016,-0.4447601764890343,-0.5428672782058913,-0.9612687755124051,-0.5406045455871974,-0.9343495580178538,-0.5240721206037883,0.0780868809443028,0.32130825321367257,-0.7742639234472536,1.6593384878866408,0.3672961002264216,-0.4693288678392788,-0.387369474481757,-0.8984827002011403,-1.0153908147193014,-0.45499476409534845,-0.87387801114738894,-2.6015384530850914,-0.9730724341670239,0.370213548722229,0.385303097437577,-0.221300168343062
PCSI_1205,1.5668916897960217,-0.38801900108736664,-0.5468950639727252,-0.3761045954303884,1.2498477681480755,-1.1375034257348182,-0.9233397605923284,-0.7218723877843813,-0.34426509679083167,-0.9170939552899384,-0.4569284332834014,0.1228881613460787,NA,-0.3080945610919711,0.0780868809443031,-0.5846294853447727,-0.40286295622490625,-0.5817754052139578,-0.826142411844854,0.4608636742950066,-1.0055211537720252,-0.6182554438033326,-0.387369474481757,-0.4203281809217936,-0.6627291789265504,1.4083857465750418,0.18667971001501488,-0.39766278903484675,-0.6985096583396622,-2.5163636356741708,-1.9315801016539622,-0.6084241122251016,-0.4447601764890343,-0.5428672782058913,-0.9612687755124051,-0.5406045455871974,1.0752678520139891,-0.5240721206037883,0.0780868809443028,-0.7325828173271733,-0.7742639234472536,-0.6084241122251017,-0.7083567647223846,-0.4693288678392788,-0.387369474481757,-0.8984827002011403,-1.0153908147193014,-0.45499476409534845,-0.87387801114738894,0.3820441084950134,1.0469766696733802,-0.472006153475024,-0.442376868665133,-0.919447652237135
