"PCSI_ID","Arg1_MPO_high_PMNnegMDSCs","Arg1pos_TAMs","B_cells","Basal","Capillaries","CC3pos_CXCL13pos_Fibronectinpos_CAFs","CC3pos_HIF1Apos_CTGFpos_ECM_CAFs","CC3pos_SERPINEpos_iCAFs","CCL21_high_lymphatic_endothelial_cells","CD105_high_myCAFs","CD34pos_CAFs","CD36_high_pericytes","CD4_T_cells","CD8_T_cells","cDC1s","CleavedCaspase3pos_MDSCs","CleavedCaspase3pos_monocytes","CLU_high_endothelial_cells","Col1A2neg_myCAFs","Col1A2_Decorin_high_CD105pos_myCAFs","Col1A2_Decorin_Fibronectin_high_iCAFs","Col1A2_Periostin_Decorin_high_myCAFs","COL1A2pos_myCAFs","CTGFpos_Fibronectinpos_CAFs","CTLA4pos_TIGITpos_activated_CD4_T_cells","CTLA4pos_TIGITpos_activated_Tregs","CTLA4pos_TIGITpos_Tregs","CXCL12_high_capillaries","CXCL12_high_endothelial_cells","CXCL13pos_CAFs","CXCL13pos_CLUpos_CD105pos_CAFs","Decorin_Periostin_high_CD105pos_CAFs","ECM_CAFs","ECM_myCAFs","Endothelial_cells","Exocrine","Fibronectin_high_myCAFs","Fibronectin_pMLC2_high_myCAFs","Gamma_delta_T_cells","GZMBpos_CD8_T_cells","GZMBpos_PD1pos_CD4_T_cells","GZMBpos_tissue_resident_CD8_T_cells","HIF1Apos_endothelial_cells","HLADR_high_activated_cDC2s","HLADR_high_DCs","HLADR_high_monocytes","HLADR_high_TAMs","HLADRpos_CD8_T_cells","HLADRpos_mature_B_cells","Hybrid","iNOSpos_MPOpos_PMNnegMDSCs","iNOSpos_TAMs","MPO_high_neutrophils","MPO_high_TAMs","MPOpos_MonegMDSCs","Nonnegpolarized","PD1pos_CD8_T_cells","PD1pos_PMNnegMDSCs","PD1pos_tissue_resident_CD8_T_cells","PDPN_high_endothelial_cells","PDPN_high_myCAFs","plasmacytoid_DCs","pMLC2_YAPpos_muralneglike_myCAFs","Proliferating_HLADRpos_cDC2s","Proliferating_monocytes","S100A4pos_NonnegBasal","TAMs","Tenascin_high_myCAFs","TFhigh_Classical","TFlow_Classical","Tip_cells","Tissue_resident_CD4_T_cells","Tissue_resident_CD8_T_cells","Tissue_resident_memory_NK_cells","Vascular_smooth_muscle_cells","Veins","Venules","Vim_high_TAMs","YAP_Col1A2_high_CD105pos_iCAFs","YAP_pMLC2_ECM_high_iCAFs"
"PCSI_0004",3.39794622466937e-06,0,1.01938386740081e-05,2.62401545445457e-05,1.14187310395057e-05,6.17228704838147e-07,2.16030046693352e-06,4.194060024578e-05,0,0.000473414416610859,4.6292152862861e-06,3.08614352419074e-07,0.000150075958256231,2.91657050950788e-05,9.62751430322989e-06,0,9.06118993245166e-06,6.17228704838147e-06,1.54307176209537e-06,3.08614352419074e-07,6.17228704838147e-07,0.000421567205404455,8.7955090439436e-05,6.17228704838147e-07,9.34435211784078e-06,3.05815160220244e-05,1.81223798649033e-05,2.16030046693352e-06,5.8636726959624e-06,9.25843057257221e-07,2.46891481935259e-06,2.83822063489015e-05,0.000195352885081274,2.80839060701357e-05,4.75266102725373e-05,6.64307709988497e-06,6.17228704838147e-07,9.81393640692654e-05,4.81375715161494e-06,8.77802774706255e-06,3.68110841005849e-06,4.81375715161494e-06,9.25843057257221e-07,3.08646782074135e-05,3.19973269489699e-05,0.000169047824677301,0.000157438175076348,7.64537900550609e-06,5.66324370778229e-07,2.65723083995399e-06,0,1.38749470840666e-05,0,1.13264874155646e-06,3.11478403928026e-06,0.000188331235781739,3.68110841005849e-05,4.53059496622583e-06,2.15203260895727e-05,4.6292152862861e-06,0.000138567844236164,0,8.09503348180828e-05,5.66324370778229e-07,1.2459136157121e-05,2.65723083995399e-06,1.16096496009537e-05,5.89987213390597e-05,1.328615419977e-06,9.59924640933379e-05,2.77752917177166e-06,1.81223798649033e-05,1.35917848986775e-05,4.24743278083672e-06,7.00554579991297e-05,3.70337222902888e-06,9.25843057257221e-07,1.2459136157121e-05,0,2.25288477265924e-05
"PCSI_0015",4.34984677348004e-05,0,0.000163858305641772,0.000273761857089661,1.13788987425938e-06,3.49588643956235e-05,1.32640385284787e-05,1.19478436797234e-05,1.89648312376563e-07,1.89648312376563e-07,2.65507637327188e-06,0,1.77372392705011e-05,5.49009786944083e-06,0,1.68926088290487e-06,1.47810327254176e-05,3.79296624753125e-07,0,0,1.89648312376563e-07,9.6720639312047e-06,0,5.68944937129688e-06,7.60167397307191e-06,1.52033479461438e-05,5.06778264871461e-06,7.58593249506251e-07,8.15487743219219e-06,5.68944937129688e-07,1.89648312376563e-07,0,1.06203054930875e-05,0.000298911127284721,1.17581953673469e-05,2.8738717767242e-06,9.48241561882813e-07,3.62228276639235e-05,8.44630441452435e-07,1.90041849326798e-06,4.22315220726217e-07,4.64546742798839e-06,1.32753818663594e-06,3.58967937617285e-06,1.7526081660138e-05,7.70725277825347e-05,5.02555112664199e-05,1.47810327254176e-06,5.49009786944083e-06,2.61261070611291e-07,0,0,1.26694566217865e-06,5.27894025907772e-06,3.58967937617285e-06,7.21080554887163e-05,4.43430981762528e-06,1.90041849326798e-06,4.01199459689907e-06,0,7.39628418268594e-06,0,7.77558080743907e-06,0,8.65746202488746e-06,7.83783211833872e-07,1.90041849326798e-06,4.36191118466094e-06,0,2.61261070611291e-06,0,4.8566250383515e-06,3.16736415544663e-06,2.5338913243573e-06,5.68944937129688e-07,5.68944937129688e-07,1.89648312376563e-07,2.09046034259478e-05,0,2.08613143614219e-06
"PCSI_0018",3.73777979617887e-05,0,1.55740824840786e-05,1.67623377091416e-05,2.03074316333153e-05,7.43652426008729e-06,2.28816131079609e-06,6.29244360468924e-06,1.43010081924756e-06,0.000215945223706381,1.4014988028626e-05,1.14408065539804e-06,1.7442972382168e-05,6.85259629299459e-06,1.0901857738855e-05,6.22963299363145e-07,3.4262981464973e-06,4.31890447412762e-05,2.86020163849511e-07,1.51590686840241e-05,1.14408065539804e-06,0.00012270265029144,0.000159599251428027,1.2298867045529e-05,1.55740824840786e-06,5.29518804458673e-06,1.65085274331233e-05,0,3.43224196619413e-06,1.71612098309707e-06,1.02967258985824e-05,1.71612098309707e-06,5.00535286736644e-05,2.5741814746456e-05,4.26170044135772e-05,2.0952922136427e-06,8.99469730480647e-06,0.000247979482057526,3.11481649681572e-07,1.86888989808943e-06,3.11481649681572e-07,3.73777979617887e-06,2.86020163849511e-07,8.09852289172088e-06,3.8623724560515e-05,0.000119920435127405,9.74937563503321e-05,9.34444949044717e-07,3.11481649681572e-07,3.35246754182832e-06,0,3.4262981464973e-06,2.18037154777101e-06,2.49185319745258e-06,2.49185319745258e-06,0.000346980390579231,9.34444949044717e-07,3.11481649681572e-07,2.80333484713415e-06,5.72040327699022e-07,0.000123846730946838,6.22963299363145e-07,2.5169774418757e-05,0,2.08692705286653e-05,5.44775975547102e-06,9.0329678407656e-06,9.15264524318435e-06,4.60964287001394e-06,1.0057402625485e-05,1.71612098309707e-06,4.36074309554201e-06,5.91815134394987e-06,3.73777979617887e-06,8.06576862055621e-05,2.00214114694658e-06,8.58060491548533e-07,1.68200090828049e-05,0,3.14622180234462e-06
"PCSI_0019",6.21497900489543e-05,0,1.6669314549554e-05,5.26686132986142e-07,1.59148017005761e-05,1.23339713179465e-05,3.97870042514403e-07,3.02381232310947e-05,3.18296034011523e-06,0.000127716283647123,6.96272574400206e-06,1.98935021257202e-07,6.72946402185697e-05,4.65094455333234e-05,3.7042921221231e-06,2.24315467395232e-05,6.79120222389235e-06,1.73073468493765e-05,2.98402531885803e-06,2.22807223808066e-05,5.96805063771605e-07,0.000102650470968716,5.86858312708745e-05,1.01456860841173e-05,1.07012883528001e-05,2.81937789294925e-05,4.98021496418773e-05,3.18296034011523e-06,1.33286464242325e-05,1.15886799333202e-05,7.75846582903087e-06,1.98935021257202e-07,0.000207887097213776,1.05435561266317e-05,0.000112303164058098,7.90029199479213e-06,8.99469730480647e-06,0.000505760615896373,2.05794006784617e-07,6.1738202035385e-06,1.02897003392308e-06,4.11588013569234e-05,4.17763544640124e-06,4.4039917451908e-05,4.38341234451234e-05,9.65173891819853e-05,0.000158049797210586,2.14025767056001e-05,1.02897003392308e-06,3.42345986440992e-06,6.1738202035385e-07,1.02897003392308e-06,6.79120222389235e-06,1.9344636637754e-05,4.73326215604619e-06,2.81777081147586e-05,2.38721047870155e-05,3.29270410855387e-06,5.20658837165081e-05,1.12872631938267e-05,0.00021667096783772,2.05794006784617e-07,8.09503348180828e-05,1.02897003392308e-06,3.29270410855387e-06,2.63343066493071e-07,8.64334828495391e-06,7.75846582903087e-06,1.00070365267367e-05,0.000310404372082034,4.57550548891564e-06,2.36663107802309e-05,3.95689321217176e-05,1.09070823595847e-05,6.12719865472181e-05,5.96805063771605e-06,3.77976540388683e-06,1.09070823595847e-05,0,9.29026549271132e-05
"PCSI_0072",7.34113970319947e-05,0,6.55458902071381e-06,0.000164071081199868,6.88408880752306e-05,9.91943632207934e-07,5.9516617932476e-07,1.23001010393784e-05,1.36525259974829e-05,0.000440224583973881,2.9758308966238e-06,4.76132943459808e-06,3.53947807118546e-05,2.42519793766411e-05,5.46215751726151e-06,1.02688561324516e-05,1.20167465379753e-05,5.39617335921116e-05,6.93606187862043e-06,2.47985908051983e-05,0,9.40362563333121e-05,0.000100781473032326,1.58710981153269e-06,7.86550682485658e-06,2.55628971807839e-05,1.74789040552368e-05,5.55488434036443e-06,1.30936559451447e-05,4.95971816103967e-06,2.12275937292498e-05,5.35649561392284e-06,0.000235289029559722,1.92437064648339e-05,9.28459239746626e-05,0.000141225740779634,7.73716033122188e-06,0.000207911385310783,1.31091780414276e-06,7.42853422347565e-06,4.36972601380921e-07,2.42519793766411e-05,3.17421962306539e-06,1.04873424331421e-05,3.62687259146164e-05,0.000187461245992415,0.000169545369335797,5.89913011864243e-06,4.36972601380921e-07,1.55763684683419e-06,4.36972601380921e-07,8.52096572692796e-06,1.96637670621414e-06,8.3024794262375e-06,1.44200958455704e-05,0.000162773050494173,2.11931711669747e-05,2.84032190897599e-06,3.67056985159974e-05,3.96777452883173e-07,6.22940601026582e-05,0,8.9274926898714e-06,1.52940410483322e-06,8.95793832830888e-06,7.00936581075387e-06,3.71426711173783e-05,1.58710981153269e-05,5.45172896391968e-06,5.11424098043894e-05,9.86779877586311e-06,1.92267944607605e-05,2.25040889711174e-05,4.80669861519013e-06,5.51520659507611e-05,1.78549853797428e-06,4.76132943459808e-06,5.41846025712342e-05,0,5.15810688748125e-06
"PCSI_0073",0.000408655459418931,4.27463869685075e-07,9.7461762288197e-05,0.000273761857089661,1.47921170579249e-05,3.44473958883183e-06,1.32640385284787e-05,1.76289614251982e-05,3.03947610779279e-06,0.000171629084220033,2.43158088623423e-06,4.05263481039039e-07,3.86854802064992e-05,1.00454009375993e-05,6.83942191496119e-06,6.93890261408957e-05,1.94496060706709e-05,2.35052819002643e-05,6.93606187862043e-06,3.24210784831231e-06,1.41842218363664e-06,3.87026624392282e-05,2.99894975968889e-05,4.72772267507764e-05,1.28239160905522e-05,4.12502634246097e-05,1.92358741358284e-05,1.82368566467567e-06,4.05263481039039e-06,2.43158088623423e-06,1.03342187664955e-05,8.10526962078078e-07,0.000391283248974275,5.83579412696216e-05,0.000112303164058098,1.56677271977121e-06,5.87632047506606e-06,0.000489963548576198,6.41195804527612e-07,3.4197109574806e-06,4.27463869685075e-07,1.30376480253948e-05,9.72632354493693e-06,1.7098554787403e-05,5.98449417559104e-06,0.000188939030400803,0.00026032549663821,7.05315384980373e-06,9.40420513307164e-06,7.83386359885605e-07,7.26688578464627e-06,5.55703030590597e-05,1.51749673738201e-05,5.12956643622089e-05,2.68674896069946e-05,9.24395904665014e-05,1.32513799602373e-05,2.11594615494112e-05,1.64573589828754e-05,6.07895221558558e-06,0.00020222647703848,2.13731934842537e-07,8.09503348180828e-05,1.06865967421269e-06,1.58161631783478e-05,5.56829298593496e-05,4.78759534047283e-05,5.89987213390597e-05,5.2225757325707e-07,1.82790150639974e-05,2.02631740519519e-06,1.81672144616157e-05,1.26101841557097e-05,1.09003286769694e-05,4.80237225031261e-05,2.43158088623423e-06,2.22894914571471e-06,6.10714347266942e-05,0,0.000105001508747529
"PCSI_0074",3.98931232541005e-06,0,1.19679369762301e-05,1.60420366838818e-05,0.000106864665971726,8.12622299656098e-07,0,9.48059349598781e-06,1.00223416957585e-05,0.000770095065974096,8.66797119633172e-06,5.83162916482937e-06,0.000120293110120057,4.2348084685122e-05,6.75114393530931e-06,0,4.90992286204314e-06,0.000107931543454963,5.41748199770732e-07,6.20301688737488e-05,0,0.000166045823229729,0.000287761160684722,2.70874099885366e-07,7.3648842930647e-06,7.6717544719424e-06,2.24015230580718e-05,4.60485969805122e-06,2.97961509873903e-06,2.16699279908293e-06,9.68131013737941e-05,2.97961509873903e-06,2.97961509873903e-06,1.89611869919756e-06,3.11505214868171e-05,0.000101163047659581,2.16699279908293e-06,1.32728308943829e-05,3.68244214653235e-06,2.14809125214387e-06,1.22748071551078e-06,3.06870178877696e-07,0,3.46763302131796e-05,1.10473264395971e-05,6.44427375643162e-05,0.000103108380102906,4.29618250428774e-06,3.68244214653235e-06,9.82165511258072e-07,3.98931232541005e-06,1.47297685861294e-05,6.13740357755392e-07,3.95862530752228e-05,2.14809125214387e-06,1.60420366838818e-05,2.1174042342561e-05,2.14809125214387e-06,1.53435089438848e-06,8.12622299656098e-07,4.46942264810854e-05,0,8.12622299656098e-07,3.06870178877696e-07,3.98931232541005e-06,9.82165511258072e-07,1.13541966184748e-05,8.12622299656098e-07,3.27388503752691e-07,7.46445788556135e-05,9.86779877586311e-06,8.89923518745318e-06,4.29618250428774e-06,5.52366321979853e-06,0.000154669111034544,2.70874099885366e-07,1.08349639954146e-06,2.05603019848056e-05,8.12622299656098e-07,0
"PCSI_0076",7.35174741846453e-06,0,4.34978388925818e-05,2.5047213998387e-06,1.19564121198511e-05,5.19844005210916e-07,0,9.87703609900741e-06,1.55953201563275e-06,0.00059574122997171,3.63890803647641e-06,5.83162916482937e-06,0.000149485530842112,6.37151442933592e-05,1.47034948369291e-05,0,4.28851932743764e-06,0.000107931543454963,0,8.24774681057557e-05,0,0.000237568710381389,0.000170508833709181,0,4.28851932743764e-06,3.67587370923226e-06,6.39255016192998e-05,1.55953201563275e-06,2.07937602084367e-06,0,7.74567567764265e-05,1.55953201563275e-06,6.75797206774191e-06,1.55953201563275e-06,6.238128062531e-05,2.5047213998387e-06,2.07937602084367e-06,2.44326682449131e-05,3.06322809102689e-06,1.83793685461613e-06,0,6.12645618205377e-07,0,6.18772074387431e-05,6.31024986751539e-05,4.77863582200194e-05,0.000151936113314934,1.71540773097506e-05,4.93072694729546e-05,7.51416419951609e-06,0,1.65414316915452e-05,0,6.12645618205377e-07,6.12645618205377e-07,3.2561378197903e-05,8.57703865487528e-06,1.83793685461613e-06,8.57703865487528e-06,0,9.25322329275431e-05,4.33899288124141e-06,1.8714384187593e-05,1.83793685461613e-06,1.04149755094914e-05,3.33962853311826e-06,3.36955090012957e-05,6.75797206774191e-06,0.000179762293383797,2.08726783319891e-05,9.86779877586311e-06,1.65414316915452e-05,2.81816984374473e-05,4.90116494564302e-06,0.000157696230929161,1.03968801042183e-06,2.07937602084367e-06,0,0,0
"PCSI_0079",1.46500703309536e-05,4.24639719737785e-07,8.06815467501791e-05,0.000273761857089661,2.75983279781326e-05,1.46926350387181e-05,1.98549122144839e-06,1.62810280158768e-05,1.58839297715871e-06,0.000582741673495102,4.96372805362097e-06,0,6.81546750179145e-05,4.26762918336474e-05,2.08073462671515e-05,1.06159929934446e-06,2.72147684304436e-05,4.56662980933129e-06,5.95647366434516e-07,1.98549122144839e-07,1.98549122144839e-07,0.000116151236454731,3.85185296960987e-05,2.18404034359323e-06,2.8501302473598e-05,6.4060894249325e-05,3.3546537859285e-05,9.53035786295226e-06,9.33180874080742e-06,3.17678595431742e-06,4.16953156504162e-06,9.7289069850971e-06,0.000213043208061412,0.000298911127284721,4.58648472154578e-05,4.32456719226071e-05,4.96372805362097e-06,3.15693104210294e-05,2.7601581782956e-06,1.01913532737068e-05,1.27391915921335e-06,4.75596486106319e-05,5.95647366434516e-07,1.46500703309536e-05,1.06159929934446e-05,0.000230913823584807,0.000115714323628546,1.16775922927891e-05,4.24639719737785e-06,0,0,5.7326362164601e-06,1.91087873882003e-06,2.7601581782956e-06,4.24639719737785e-06,2.80816051445501e-06,4.11900528145651e-05,4.67103691711564e-06,4.84089280501075e-05,1.12872631938267e-05,0.000197159278289825,2.54783831842671e-06,8.73616137437291e-06,2.12319859868892e-06,2.9724780381645e-05,0,1.46500703309536e-05,2.85910735888568e-05,0,2.24652841156401e-06,3.97098244289678e-07,2.20812654263648e-05,1.52870299105603e-05,1.14652724329202e-05,1.94578139701942e-05,5.75792454220033e-06,8.33906313008323e-06,1.35884710316091e-05,1.98549122144839e-07,6.35357190863484e-06
"PCSI_0080",0.000406201494095328,2.50997340574166e-06,4.76549238882787e-05,1.37507256497068e-05,0.000106864665971726,2.29418678305229e-07,2.29418678305229e-07,2.75302413966275e-06,8.02965374068302e-06,0.000833570456105414,2.75302413966275e-06,1.83534942644183e-06,0.00021306037399786,9.0519141142286e-05,3.22966614727481e-05,3.63085134386885e-05,1.10942679951548e-05,8.37378175814086e-05,2.29418678305229e-07,4.58837356610458e-07,0,7.80023506237779e-05,5.57487388281707e-05,6.88256034915688e-07,1.36156925395082e-05,4.23599323451366e-05,5.11849182503734e-05,2.0158627749527e-05,1.81240755861131e-05,0,8.46554922946296e-05,2.34007051871334e-05,9.63558448881962e-06,1.6059307481366e-06,9.84206129929433e-05,0.000269363225884702,4.58837356610458e-07,1.9041750299334e-05,7.4209473785573e-06,4.4156097141668e-05,2.52142454435337e-06,2.64749577157104e-05,1.00944218454301e-05,0.000112707677132596,0.000106575854621547,0.000116741956403561,0.000292833975375892,3.14579212681185e-05,1.21028378128962e-05,1.79357291083133e-06,2.52142454435337e-07,1.46242623572495e-05,4.03427927096539e-06,4.74027814338434e-05,2.68674896069946e-05,0.000165307636614954,9.47182179542677e-05,2.60436879369994e-05,7.19310526038358e-05,9.17674713220917e-07,2.24830304739125e-05,4.33899288124141e-06,2.06476810474706e-06,4.7907066342714e-06,2.49621029890984e-05,1.79357291083133e-06,1.86585416282149e-05,1.05532592020405e-05,2.21207325669197e-05,0.000154546199149966,6.19430431424119e-06,5.57037267728113e-05,3.95689321217176e-05,9.32927081410747e-06,4.38189675562988e-05,5.04721092271504e-06,3.67069885288367e-06,4.4124929526184e-05,0,3.44128017457844e-06
"PCSI_0081",3.06687645052558e-05,1.06984062227636e-06,2.42497207715976e-05,6.49422835005724e-06,4.05053367414437e-05,0,3.26655941463255e-07,1.46995173658465e-05,6.20646288780185e-06,0.000244011988273052,3.31742383600002e-05,2.28659159024279e-06,8.63004768636267e-05,3.0312150964497e-05,1.99703582824921e-05,2.13968124455273e-06,4.63597602986424e-06,1.20862698341404e-05,6.93606187862043e-06,8.24774681057557e-05,0,0.00022179938425355,0.000183580639102349,3.26655941463255e-07,1.03417926820049e-05,3.13819915867733e-05,4.24370113502958e-05,4.89983912194883e-06,6.20646288780185e-06,9.79967824389766e-07,1.95993564877953e-06,7.83974259511813e-06,0.000163001314790164,5.8798069463386e-06,5.8798069463386e-05,8.40429551183879e-05,6.53311882926511e-06,0.000195993564877953,3.20952186682909e-06,7.13227081517576e-06,2.13968124455273e-06,3.20952186682909e-06,2.9399034731693e-06,0.000106984062227636,0.000106575854621547,0.000195424220335816,0.000203626331773268,5.34920311138182e-06,3.20952186682909e-06,1.52805372942523e-06,0,5.24221904915418e-05,2.13968124455273e-06,4.27936248910546e-06,5.34920311138182e-06,8.82451028743073e-05,3.20952186682909e-05,3.20952186682909e-06,2.42497207715976e-05,7.18643071219162e-06,7.74174581267915e-05,2.8529083260703e-06,8.09503348180828e-05,7.84549789669334e-06,3.70758065347305e-05,5.34818805298832e-06,4.10105571872606e-05,4.57318318048557e-06,2.29208059413785e-06,1.33704701324708e-05,5.22649506341208e-06,1.78306770379394e-05,1.71174499564218e-05,1.03417926820049e-05,1.46995173658465e-05,6.20646288780185e-06,4.24652723902232e-06,6.41904373365818e-06,0,2.25392599609646e-05
"PCSI_0082",2.04539504305329e-05,0,9.09064463579241e-06,0.000273761857089661,1.87956590515953e-05,1.01051930384921e-06,1.32640385284787e-05,4.194060024578e-05,1.36525259974829e-05,4.14312914578176e-05,2.52629825962302e-05,1.01051930384921e-06,3.9544304165697e-05,2.20448132417966e-05,1.70449586921108e-05,1.59086281126367e-06,2.72147684304436e-05,6.46732354463494e-06,1.41472702538889e-06,2.62735019000794e-06,2.02103860769842e-07,6.54816508894288e-05,2.06145937985239e-05,8.08415443079368e-07,4.99985454968583e-06,2.95445950663253e-05,1.34087008377938e-05,1.41472702538889e-06,1.81893474692858e-05,2.62735019000794e-06,1.61683088615874e-06,2.4252463292381e-06,0.000352671237043374,4.42607455085954e-05,6.16416775348018e-05,2.69068407144627e-06,6.06311582309526e-06,2.95071636723969e-05,4.54532231789621e-07,1.43177653013731e-05,2.2726611589481e-07,2.34084099371655e-05,3.43576563308731e-06,0.000115261427499124,1.24996363742146e-05,0.000132496145566674,8.77247207353968e-05,6.5907173609495e-06,3.18172562252734e-06,1.88347885001239e-06,2.2726611589481e-07,1.43177653013731e-05,2.2726611589481e-07,3.86352397021178e-06,4.99985454968583e-06,3.36335508930784e-05,2.68174016755876e-05,4.99985454968583e-06,2.56810710961136e-05,5.45680424078573e-06,3.0719786837016e-05,3.63625785431697e-06,1.11157123423413e-05,6.5907173609495e-06,8.63611240400279e-06,9.68646265720658e-06,9.31791075168722e-06,4.36544339262859e-05,0,1.34534203572314e-06,8.08415443079368e-07,1.6817692576216e-05,1.36359669536886e-05,1.93200969415321e-05,0.000157696230929161,2.4252463292381e-06,1.61683088615874e-06,5.45438678147545e-06,0,2.10188015200636e-05
"PCSI_0083",0.000462170912397097,2.50997340574166e-06,0.000257347313977238,3.50487825131379e-06,0.000106864665971726,0,5.78664858146097e-07,4.43643057912007e-06,6.94397829775316e-06,0.000166269702573978,3.31742383600002e-05,2.70043600468178e-06,0.000134866253315877,8.26728140710325e-05,1.75306208150623e-05,4.18344360359441e-05,2.72147684304436e-05,1.69741691722855e-05,3.85776572097398e-07,0,0,3.85776572097398e-07,1.2151962021068e-05,2.31465943258439e-06,1.87258904160893e-05,5.85682104503218e-05,3.46628184297823e-05,3.27910086282788e-06,7.52264315589926e-06,1.92888286048699e-07,7.71553144194796e-06,0,2.31465943258439e-06,1.92888286048699e-07,0.000112303164058098,0.00021811126963945,1.54310628838959e-06,1.54310628838959e-06,7.4209473785573e-06,4.4156097141668e-05,5.12752641451688e-06,5.55986673389457e-05,1.12384116399009e-05,6.15563844528892e-05,1.53392932131795e-05,0.000230913823584807,0.00024682317261207,3.14579212681185e-05,4.6615514440052e-05,5.3921203866366e-07,1.19526960102698e-06,1.87258904160893e-05,9.96058000855813e-07,2.09172180179721e-05,2.68674896069946e-05,1.24018768892642e-05,7.13177528612762e-05,2.60436879369994e-05,6.69350976575106e-05,1.12872631938267e-05,8.21704098567457e-05,4.33899288124141e-06,2.12177114653569e-06,7.17161760616185e-06,3.70758065347305e-05,0,6.70537993159876e-05,1.35021800234089e-06,0,1.72547852372371e-05,3.27910086282788e-06,5.57037267728113e-05,2.39053920205395e-05,1.93200969415321e-05,2.97047960514996e-05,9.16949724016112e-06,1.09946323047758e-05,6.97240600599069e-06,0,1.92888286048699e-07
"PCSI_0084",0.000485616643025549,0,1.49172933371153e-05,3.08569594786408e-06,1.13072772076484e-05,7.79812221217131e-07,4.87382638260707e-06,3.70410805078137e-06,8.57793443338844e-06,4.09401416138994e-05,3.31742383600002e-05,1.1697183318257e-06,1.25391741094592e-05,6.48577971178925e-06,1.51334859941749e-06,5.85882100631628e-05,5.62100908355068e-06,6.23849776973705e-06,6.93606187862043e-06,4.87382638260707e-06,0,7.07679590754546e-05,3.84057518949437e-05,4.72772267507764e-05,7.56674299708745e-06,9.94486222474351e-06,6.70197236884889e-06,3.89906110608565e-07,8.38298137808416e-06,3.89906110608565e-06,2.14448360834711e-06,1.1697183318257e-06,0.000391283248974275,2.14448360834711e-05,0.000111318194578745,2.82855461887541e-06,1.75457749773854e-06,0.000196707632802021,2.16192657059642e-07,1.29715594235785e-06,0,1.94573391353677e-06,1.12384116399009e-05,7.7829356541471e-06,1.59982566224135e-05,4.49680726684054e-05,3.45908251295426e-05,2.16192657059642e-07,2.16192657059642e-07,1.02856531595469e-06,1.51001089840171e-05,6.13987146049382e-05,5.28898296872538e-05,5.61920958176839e-05,5.62100908355068e-06,0.000452825880349054,2.81050454177534e-06,3.89146782707355e-06,8.64770628238566e-07,1.94953055304283e-07,5.24423718768521e-05,0,5.32221840980692e-05,6.48577971178925e-07,1.72954125647713e-06,8.48566385662622e-06,6.70537993159876e-05,1.75457749773854e-06,7.7142398696602e-07,6.17139189572816e-06,9.74765276521414e-07,5.1886237694314e-06,3.67527517001391e-06,3.24288985589462e-06,2.24196013599925e-05,1.94953055304283e-06,1.94953055304283e-07,3.52394031007216e-05,0,6.56991796375433e-05
"PCSI_0085",3.27260231882055e-05,0,9.39358072994789e-06,7.02921605789262e-06,2.02806283327601e-05,3.05598509123782e-06,3.05598509123782e-06,1.13904898855228e-05,1.38908413238083e-06,0.000471455154530053,3.05598509123782e-06,1.666900958857e-06,4.03014915188087e-05,9.09056199672376e-06,1.30298055286374e-05,9.09056199672376e-07,3.6362247986895e-06,1.19461235384751e-05,2.77816826476166e-07,8.33450479428497e-07,0,0.000165856645406271,7.72330777603741e-05,3.52827369624731e-05,3.03018733224125e-06,2.424149865793e-06,1.4544899194758e-05,1.94471778533316e-06,6.11197018247565e-06,8.33450479428497e-07,6.11197018247565e-06,2.83822063489015e-05,5.1951746551043e-05,2.05584451592363e-05,5.66746326011378e-05,2.02089961664413e-05,2.77816826476166e-07,2.55591480358073e-05,9.09056199672376e-07,1.2120749328965e-06,3.03018733224125e-07,2.72716859901713e-06,1.38908413238083e-06,1.42418804615339e-05,2.33324424582577e-05,0.00013151013021927,7.75727957053761e-05,1.81811239934475e-06,1.66660303273269e-05,9.82372037689975e-06,3.03018733224125e-07,1.57569741276545e-05,7.57546833060313e-06,3.6362247986895e-06,1.81811239934475e-06,0.000218784349801908,6.66641213093076e-06,9.09056199672376e-07,2.72716859901713e-06,9.44577210018964e-06,8.02890628516119e-05,0,8.05668796780881e-06,9.09056199672376e-07,6.96943086415488e-06,1.14224760940755e-05,1.84841427266716e-05,1.11126730590466e-05,0.000179762293383797,0.000168261859385805,1.666900958857e-06,1.06056556628444e-05,2.72716859901713e-06,2.12113113256888e-06,7.47327263220886e-05,1.38908413238083e-06,1.11126730590466e-06,1.6969049060551e-05,0,2.22253461180933e-06
"PCSI_0086",1.73720823084224e-05,2.50997340574166e-06,1.40990812937921e-05,1.15600658332307e-05,3.23977242944725e-05,8.04357292828283e-06,2.2343258134119e-06,9.83103357901235e-06,2.68119097609428e-06,0.000203100216439142,2.43541513661897e-05,2.2343258134119e-07,6.44529430573354e-05,2.54287001905894e-05,8.81192580862008e-06,2.01415447054173e-06,5.53892479398976e-06,1.00544661603535e-05,0,1.34059548804714e-06,0,7.7754538306734e-05,3.5302347851908e-05,8.26700550962402e-06,2.26592377935945e-06,6.0424634116252e-06,9.31546442625551e-06,6.7029774402357e-06,5.80924711487094e-06,4.4686516268238e-07,5.80924711487094e-06,2.41307187848485e-05,0.000189917694140011,0.000288674895092817,0.000112303164058098,0.000269363225884702,8.7138706723064e-06,0.000505760615896373,1.76238516172402e-06,1.1581388205615e-05,1.00707723527087e-06,4.63255528224598e-05,1.11716290670595e-06,6.42011737485177e-05,4.78361686753661e-05,8.86227967038362e-05,0.000183539826128115,2.94570091316728e-05,6.0424634116252e-06,8.06516220923074e-07,2.01415447054173e-06,6.06764034250697e-05,0,1.76238516172402e-06,4.5318475587189e-06,7.74255572086151e-05,5.16127083076319e-05,5.28715548517205e-06,7.19310526038358e-05,2.2343258134119e-07,9.60760099767116e-06,2.51769308817716e-06,5.80924711487094e-06,7.5530792645315e-07,9.31546442625551e-06,5.56829298593496e-05,2.0393314014235e-05,8.93730325364759e-06,1.07535496123077e-06,5.37677480615383e-06,8.93730325364759e-07,1.61132357643339e-05,3.85207042491106e-05,6.29423272044291e-06,1.80980390886364e-05,4.02178646414142e-06,6.7029774402357e-06,1.40990812937921e-05,0,3.1727426550449e-05
"PCSI_0087",4.72167957122223e-06,2.05290416140097e-07,0.000101208175157068,2.73889985513959e-07,3.02331719122804e-05,0,0,1.33102014708153e-06,1.36525259974829e-05,0.000467568363096211,3.31742383600002e-05,7.60582941189445e-07,9.48441722567247e-05,5.60442836062464e-05,1.2728005800686e-05,4.10580832280193e-07,2.05290416140097e-06,6.16072182363451e-05,2.09160308827097e-06,5.70437205892084e-07,0,0.000189575298091469,0.000287761160684722,3.80291470594723e-07,1.23174249684058e-05,2.42242691045314e-05,6.39255016192998e-05,7.41568367659709e-06,1.00777239707601e-05,7.60582941189445e-07,3.99306044124459e-05,7.60582941189445e-07,1.46412216178968e-05,3.80291470594723e-07,5.55225547068295e-05,1.09555994205583e-06,5.70437205892084e-07,0.000224562113386184,2.66877540982126e-06,6.364002900343e-06,1.84761374526087e-06,1.23174249684058e-06,1.52116588237889e-06,3.3872918663116e-05,4.98855711220435e-05,9.91552709956667e-05,0.000188661892432749,1.56020716266474e-05,8.00632622946377e-06,0,0,2.99724007564541e-05,4.10580832280193e-07,4.10580832280193e-07,4.10580832280193e-07,5.25868772186801e-05,3.26411761662754e-05,1.64232332912077e-06,8.21161664560387e-06,3.80291470594723e-07,1.69229704414652e-05,1.23174249684058e-06,5.13393485302876e-06,1.02645208070048e-06,5.33755081964252e-06,0,1.99131703655894e-05,1.33102014708153e-06,2.73889985513959e-07,3.53318081313007e-05,9.86779877586311e-06,1.10856824715652e-05,1.56020716266474e-05,9.03277831016426e-06,0.000138235949561182,3.61276897064986e-06,2.4718945588657e-06,1.60126524589275e-05,3.80291470594723e-07,9.50728676486807e-07
"PCSI_0098",6.00464807451313e-05,0,7.78219732400799e-05,1.14435669598214e-05,4.95836362893511e-05,1.98334545157404e-07,0,4.7600290837777e-06,5.95003635472213e-06,0.000833570456105414,7.53671271598136e-06,7.93338180629617e-07,0.000160412981051975,9.03948825657753e-05,9.32129484491208e-06,3.25161448078328e-06,8.02064905259877e-06,2.73701672317218e-05,0,2.38001454188885e-06,5.95003635472213e-07,0.000363547221273522,0.000107497323475313,2.38001454188885e-06,9.97161774106874e-06,1.82090410923864e-05,5.78787377579424e-05,5.35503271924991e-06,1.38834181610183e-06,1.38834181610183e-06,3.49068799477031e-05,1.32884145255461e-05,3.76835635799068e-06,1.78501090641664e-06,4.18485890282123e-05,1.35242154979707e-05,7.93338180629617e-07,5.35503271924991e-05,3.68516307822105e-06,1.19225864295387e-05,2.81806588334551e-06,8.67097194875542e-06,1.98334545157404e-07,1.40903294167276e-05,5.85290606540991e-06,0.000124861996062078,0.000198565257626499,1.82090410923864e-05,4.5522602730966e-06,5.98186454717936e-06,2.16774298718886e-07,2.81806588334551e-06,4.98580887053437e-06,5.85290606540991e-06,3.46838877950217e-06,3.82319168884941e-05,5.41935746797214e-05,3.90193737693994e-06,1.97264611834186e-05,4.36335999346289e-06,0.00021667096783772,4.33548597437771e-07,2.85601745026662e-05,6.50322896156657e-07,7.37032615644211e-06,5.20162134537335e-07,9.97161774106874e-06,1.98334545157404e-06,0.000179762293383797,4.65545110410915e-05,4.7600290837777e-06,3.20825962103951e-05,1.19225864295387e-05,7.15355185772322e-06,0.000145577556145535,9.91672725787021e-07,4.36335999346289e-06,1.08387149359443e-05,5.95003635472213e-07,2.77668363220366e-06
"PCSI_0099",0.000485616643025549,0,0.000160262533379183,3.85957089152986e-05,2.40134114903173e-05,0,0,6.75377198165175e-06,2.25125732721725e-06,0.000227376990048942,2.50139703024139e-06,0,0.000223849996789359,8.75606556541895e-05,1.45934426090316e-05,5.04137108312e-05,2.016548433248e-05,1.45081027754001e-05,1.2506985151207e-06,2.25125732721725e-06,0,3.90217936717657e-05,2.85159261447518e-05,5.00279406048278e-07,2.20228315736295e-05,5.75777644756337e-05,6.39255016192998e-05,1.75097792116897e-06,1.67593601026173e-05,3.75209554536208e-06,9.005029308869e-06,3.00167643628967e-06,4.00223524838622e-05,2.75153673326553e-06,9.5303226852197e-05,1.65410181065566e-05,3.50195584233795e-06,2.17621541631001e-05,1.32667660082105e-06,3.76776154633179e-05,4.24536512262737e-06,5.55986673389457e-05,1.12384116399009e-05,9.39287033381306e-05,6.2884470878918e-05,0.000107991475306834,0.000241189806029268,3.14579212681185e-05,1.08787481267326e-05,1.03381363165978e-06,2.3880178814779e-06,1.008274216624e-05,4.51070044279158e-06,4.43109984674232e-05,2.68674896069946e-05,1.82640408259895e-05,2.97175558583916e-05,2.60436879369994e-05,6.02311176772758e-05,1.12872631938267e-05,0.00021667096783772,4.33899288124141e-06,8.09503348180828e-05,6.10271236377685e-06,1.59201192098526e-05,3.44604543886595e-07,4.11269746254527e-05,4.25237495141036e-06,0.000179762293383797,4.82446361441233e-06,4.5025146544345e-06,5.57037267728113e-05,3.95689321217176e-05,1.93200969415321e-05,0.000157696230929161,5.00279406048278e-06,1.50083821814483e-06,2.25535022139579e-05,0,3.50195584233795e-06
"PCSI_0102",0.00035305742630245,0,6.52190704934351e-05,3.4364202123364e-06,1.67458964009993e-05,0,0,2.05051792665297e-06,1.36525259974829e-05,8.68052588949759e-05,3.31742383600002e-05,2.05051792665297e-06,4.91875671319203e-05,9.77343132170727e-05,9.1088087281334e-06,2.22254932966455e-05,8.01575168075739e-06,5.87815138973852e-05,1.02525896332649e-06,3.41752987775496e-07,0,5.12629481663243e-06,8.0653705115017e-05,3.21247808508966e-05,2.07680839001441e-05,3.27917114212802e-05,6.39255016192998e-05,0,3.41752987775496e-07,0,0,0,2.05051792665297e-06,2.39227091442847e-06,0.000112303164058098,1.33161283228036e-05,8.99469730480647e-06,4.98959362152224e-05,1.09305704737601e-06,1.74889127580161e-05,0,5.55986673389457e-05,5.80980079218343e-06,2.14967885983948e-05,4.22648724985389e-05,7.21417651268165e-05,0.000181083117515292,1.85819698053921e-05,5.82963758600537e-06,4.29552526542051e-07,2.18611409475201e-06,2.18611409475201e-06,8.01575168075739e-06,4.11718154511629e-05,1.82176174562668e-06,0.000475712961666303,1.89463221545175e-05,1.89463221545175e-05,7.19310526038358e-05,3.41752987775496e-07,0.00021667096783772,0,8.54382469438739e-06,7.28704698250671e-07,1.38453892667628e-05,4.29552526542051e-07,2.76907785335255e-05,1.70876493887748e-06,1.03092606370092e-05,3.4364202123364e-06,9.86779877586311e-06,4.4450986593291e-05,3.67995872616589e-05,7.28704698250671e-06,7.31351393839561e-05,1.70876493887748e-06,0,3.27917114212802e-06,0,0
"PCSI_0103",0.000188015834979216,0,0.000257347313977238,7.65074941003159e-07,1.3288686889036e-06,0,2.6577373778072e-07,7.44166465786017e-06,1.36525259974829e-05,9.64758668144014e-05,3.31742383600002e-05,2.6577373778072e-07,0.000223849996789359,9.77343132170727e-05,3.22966614727481e-05,4.16490773688136e-06,2.72147684304436e-05,1.62121980046239e-05,2.6577373778072e-07,1.3288686889036e-06,0,6.11279596895656e-06,7.6011289005286e-05,1.06309495112288e-06,2.8501302473598e-05,6.18786292336659e-05,6.39255016192998e-05,0,2.6577373778072e-06,0,7.97321213342161e-07,5.3154747556144e-07,7.70743839564089e-06,5.3154747556144e-07,1.9933030333554e-05,7.65074941003159e-07,5.3154747556144e-07,5.3154747556144e-07,7.4209473785573e-06,1.93370716355206e-05,3.27242750754964e-06,2.20145123235158e-05,5.3154747556144e-07,0.000115261427499124,0.000106575854621547,0.000144581797151739,0.000190098288847656,3.14579212681185e-05,4.93072694729546e-05,0,0,2.08245386844068e-06,5.9498681955448e-07,1.42796836693075e-05,3.86741432710412e-06,3.634105969765e-05,9.47182179542677e-05,1.81470979964116e-05,7.19310526038358e-05,2.6577373778072e-07,7.97321213342161e-07,4.33899288124141e-06,7.97321213342161e-07,1.07825398612992e-05,2.17170189137385e-05,1.53014988200632e-06,2.82618739288378e-05,0,8.07154062758332e-05,0.000310404372082034,9.86779877586311e-06,5.57037267728113e-05,2.58819266506199e-05,1.93200969415321e-05,4.73077253249682e-05,1.3288686889036e-06,0,5.05738796621308e-06,2.6577373778072e-07,2.6577373778072e-07
"PCSI_0104",2.72236504555878e-06,0,0.000114339331913469,3.88463736910159e-05,1.58362782212376e-05,0,0,2.37544173318563e-06,0,0.000833570456105414,4.75088346637127e-06,7.91813911061878e-07,0.000223849996789359,5.62622109415481e-05,3.22966614727481e-05,0,4.5372750759313e-06,4.90924624858364e-05,7.91813911061878e-07,3.95906955530939e-05,0,0.000259714962828296,0.000140942876169014,0,4.5372750759313e-06,2.8131105470774e-05,4.80951158048718e-05,7.91813911061878e-07,5.54269737743315e-06,0,1.50444643101757e-05,2.83822063489015e-05,5.54269737743315e-06,3.16725564424751e-06,5.22597181300839e-05,7.76927473820319e-06,0,1.58362782212376e-06,1.81491003037252e-06,1.17969151974214e-05,1.81491003037252e-06,9.98200516704886e-06,7.91813911061878e-07,7.44113112452733e-05,1.99640103340977e-05,0.000196917738295418,0.000132488432217194,1.08894601822351e-05,1.99640103340977e-05,1.10989639117188e-06,0,2.72236504555878e-06,0,9.0745501518626e-07,1.81491003037252e-05,3.55166845175003e-05,4.80951158048718e-05,3.62982006074504e-06,1.63341902733527e-05,7.91813911061878e-07,5.54269737743315e-05,0,2.37544173318563e-06,5.44473009111756e-06,1.45192802429802e-05,7.76927473820319e-06,9.0745501518626e-07,1.58362782212376e-06,0.000179762293383797,5.43849231674223e-05,1.58362782212376e-06,3.17609255315191e-05,1.99640103340977e-05,9.98200516704886e-06,4.67170207526508e-05,1.58362782212376e-06,0,9.0745501518626e-07,0,7.91813911061878e-07
"PCSI_0105",1.23302475478522e-05,1.20884779880904e-06,2.73199602530844e-05,4.31596302082884e-06,7.59988363093636e-05,4.43141902678505e-07,2.21570951339252e-07,6.86869949151682e-06,2.21570951339252e-06,0.000833570456105414,3.31742383600002e-05,2.43728046473178e-06,0.000223849996789359,7.27726374883044e-05,2.63528820140371e-05,7.25308679285426e-07,8.22016503190149e-06,3.16846460415131e-05,2.21570951339252e-07,2.2821807987943e-05,0,0.000438165684580115,0.000168393923017832,1.32942570803551e-06,1.47479431454703e-05,2.87705776116552e-05,6.39255016192998e-05,1.32942570803551e-06,2.43728046473178e-06,0,2.59238013066925e-05,2.83822063489015e-05,1.90551018151757e-05,6.64712854017757e-07,5.0075035002671e-05,0.000197671106353961,4.43141902678505e-07,8.99578062437365e-05,2.17592603785628e-06,5.31893031475979e-06,5.07716075499798e-06,9.67078239047235e-07,1.32942570803551e-06,0.000115261427499124,3.9166668681413e-05,0.000159326139883032,0.000203811738879205,2.10339516992774e-05,9.91255195023415e-06,5.1791556249946e-06,0,1.90997952211829e-05,1.20884779880904e-06,2.41769559761809e-06,2.17592603785628e-06,4.45982845485647e-05,6.817901585283e-05,1.69238691833266e-06,1.16049388685668e-05,1.99413856205327e-06,5.96025859102589e-05,1.20884779880904e-06,8.09503348180828e-05,8.4619345916633e-06,9.67078239047235e-06,5.03529019096698e-05,1.81327169821356e-05,1.32942570803551e-06,0.000143577703159573,4.14332449999568e-05,1.55099665937477e-06,3.02211949702261e-05,1.40226344661849e-05,1.74074083028502e-05,3.21277879441916e-05,5.0961318808028e-06,7.09027044285608e-06,1.61985605040412e-05,0,5.0961318808028e-06
"PCSI_0107",5.87250379726459e-06,3.45441399839093e-07,9.01602053580034e-05,5.32439708370485e-06,1.05894280615744e-05,0,1.3663778143967e-06,1.3663778143967e-06,5.80710571118599e-06,0.000146202426140447,7.17348352558269e-06,0,0.000223849996789359,2.93625189863229e-05,2.76353119871275e-05,0,8.63603499597733e-06,9.56464470077692e-06,6.93606187862043e-06,0,3.75753898959093e-06,0.00023228422844744,8.02746965958063e-05,4.44072789678929e-06,2.8501302473598e-05,6.4060894249325e-05,6.39255016192998e-05,1.02478336079753e-06,1.19558058759712e-05,1.15886799333202e-05,2.04956672159505e-06,3.41594453599176e-06,0.000168064471170794,1.09310225151736e-05,7.54923742454178e-05,6.96267310946018e-06,4.44072789678929e-06,0.000290696880012899,3.45441399839093e-07,1.38176559935637e-06,1.38176559935637e-06,4.83617959774731e-06,2.04956672159505e-06,8.1524170362026e-05,3.97257609814957e-05,7.73788735639569e-05,0.000122631696942878,7.25426939662096e-06,4.93072694729546e-05,1.63827602575534e-06,0,9.41445086939676e-05,3.45441399839093e-07,6.90882799678187e-07,1.72720699919547e-06,0.000343218827395743,1.76175113917938e-05,1.07086833950119e-05,1.17450075945292e-05,1.12872631938267e-05,0.00021667096783772,4.33899288124141e-06,8.09503348180828e-05,5.1816209975864e-06,1.24358903942074e-05,1.63827602575534e-06,9.67235919549461e-06,8.5398613399794e-06,3.68612105794951e-05,7.08554381139183e-05,9.86779877586311e-06,5.57037267728113e-05,1.00178005953337e-05,1.20904489943683e-05,4.64568456894879e-05,4.78232235038846e-06,2.39116117519423e-06,7.25426939662096e-06,0,2.93771230095291e-05
"PCSI_0108",1.13636286157078e-06,2.27272572314155e-07,4.31817887396895e-06,1.37659437160119e-06,2.69220862768483e-05,8.03644366473082e-07,0,2.81275528265579e-06,3.81731074074714e-06,0.000361840876004505,3.31742383600002e-05,6.02733274854812e-07,0.000110681742716994,6.20454122417644e-05,8.6363577479379e-06,2.27272572314155e-07,6.81817716942466e-07,6.36888160429918e-05,2.00911091618271e-07,3.21457746589233e-06,0,0.000438165684580115,0.000287761160684722,4.01822183236541e-07,2.72727086776986e-06,4.99999659091142e-06,3.11363424070393e-05,2.61184419103752e-06,4.01822183236541e-06,3.21457746589233e-06,2.04929313450636e-05,2.83822063489015e-05,4.62095510722022e-06,2.61184419103752e-06,6.34879049513735e-05,2.61552930604226e-05,0,1.7077442787553e-05,6.81817716942466e-07,2.49999829545571e-06,2.27272572314155e-07,6.81817716942466e-07,4.01822183236541e-07,4.09090630165479e-05,4.06817904442338e-05,6.56817733987909e-05,0.000121136281043445,4.77272401859726e-06,4.5454514462831e-07,2.75318874320238e-07,0,1.70454429235616e-05,0,2.27272572314155e-07,0,1.76204079564952e-05,2.45454378099288e-05,4.5454514462831e-07,9.77272060950867e-06,4.01822183236541e-07,3.17439524756867e-05,3.63636115702648e-06,1.00455545809135e-06,2.72727086776986e-06,7.27272231405297e-06,5.56829298593496e-05,7.49999488636712e-06,1.20546654970962e-06,2.75318874320238e-07,8.25956622960713e-07,7.03188820663947e-06,8.86363032025205e-06,7.95454003099543e-06,3.86363372934064e-06,2.2301131169628e-05,2.00911091618271e-06,1.60728873294616e-06,5.45454173553973e-06,0,0
"PCSI_0111",0.000301821452754021,0,0.000257347313977238,7.16748256509866e-06,7.6336404946599e-05,1.91800012428641e-07,0,4.60320029828738e-06,1.91800012428641e-06,0.000833570456105414,6.13760039771651e-06,2.49340016157233e-06,0.000223849996789359,9.77343132170727e-05,2.99835785301692e-05,2.4026576173182e-05,2.72147684304436e-05,3.79764024608709e-05,1.53440009942913e-06,8.24774681057557e-05,0,0.000163797210614059,4.52648029331592e-05,1.91800012428641e-07,2.8501302473598e-05,5.10316535248576e-05,5.73857893723107e-05,2.0158627749527e-05,2.39750015535801e-05,9.59000062143204e-07,7.57610049093131e-05,2.83822063489015e-05,1.20834007830044e-05,1.91800012428641e-07,8.8611605742032e-05,5.41543127140788e-05,1.91800012428641e-07,1.09326007084325e-05,7.4209473785573e-06,4.4156097141668e-05,4.96416863082272e-06,5.08330867796247e-05,1.12384116399009e-05,0.000115261427499124,2.6210810370744e-05,0.000117352946432649,9.96805061069203e-05,2.48208431541136e-05,2.48208431541136e-05,0,1.51001089840171e-05,5.20244872510221e-05,5.36130212128854e-06,2.54165433898123e-05,9.92833726164544e-06,1.56622767163267e-05,9.47182179542677e-05,2.24380422113187e-05,7.19310526038358e-05,3.64420023614418e-06,1.68784010937204e-05,4.33899288124141e-06,1.30424008451476e-05,1.07825398612992e-05,1.33039719306049e-05,7.96386951677629e-07,2.91893115492376e-05,2.87700018642961e-06,1.03530303718092e-05,0.000310404372082034,7.67200049714563e-07,5.57037267728113e-05,3.95689321217176e-05,1.5289639382934e-05,6.25268040517369e-05,6.90480044743107e-06,7.67200049714563e-06,2.14452084851542e-05,1.91800012428641e-07,2.30160014914369e-06
"PCSI_0132",1.65687372474418e-05,0,8.59119709126613e-06,1.30145727062719e-05,0.000106864665971726,5.50147301940094e-07,0,8.25220952910142e-06,1.36525259974829e-05,0.000269022030648706,1.10029460388019e-06,5.83162916482937e-06,7.54798030161238e-05,9.77343132170727e-05,9.818510961447e-06,1.22731387018088e-06,3.68194161054263e-06,0.000107931543454963,5.50147301940094e-07,1.10029460388019e-06,0,5.61150247978896e-05,4.0710900343567e-05,2.20058920776038e-06,5.52291241581394e-06,6.13656935090438e-07,1.10458248316279e-05,0,0,0,9.68131013737941e-05,5.50147301940094e-07,1.65044190582028e-06,2.20058920776038e-06,6.05162032134104e-05,7.15801498844957e-05,0,5.50147301940094e-07,1.22731387018088e-06,1.22731387018088e-06,0,0,0,4.23423285212402e-05,5.52291241581394e-06,3.86603869106976e-05,5.33881533528681e-05,1.84097080527131e-06,0,2.89212726806043e-06,0,0,1.22731387018088e-06,4.29559854563306e-06,0,5.3504354459118e-05,6.13656935090438e-06,0,6.13656935090438e-07,0,1.1553093340742e-05,6.13656935090438e-07,5.50147301940094e-07,0,1.84097080527131e-06,1.44606363403022e-05,1.10458248316279e-05,0,0.000114239027088387,0.000310404372082034,9.86779877586311e-06,9.818510961447e-06,9.20485402635656e-06,1.22731387018088e-06,1.37536825485024e-05,5.50147301940094e-07,0,6.13656935090438e-07,0,0
"PCSI_0141",0.000351076960299541,8.45968579035037e-07,5.07581147421022e-06,6.53354414902454e-06,1.81154854319992e-05,0,1.57525960278254e-06,3.70186006653897e-05,1.57525960278254e-06,3.54433410626071e-05,3.93814900695635e-06,2.36288940417381e-06,3.55306803194716e-05,2.45330887920161e-05,5.92178005324526e-06,2.1995183054911e-05,2.53790573710511e-06,3.15051920556508e-05,2.36288940417381e-06,4.01691198709547e-05,0,0.00016776514769634,0.000108692912591995,2.36288940417381e-06,5.07581147421022e-06,2.45330887920161e-05,1.69193715807008e-05,0,1.33897066236516e-05,0,1.41773364250428e-05,1.57525960278254e-06,0.000391283248974275,5.04083072890412e-05,7.79753503377357e-05,9.33363449860649e-07,6.30103841113015e-06,0.000119719729811473,8.45968579035037e-07,1.09975915274555e-05,8.45968579035037e-07,5.92178005324526e-06,6.30103841113015e-06,3.21468060033314e-05,4.39903661098219e-05,4.06064917936818e-05,9.47484808519242e-05,5.92178005324526e-06,1.69193715807007e-06,1.8667268997213e-06,1.69193715807007e-06,2.3687120212981e-05,1.18435601064905e-05,5.61920958176839e-05,1.09975915274555e-05,0.000294942850155965,2.96089002662263e-05,5.07581147421022e-06,2.03032458968409e-05,0,7.87629801391269e-07,1.69193715807007e-06,2.36288940417381e-06,1.69193715807007e-06,9.30565436938541e-06,1.8667268997213e-06,2.96089002662263e-05,1.89031152333905e-05,8.40027104874584e-06,2.05339958969343e-05,7.87629801391269e-07,1.09975915274555e-05,2.1995183054911e-05,3.38387431614015e-06,0.000157696230929161,5.51340860973889e-06,0,3.04548688452613e-05,0,5.2771196693215e-05
"PCSI_0142",5.62871086381546e-05,0,9.88554954576909e-06,2.63269923017242e-07,0.000106864665971726,1.52164481220562e-05,2.92624002347235e-06,4.194060024578e-05,5.46231471048171e-06,1.07295467527319e-05,1.75574401408341e-06,7.80330672925959e-07,3.59107718193244e-05,3.44985504556431e-05,2.62269681826527e-06,2.62269681826527e-06,4.43841000014122e-06,1.17049600938894e-06,3.70657069639831e-06,4.87706670578724e-06,1.9508266823149e-07,6.6523189866938e-05,7.27658352503457e-05,4.48690136932426e-06,3.02618863645992e-06,5.85063136382252e-06,1.45257054550076e-05,5.85248004694469e-07,9.75413341157449e-07,1.11197120891949e-05,7.80330672925959e-07,3.9016533646298e-07,0.000369096408293979,0.000298911127284721,4.62345923708631e-05,5.26539846034484e-07,8.99469730480647e-06,0.000277797719561641,4.84190181833588e-06,4.23666409104389e-06,4.03491818194657e-07,2.642871409175e-05,1.36557867762043e-06,6.05237727291985e-06,1.69466563641756e-05,4.76120345469695e-05,9.4618831366647e-05,1.06925331821584e-05,2.01745909097328e-06,7.89809769051725e-07,1.51001089840171e-05,9.41445086939676e-05,1.21047545458397e-06,7.46459863660115e-06,1.21047545458397e-06,2.58004524556897e-05,1.3516975909521e-05,4.03491818194657e-07,4.21648950013416e-05,1.75574401408341e-06,7.35461659232716e-05,1.21047545458397e-06,8.09503348180828e-05,4.03491818194657e-07,7.8680904547958e-06,5.26539846034484e-06,6.70537993159876e-05,5.46231471048171e-06,8.68790745956898e-06,0.000310404372082034,3.12132269170384e-06,1.73501481823702e-05,3.95689321217176e-05,5.64888545472519e-06,4.15526083333073e-05,3.9016533646298e-07,2.53607468700937e-06,2.34025254552901e-05,1.9508266823149e-07,1.58016961267507e-05
"PCSI_0143",0.000248174368601137,0,0.00010380470237382,7.41983282841829e-06,2.2124542152978e-05,5.43409807266127e-06,2.32889917399769e-06,2.11541674971456e-05,5.43409807266127e-06,0.000362337896487807,3.29927382983005e-06,2.13482424283121e-06,7.9465724061722e-05,2.76673856026414e-05,1.83062400979883e-05,2.01784691989189e-05,2.72147684304436e-05,4.03675856826266e-05,7.76299724665895e-07,8.24774681057557e-05,9.70374655832369e-07,0.000104412312967563,9.39322666845733e-05,4.72772267507764e-05,8.11299277069936e-06,3.86927347525662e-05,3.4948276550705e-05,1.55259944933179e-05,2.17363922906451e-05,7.76299724665895e-07,3.7262386783963e-05,1.55259944933179e-06,4.4637234168289e-05,2.2512692015311e-05,7.99588716405872e-05,7.14502420514354e-06,2.71704903633063e-06,0.000132165028124369,6.86484003674562e-06,1.83062400979883e-05,2.91235637922541e-06,1.41457309848091e-05,4.85187327916184e-06,7.78015204164503e-05,3.68205056516356e-05,0.000230913823584807,0.000142705462582045,9.56917096031207e-06,4.93072694729546e-05,2.19846898619801e-06,1.4977832807445e-05,4.01489129421789e-05,1.45617818961271e-06,1.70580873640346e-05,2.60031819573698e-05,0.000475712961666303,4.18131165874506e-05,2.20506982998496e-05,2.28828001224854e-05,3.88149862332948e-07,0.000131582803330869,1.24815273395375e-06,1.74667438049826e-05,1.07825398612992e-05,3.70758065347305e-05,2.74808623274751e-07,4.49334984223349e-05,5.89987213390597e-05,0,1.20915794240891e-05,5.82224793499421e-06,2.10105710215548e-05,1.18574509725606e-05,1.20654764282196e-05,5.60876551071109e-05,4.07557355449595e-06,5.24002314149479e-06,6.10714347266942e-05,3.88149862332948e-07,2.13482424283121e-05
"PCSI_0144",2.30373101804177e-05,0,2.01052888847282e-05,0.000273761857089661,2.23596970931835e-06,3.13035759304569e-05,4.28560860952683e-06,4.194060024578e-05,1.86330809109862e-07,5.58992427329587e-07,3.72661618219725e-06,0,2.80636324015998e-05,1.88487083294327e-06,4.18860185098504e-07,1.88487083294327e-06,1.71732675890387e-05,1.30431566376904e-06,1.86330809109862e-07,2.23596970931835e-06,0,0.000141611414923495,5.40359346418601e-06,3.6520838585533e-05,3.35088148078804e-06,2.51316111059103e-06,2.93202129568953e-06,9.31654045549312e-07,2.9812929457578e-06,1.30431566376904e-06,2.79496213664793e-06,0,5.34769422145305e-05,0.000298911127284721,7.82589398261422e-06,5.33276023936628e-07,2.60863132753807e-06,0.000278564559619244,0,2.09430092549252e-07,2.09430092549252e-07,0,0,3.70691263812176e-05,6.91119305412532e-06,7.95834351687158e-05,2.80636324015998e-05,2.09430092549252e-07,8.37720370197009e-07,2.13310409574651e-06,2.09430092549252e-06,3.95822874918087e-05,8.37720370197009e-07,4.60746203608355e-06,3.76974166588654e-06,7.7325023470811e-06,4.18860185098504e-07,8.37720370197009e-07,4.18860185098504e-07,0,8.01222479172408e-06,0,1.11798485465917e-06,4.60746203608355e-06,7.33005323922383e-06,1.59982807180988e-06,3.22522342525848e-05,5.40359346418601e-06,0,2.93301813165145e-06,1.86330809109862e-07,3.14145138823878e-06,2.09430092549252e-07,7.12062314667457e-06,2.23596970931835e-06,7.45323236439449e-07,1.86330809109862e-07,3.37182449004296e-05,0,6.33524750973532e-06
"PCSI_0145",0.000139856654557623,2.54284826468406e-07,0.000257347313977238,1.71459179341501e-06,0.000106864665971726,1.71438241944913e-06,2.6940295162772e-06,1.10210298393158e-05,3.18385306469124e-06,2.71852069369791e-05,1.22455887103509e-06,2.20420596786317e-06,0.000223849996789359,5.61969466495177e-05,2.54284826468406e-05,9.40853857933102e-06,2.72147684304436e-05,2.93894129048422e-06,9.79647096828074e-07,1.95929419365615e-06,3.18385306469124e-06,5.82890022612704e-05,1.49396182266281e-05,2.44911774207019e-06,2.8501302473598e-05,6.4060894249325e-05,6.39255016192998e-05,1.56743535492492e-05,1.24905004845579e-05,9.3066474198667e-06,4.89823548414037e-07,2.44911774207019e-07,9.64952390375653e-05,2.22869714528387e-05,7.34735322621056e-05,0,2.6940295162772e-06,0.00027846468727338,4.06855722349449e-06,3.81427239702609e-05,2.28856343821565e-06,5.55986673389457e-05,4.89823548414037e-07,8.26425686022319e-05,0.000106575854621547,0.000200630728083572,0.000292833975375892,3.14579212681185e-05,4.93072694729546e-05,3.42918358683001e-07,1.01713930587362e-06,4.27198508466922e-05,0,1.57656592410412e-05,2.68674896069946e-05,5.14377538024502e-06,9.47182179542677e-05,2.60436879369994e-05,7.19310526038358e-05,1.02862945166948e-05,7.20040616168635e-05,2.54284826468406e-06,3.62469425826387e-05,7.11997514111536e-06,3.70758065347305e-05,0,4.85684018554655e-05,5.38805903255441e-06,3.42918358683001e-07,0,6.6126179035895e-06,5.57037267728113e-05,1.29685261498887e-05,1.34770958028255e-05,2.49810009691159e-05,2.6940295162772e-06,1.30285068072427e-05,4.65341232437183e-05,0,5.55949727449932e-05
"PCSI_0149",0.000192997879213997,0,2.19066832251983e-06,1.98268141006187e-05,1.01995041557416e-05,1.85445530104393e-07,6.30514802354936e-06,7.41782120417571e-06,1.11267318062636e-06,5.93425696334057e-06,2.63332652748238e-05,1.85445530104393e-07,1.88397475736705e-05,1.55537450898908e-05,7.44827229656742e-06,8.32453962557535e-06,1.75253465801586e-06,3.33801954187907e-06,1.29811871073075e-06,1.66900977093954e-06,3.70891060208786e-07,0.000182478401622723,7.71453405234274e-05,4.52487093454719e-05,4.60040347729164e-06,8.9817401223313e-06,1.3363076767371e-05,7.41782120417571e-07,4.26524719240104e-06,1.85445530104393e-07,2.5962374214615e-06,1.85445530104393e-07,0.000261849088507403,3.69036604907742e-05,3.57909873101478e-05,2.90793273475741e-06,3.52346507198346e-06,0.00040612571092862,4.38133664503966e-07,8.76267329007932e-07,0,8.76267329007932e-07,7.41782120417571e-07,6.76916511658627e-05,8.12737947654857e-05,6.50628491788389e-05,7.93021932752178e-05,1.09533416125991e-06,0,3.17229025609899e-06,1.75253465801586e-06,1.94969480704265e-05,3.28600248377974e-06,1.00770742835912e-05,1.75253465801586e-06,0.000475712961666303,3.50506931603173e-06,2.19066832251983e-06,1.05152079480952e-05,1.85445530104393e-07,7.7887122643845e-06,2.19066832251983e-07,6.67603908375814e-06,8.32453962557535e-06,3.24218911732935e-05,4.22972034146532e-06,1.48965445931348e-05,2.41079189135711e-06,2.64357521341583e-07,2.90793273475741e-06,3.70891060208786e-06,6.13387130305552e-06,3.30790916700494e-05,3.06693565152776e-06,1.5577424528769e-05,1.66900977093954e-06,9.27227650521964e-07,2.93549555217657e-05,0,3.28238588284775e-05
"PCSI_0161",0.000150176452449429,1.9528797457663e-07,0.000257347313977238,0.000116032267681086,3.38014615449836e-05,4.53203953675758e-06,9.44174903491162e-07,5.28737945955051e-06,8.68640911211869e-06,0.000155411189114645,6.9868942858346e-06,9.44174903491162e-07,3.08554999831076e-05,8.51455569154108e-05,7.03036708475869e-06,1.97240854322397e-05,1.36701582203641e-05,8.68640911211869e-05,2.26601976837879e-06,5.28737945955051e-06,0,3.738932617825e-05,5.83500090357538e-05,4.72772267507764e-05,2.8501302473598e-05,4.4916234152625e-05,1.52324620169772e-05,1.69951482628409e-06,1.51067984558586e-06,1.15886799333202e-05,9.68131013737941e-05,0,1.32184486488763e-06,1.17077688032904e-05,5.32514645569015e-05,1.53009583755279e-06,7.5533992279293e-07,0.00012387574733804,3.51518354237935e-06,1.4256022144094e-05,1.36701582203641e-06,5.55986673389457e-05,1.88834980698232e-06,5.27277531356902e-06,4.4916234152625e-06,0.000230913823584807,0.000135529854356181,1.77712056864734e-05,1.52324620169772e-05,2.55015972925464e-07,0,4.68691138983913e-06,4.68691138983913e-06,1.44513101186706e-05,4.68691138983913e-06,5.35533543143475e-05,4.00340347882092e-05,1.11314145508679e-05,5.19466012373837e-05,1.88834980698232e-07,6.83582630127601e-05,1.9528797457663e-07,9.44174903491162e-07,0,5.85863923729891e-06,1.02006389170186e-06,4.99937214916174e-05,2.26601976837879e-06,5.10031945850928e-07,0.000254760956952539,6.4203893437399e-06,1.32795822712109e-05,3.95689321217176e-05,1.93200969415321e-05,3.90888410045341e-05,1.13300988418939e-06,2.26601976837879e-06,3.94481708644793e-05,1.88834980698232e-07,0
"PCSI_0164",0.000121759594342221,2.5105070998396e-07,7.78257200950277e-06,1.21549033031861e-06,1.62965390677836e-05,1.58438574270119e-06,2.26340820385884e-07,4.194060024578e-05,3.39511230578826e-06,1.01853369173648e-05,1.78809248104848e-05,2.48974902424472e-06,2.15903610586206e-05,4.26786206972733e-06,1.50630425990376e-06,1.73224989888933e-05,2.58582231283479e-05,2.37657861405178e-05,1.81072656308707e-06,0,0,5.88486133003298e-06,8.60095117466359e-06,1.7654583990099e-05,5.77416632963109e-06,7.02941987955089e-06,9.79097768937445e-06,0,9.05363281543536e-07,0,1.13170410192942e-05,0,1.72019023493272e-05,2.30867636793602e-05,6.08856806838028e-05,5.77357906901341e-06,2.71608984463061e-06,7.46924707273417e-06,2.5105070998396e-06,2.5105070998396e-06,7.53152129951881e-07,2.78666288082196e-05,1.3580449223153e-06,3.64023529476743e-05,6.3515829625942e-05,2.93729330681234e-05,5.6988511166359e-05,0,5.02101419967921e-07,3.03872582579653e-07,1.2552535499198e-06,2.5105070998396e-06,4.76996348969525e-06,1.30546369191659e-05,5.02101419967921e-06,2.21826985283147e-05,5.02101419967921e-07,4.26786206972733e-06,5.02101419967921e-06,1.12872631938267e-05,6.74495644749934e-05,3.01260851980752e-06,2.42184677812896e-05,0,6.27626774959901e-06,0,1.17993833692461e-05,2.12760371162731e-05,4.86196132127445e-06,0.000310404372082034,5.6585205096471e-06,3.51470993977545e-05,7.78257200950277e-06,1.00420283993584e-05,1.60701982473978e-05,2.26340820385884e-07,6.79022461157652e-07,5.49801054864873e-05,0,1.58438574270119e-06
"PCSI_0165",9.24801467116043e-05,5.89045520456078e-07,1.68859715864076e-05,8.91244308043827e-05,3.50794207316792e-05,1.84628530166732e-06,1.10777118100039e-06,1.08930832798372e-05,3.13868501283445e-06,0.000214353723523576,1.29239971116713e-06,2.58479942233425e-06,9.54253743138847e-05,6.83292803729051e-05,3.22966614727481e-05,7.85394027274771e-06,5.3014096841047e-06,1.05238262195038e-05,5.90811296533544e-06,1.82782244865065e-05,1.84628530166732e-07,0.000177058760429896,0.000119454659017876,2.80635365853433e-05,1.9831199188688e-05,4.83017326773984e-05,3.14157610909908e-05,5.72348443516871e-06,9.41605503850336e-06,3.69257060333465e-06,7.75439826700277e-06,9.04679797816989e-06,0.000391283248974275,7.56976973683603e-06,5.85272440628542e-05,0.000125852942634431,8.99469730480647e-06,0.000408952194319312,4.12331864319255e-06,5.4977581909234e-06,2.15983357500562e-06,2.59180029000674e-05,1.10777118100039e-06,9.16947526843295e-05,0.000106575854621547,9.40509347661538e-05,0.000186923778491396,2.29727752977871e-05,2.35618208182431e-06,5.13685480140534e-07,3.92697013637386e-07,3.31828976523591e-05,0,6.08680371137948e-06,1.57078805454954e-06,0.000168231994746025,6.7740234852449e-05,1.96348506818693e-06,3.20048066114469e-05,5.53885590500197e-07,1.47702824133386e-05,4.33899288124141e-06,2.71403939345097e-05,5.89045520456078e-06,2.94522760228039e-05,2.82527014077294e-06,1.64932745727702e-05,2.03091383183406e-06,0,6.29264713172154e-05,1.47702824133386e-06,2.41508663386992e-05,3.02376700500787e-05,9.42472832729725e-06,0.000157696230929161,4.61571325416831e-06,4.61571325416831e-06,6.02789915933387e-05,0,0.000105001508747529
"PCSI_0167",8.54360229991728e-05,5.11592952090855e-07,1.79057533231799e-05,1.02744159508253e-06,1.35962326781568e-05,3.1562683002864e-06,4.85579738505599e-07,1.9423189540224e-06,9.71159477011198e-07,0.000424153901584641,3.1562683002864e-06,4.85579738505599e-07,5.88331894904483e-05,2.4556461700361e-05,6.13911542509026e-06,5.6275224729994e-06,2.04637180836342e-06,3.64184803879199e-06,4.85579738505599e-07,1.67525009784432e-05,5.09858725430879e-06,0.000438165684580115,0.000130135369919501,1.213949346264e-06,7.67389428136282e-06,1.56035850387711e-05,3.04397806494059e-05,5.09858725430879e-06,1.65097111091904e-05,1.15886799333202e-05,6.79811633907839e-06,9.46880490085918e-06,0.000119209825803125,1.3353442808904e-05,5.58416699281439e-05,0.000125347874600068,1.4567392155168e-06,0.00042318274210763,7.67389428136282e-07,7.92969075740825e-06,5.11592952090855e-07,2.8137612364997e-06,1.6995290847696e-06,3.12071700775421e-05,1.68825674189982e-05,0.000121247529645533,0.000110248281175579,4.34854009277227e-06,2.30216828440885e-06,0,0,5.11592952090855e-07,1.53477885627256e-06,3.58115066463598e-06,1.27898238022714e-06,5.71942487929274e-05,7.92969075740825e-06,5.11592952090855e-06,1.27898238022714e-05,4.37021764655039e-06,0.00021667096783772,2.55796476045427e-07,2.23366679712576e-05,1.79057533231799e-06,1.15108414220442e-05,2.05488319016506e-06,1.09992484699534e-05,4.37021764655039e-06,7.53457169727187e-06,0.000310404372082034,1.213949346264e-06,8.4412837094991e-06,2.07195145596796e-05,3.06955771254513e-06,4.66156548965375e-05,4.12742777729759e-06,9.71159477011198e-07,3.06955771254513e-06,7.28369607758399e-07,1.55385516321792e-05
"PCSI_0170",7.24485672801853e-06,1.97587001673233e-06,5.59829838074159e-06,0,9.68411759671731e-05,0,2.81515046416201e-07,4.22272569624301e-06,1.36525259974829e-05,0.000349078657556089,5.63030092832402e-06,3.37818055699441e-06,0.000113283214292653,4.70915687321204e-05,1.25138434393047e-05,0,1.64655834727694e-06,8.44545139248603e-05,2.81515046416201e-07,6.1651795165148e-05,0,0.000151455094971916,0.000187770535959606,5.63030092832402e-07,1.31724667782155e-06,1.64655834727694e-06,2.43690635396987e-05,3.65969560341061e-06,4.50424074265921e-06,2.81515046416201e-07,1.407575232081e-05,5.91181597474022e-06,1.37942372743938e-05,1.97060532491341e-06,4.19457419160139e-05,0.000269363225884702,2.81515046416201e-07,2.81515046416201e-05,1.64655834727694e-06,3.62242836400926e-06,6.58623338910775e-07,9.87935008366163e-07,0,6.68502688994437e-05,2.99673619204403e-05,0.000100769370853349,0.000109660785928644,4.93967504183081e-06,1.31724667782155e-06,0,0,2.10759468451448e-05,6.58623338910775e-07,5.59829838074159e-06,1.64655834727694e-06,1.93263825163523e-05,1.94293884978679e-05,3.29311669455388e-07,2.30518168618771e-06,0,9.28999653173463e-06,0,1.407575232081e-06,1.64655834727694e-06,2.30518168618771e-06,0,9.22072674475086e-06,2.81515046416201e-07,3.22106375272538e-06,5.36843958787563e-06,9.86779877586311e-06,5.2689867112862e-06,7.57416839747392e-06,8.89141507529547e-06,3.65969560341061e-05,2.53363541774581e-06,1.97060532491341e-06,9.22072674475086e-06,0,0
"PCSI_0171",5.97534663905137e-06,1.83856819663119e-06,1.44787245484706e-05,1.19212116286001e-05,8.81998309257656e-05,0,0,3.78901421638134e-06,3.36801263678341e-06,0.000833570456105414,3.31742383600002e-05,4.21001579597927e-06,9.14687677824018e-05,3.14854803673092e-05,2.55101337282578e-05,1.14910512289449e-06,1.14910512289449e-05,2.39970900370818e-05,0,4.16791563801947e-05,0,0.000165243119992186,0.000197449740831428,0,6.43498868820917e-06,1.97646081137853e-05,2.11435342612587e-05,2.0158627749527e-05,9.26203475115439e-06,4.21001579597927e-07,1.83135687125098e-05,1.68400631839171e-06,4.63101737557719e-06,8.42003159195853e-07,4.77836792843647e-05,8.31775447722778e-05,2.10500789798963e-07,8.84103317155646e-06,2.98767331952569e-06,1.1261230204366e-05,1.60874717205229e-06,2.52803127036789e-06,1.47350552859274e-06,0.000106636955404609,7.721986425851e-05,0.000166390421795123,0.000247517243471474,2.68890598757312e-05,1.40190824993128e-05,8.12809883768187e-07,0,3.8609932129255e-05,4.59642049157798e-07,6.89463073736697e-07,6.66480971278807e-06,1.32758947682137e-05,7.63005801601944e-05,1.14910512289449e-06,1.63172927451018e-05,0,5.68352132457201e-06,2.29821024578899e-07,1.05250394899482e-06,1.07825398612992e-05,2.02242501629431e-05,8.12809883768187e-07,1.53980086467862e-05,1.26300473879378e-06,0.000128694898263296,1.35468313961364e-05,2.94701105718549e-06,1.65471137696807e-05,7.58409381110366e-06,9.42266200773486e-06,2.12605797696953e-05,4.42051658577823e-06,1.30285068072427e-05,2.43610286053633e-05,2.10500789798963e-07,8.42003159195853e-07
"PCSI_0175",1.52153548426362e-05,0,9.78717419607411e-05,3.95678573337225e-05,8.72020887554233e-06,3.49588643956235e-05,1.70612782347567e-06,1.5923859685773e-05,0,8.01880077033567e-05,3.31742383600002e-05,1.89569758163964e-07,1.72714838754249e-05,1.06918709705011e-05,3.08419354918302e-06,3.08419354918302e-06,4.52348387213509e-06,4.36010443777117e-06,0,8.24774681057557e-05,7.58279032655855e-07,0.000312031821937884,5.97144738216486e-05,4.72772267507764e-05,3.49541935574075e-06,6.57961290492377e-06,8.01890322787585e-06,3.22268588878739e-06,4.54967419593513e-06,1.13741854898378e-06,1.81986967837405e-05,5.11838347042702e-06,2.14213826725279e-05,0.000298911127284721,1.38385923459694e-05,1.02773655412266e-06,3.22268588878739e-06,0.000229948116652888,2.05612903278868e-07,5.96277419508717e-06,4.11225806557736e-07,1.17199354868955e-05,0,6.57961290492377e-06,2.4879161296743e-05,5.88052903377562e-05,7.27869677607192e-05,3.28980645246189e-06,3.28980645246189e-06,1.28467069265333e-06,1.85051612950981e-06,3.45429677508498e-05,1.52153548426362e-05,2.46735483934641e-05,2.26174193606755e-06,2.77488869613119e-05,9.04696774427018e-06,3.08419354918302e-06,1.33648387131264e-05,1.89569758163964e-07,3.46912657440054e-05,0,1.0426336699018e-05,1.64490322623094e-06,1.06918709705011e-05,4.29080011346212e-05,2.85801935557626e-05,1.61134294439369e-05,2.56934138530666e-07,1.20759045109413e-05,5.68709274491891e-07,1.68602580688672e-05,1.06918709705011e-05,1.64490322623094e-06,2.65397661429549e-05,1.51655806531171e-06,2.84354637245946e-06,6.10714347266942e-05,0,3.60182540511531e-06
"PCSI_0177",1.27235923960419e-05,0,0.000257347313977238,1.61166432384396e-06,3.29032833577143e-05,9.7491209948783e-07,0,3.14409152084825e-05,1.7060961741037e-06,0.000403857337212834,3.65592037307936e-06,1.46236814923174e-06,8.96306397676729e-05,9.77343132170727e-05,9.61338092145387e-06,5.6549299537964e-07,1.27235923960419e-05,2.48602585369397e-05,4.87456049743915e-07,5.31327094220867e-05,1.21864012435979e-06,0.00022788570325528,0.00019668851607167,1.21864012435979e-06,1.1027113409903e-05,3.67570446996766e-05,5.42873275564454e-05,9.7491209948783e-06,1.09677611192381e-05,2.43728024871957e-07,3.89964839795132e-06,1.1698945193854e-05,3.02222750841227e-05,2.43728024871957e-06,6.23943743672211e-05,1.32156474555205e-05,7.31184074615872e-07,5.7519813869782e-05,1.69647898613892e-06,4.4156097141668e-05,4.52394396303712e-06,1.66820433636994e-05,2.43728024871957e-06,4.75014116118897e-05,1.80957758521485e-05,3.70397911973664e-05,3.56260587089173e-05,1.27235923960419e-05,4.93072694729546e-05,2.90099578291913e-06,0,1.55510573729401e-05,2.8274649768982e-07,8.48239493069459e-07,2.54471847920838e-06,6.5111238683296e-05,9.47182179542677e-05,0,3.47778192158478e-05,2.43728024871957e-06,1.58423216166772e-05,4.33899288124141e-06,4.38710444769523e-06,7.06866244224549e-06,1.07443669122131e-05,2.57866291815034e-06,1.83785223498383e-05,1.94982419897566e-06,0.000179762293383797,5.57635856050011e-05,4.63083247256719e-06,1.69647898613892e-05,1.97922548382874e-05,1.30063388937317e-05,6.55628386905566e-05,2.92473629846349e-06,3.16846432333545e-06,1.07443669122131e-05,1.11175534466566e-06,5.36201654718306e-06
"PCSI_0207",8.99319664673674e-06,0,5.99546443115783e-06,0.000273761857089661,5.73990678391383e-06,6.14990012562196e-06,1.32640385284787e-05,4.194060024578e-05,4.09993341708131e-06,0.000101268355401908,1.22998002512439e-06,8.19986683416261e-07,2.8853172574947e-05,1.16162123353683e-05,4.49659832336837e-06,3.74716526947364e-07,2.72147684304436e-05,7.37988015074635e-06,6.93606187862043e-06,0,0,0.00010741825552753,1.96796804019903e-05,4.72772267507764e-05,1.04920627545262e-05,7.86904706589465e-06,6.74489748505256e-06,4.09993341708131e-07,1.18898069095358e-05,2.86995339195691e-06,6.14990012562196e-06,4.09993341708131e-07,0.000268955632160534,0.000298911127284721,5.98590278893871e-05,7.07290664974337e-05,4.50992675878944e-06,0.000505760615896373,3.74716526947364e-07,5.2460313772631e-06,7.49433053894729e-07,3.37244874252628e-06,3.27994673366505e-06,1.34897949701051e-05,3.26003378444207e-05,0.000140143981078314,9.14308325751569e-05,4.87131485031574e-06,7.49433053894729e-07,5.81334793129592e-06,3.74716526947364e-07,9.41445086939676e-05,1.12414958084209e-06,1.87358263473682e-06,1.12414958084209e-06,5.32890227035459e-05,1.91105428743156e-05,1.49886610778946e-06,1.16162123353683e-05,4.09993341708131e-07,1.14798135678277e-05,0,5.73990678391383e-06,1.49886610778946e-06,1.12414958084209e-05,2.13156090814184e-05,6.70537993159876e-05,5.89987213390597e-05,5.81334793129592e-06,1.45333698282398e-05,7.78987349245448e-06,1.04920627545262e-05,8.24376359284201e-06,4.87131485031574e-06,5.45291144471814e-05,3.68994007537318e-06,8.19986683416261e-07,6.10714347266942e-05,0,1.22998002512439e-05
"PCSI_0208",3.30770325676463e-05,0,8.10920798432618e-05,0.000179604190342464,2.18894033984471e-05,1.9544110177185e-07,2.14985211949034e-06,3.32249873012144e-06,6.05867415492733e-06,0.000278894452228429,3.31742383600002e-05,1.9544110177185e-07,5.16428508475509e-05,1.79256176495631e-05,7.04220693375695e-06,6.40200630341541e-07,2.34740231125232e-06,1.91532279736413e-05,6.44955635847103e-06,2.93161652657774e-06,5.86323305315548e-07,0.000304497236560541,0.000148730678448377,4.72772267507764e-05,6.18860609330156e-06,8.74940861466772e-06,2.32606229024093e-05,4.69058644252439e-06,5.47235084961179e-06,3.51793983189329e-06,1.95441101771849e-06,1.36808771240295e-06,0.000126059510642843,7.81764407087398e-06,3.94791025579136e-05,6.32966309576965e-06,1.75896991594665e-06,0.000505760615896373,2.13400210113847e-07,9.81640966523696e-06,1.92060189102462e-06,1.92060189102462e-06,1.9544110177185e-07,2.77420273148001e-05,2.13400210113847e-05,4.97222489565263e-05,8.3652882364628e-05,5.33500525284617e-06,1.49380147079693e-06,0,0,2.28338224821816e-05,1.49380147079693e-06,6.8288067236431e-06,6.40200630341541e-07,0.00016378003260304,1.89926187001324e-05,8.53600840455388e-07,4.05460399216309e-06,7.81764407087398e-07,0.000118632748775513,0,2.93161652657774e-05,2.34740231125232e-06,8.74940861466772e-06,7.91207886971206e-07,1.74988172293354e-05,7.81764407087398e-07,1.16043823422444e-05,9.44174745118973e-05,9.86779877586311e-06,1.02432100854646e-05,1.06700105056923e-06,4.69480462250463e-06,0.000134463478019032,2.34529322126219e-06,7.81764407087398e-07,2.45410241630924e-05,0,4.10426313720884e-06
"PCSI_0209",2.36101665818613e-05,0,1.54459033713111e-05,7.371174394615e-06,1.20058324333961e-05,3.49588643956235e-05,3.2015553155723e-06,2.52122481101319e-05,6.00291621669807e-07,0.000360975361830777,7.40359666726096e-06,6.00291621669807e-07,4.12626275776455e-05,1.98590186202572e-05,7.94360744810287e-06,8.16426321055017e-06,1.98590186202572e-06,9.00437432504711e-06,6.00291621669807e-07,3.2015553155723e-06,1.60077765778615e-06,0.00016528029316642,5.58271208152921e-05,3.08149699123834e-05,5.07508253628794e-06,7.72295168565557e-06,1.65491821835476e-05,1.40068045056288e-06,4.40213855891192e-06,6.20301342392134e-06,8.80427711782384e-06,7.60369387448422e-06,8.80427711782384e-06,3.78183721651979e-05,3.88188582013142e-05,1.55613681664095e-05,8.00388828893076e-07,2.22107900017829e-05,0,2.20655762447302e-06,4.41311524894604e-07,3.08918067426223e-06,1.40068045056288e-06,1.69904937084422e-05,2.44927896316505e-05,0.000117388865621965,0.000110989848510993,6.39901711097175e-06,2.20655762447302e-07,9.82372037689975e-06,2.20655762447302e-07,1.85350840455734e-05,2.86852491181492e-06,2.64786914936762e-06,6.61967287341906e-07,0.000322693634608701,1.96383628578099e-05,4.41311524894604e-07,5.95770558607715e-06,7.60369387448422e-06,0.000198696526772706,2.20655762447302e-07,2.04099151367734e-05,1.54459033713111e-06,2.31688550569667e-05,5.56829298593496e-05,4.21452506274347e-05,6.20301342392134e-06,1.36503229529907e-05,4.66841044992283e-05,1.80087486500942e-06,4.41311524894604e-06,2.86852491181492e-06,5.95770558607715e-06,2.44118592812388e-05,2.20106927945596e-06,8.00388828893076e-07,7.50229592320826e-06,2.00097207223269e-07,1.40068045056288e-06
"PCSI_0211",3.00885807818217e-06,5.01476346363695e-07,0.000115841036010013,3.11260405435354e-07,4.43437601052607e-05,1.13701948987848e-06,1.13701948987848e-06,1.47812533684202e-05,1.02331754089063e-05,0.000748841036033967,4.32067406153822e-06,4.54807795951392e-06,5.96756852172797e-05,3.2846700686822e-05,5.76697798318249e-06,5.01476346363695e-07,3.76107259772771e-06,2.38774092874481e-05,6.82211693927088e-07,1.77375040421043e-05,2.04663508178126e-06,0.000327461613085002,0.000257193808610512,2.27403897975696e-07,4.01181077090956e-06,1.83038866422749e-05,3.81122023236408e-05,4.09327016356253e-06,1.70552923481772e-05,1.36442338785418e-06,1.29620221846147e-05,1.54634650623473e-05,2.8425487246962e-05,1.09153871028334e-05,7.32240551481741e-05,0.000199206659478626,4.54807795951392e-07,3.34283730024273e-05,1.50442903909108e-06,7.02066884909173e-06,2.00590538545478e-06,7.77288336863727e-06,4.54807795951392e-07,2.93363662622761e-05,5.66668271390975e-05,0.000139911900635471,0.000291608495410488,1.10324796200013e-05,2.53245554913666e-05,9.82372037689975e-06,0,3.25959625136402e-06,0,2.50738173181847e-07,1.75516721227293e-06,0.00027266411516137,1.90561011618204e-05,3.51033442454586e-06,1.57965049104564e-05,4.77548185748962e-06,3.38831807983787e-05,0,8.41394422510075e-06,1.50442903909108e-06,1.57965049104564e-05,2.14769679750394e-05,2.28171737595481e-05,4.32067406153822e-06,2.20994887859101e-05,9.6801986090395e-05,4.54807795951392e-06,1.60472430836382e-05,1.8053148469093e-05,1.32891231786379e-05,0.000157696230929161,9.09615591902784e-06,2.95625067368405e-06,1.8053148469093e-05,1.11175534466566e-06,1.13701948987848e-05
"PCSI_0214",4.0454948521078e-05,0,3.03412113908085e-05,9.12115816817956e-07,9.65708010336697e-06,3.49588643956235e-05,9.35529635013675e-06,4.194060024578e-05,2.11248627261153e-06,4.82854005168349e-06,6.03567506460436e-07,6.03567506460436e-07,1.59862296575228e-05,5.21999335755845e-06,9.7874875454221e-07,2.93624626362663e-06,3.26249584847403e-06,2.41427002584174e-06,6.93606187862043e-06,0,0,2.02195114664246e-05,2.71605377907196e-06,1.08642151162878e-05,4.24124460301624e-06,5.54624294240586e-06,7.82999003633768e-06,0,6.03567506460436e-07,1.81070251938131e-06,3.01783753230218e-07,0,4.7078265503914e-05,0.000298911127284721,6.3676371931576e-05,1.55059688859053e-05,7.24281007752523e-06,0.000482552221415118,3.26249584847403e-07,2.60999667877923e-06,3.26249584847403e-07,1.63124792423702e-06,2.41427002584174e-06,4.56749418786365e-06,7.30799070058183e-05,4.01286989362306e-05,6.85124128179547e-05,9.7874875454221e-07,2.28374709393182e-06,4.56057908408978e-07,5.87249252725326e-06,6.91649119876495e-05,5.87249252725326e-06,1.8596226336302e-05,2.60999667877923e-06,0.000475712961666303,1.95749750908442e-06,6.52499169694807e-07,2.60999667877923e-06,0,6.03567506460436e-06,0,4.52675629845327e-06,0,1.95749750908442e-06,1.82423163363591e-06,3.94761997665358e-05,5.89987213390597e-05,1.82423163363591e-06,2.78195324129477e-05,1.20713501292087e-06,1.37024825635909e-05,6.19874211210066e-06,8.80873879087989e-06,0.000157696230929161,0,3.01783753230218e-07,3.75187022574514e-05,3.01783753230218e-07,2.11248627261153e-06
"PCSI_0216",1.10291575956329e-05,0,4.33096188511438e-05,2.71528400784608e-07,0.000106864665971726,0,4.38633909778707e-07,2.19316954889354e-05,8.55336124068479e-06,0.000833570456105414,6.36019169179125e-06,5.83162916482937e-06,0.000139343991086289,5.6490807197144e-05,2.04442921284902e-05,0,9.68413837665326e-06,9.54028753768688e-05,6.5795086466806e-07,6.93041577450357e-05,0,9.67187771062049e-05,0.000164268399212126,0,8.60812300146957e-06,2.4748353629225e-05,6.39255016192998e-05,1.31590172933612e-05,6.36019169179125e-06,0,5.76803591359e-05,1.1185164699357e-05,6.07507965043509e-05,6.5795086466806e-07,9.34290227828646e-05,0.000147711450026827,1.09658477444677e-06,3.94770518800836e-06,7.4209473785573e-06,1.26431806584084e-05,3.22804612555109e-06,8.60812300146957e-06,4.38633909778707e-07,0.000115261427499124,6.7250960948981e-05,9.68413837665326e-05,0.000242910470947719,1.47952114087758e-05,1.02221460642451e-05,1.08611360313843e-06,0,9.41445086939676e-05,0,1.0760153751837e-06,3.22804612555109e-06,1.98215732572764e-05,3.01284305051435e-05,1.18361691270207e-05,1.45262075649799e-05,1.75453563911483e-06,4.25474892485346e-05,4.33899288124141e-06,8.77267819557414e-06,7.26310378248995e-06,2.93214189737557e-05,4.34445441255374e-06,6.70537993159876e-05,1.16237986091357e-05,0.000179762293383797,0.000113770399928751,9.86779877586311e-06,1.47952114087758e-05,1.31811883460003e-05,1.93200969415321e-05,7.14973272939292e-05,1.97385259400418e-06,7.01814255645931e-06,3.84675496628171e-05,0,8.77267819557414e-06
"PCSI_0218",0.000485616643025549,2.06101893890913e-07,2.01979856013095e-05,3.04305157211652e-06,2.3233161620908e-05,1.89737486570749e-05,4.84024200435583e-06,2.24587229002111e-05,2.9041452026135e-06,0.000438525925594638,1.93609680174233e-06,1.1616580810454e-06,3.29763030225461e-05,3.40068124920007e-05,4.94644545338192e-06,3.11213859775279e-05,1.03050946945457e-05,4.84024200435583e-06,6.93606187862043e-06,5.03385168453006e-06,3.87219360348466e-07,0.000224974448362459,5.4791539489308e-05,4.72772267507764e-05,3.0915284083637e-06,1.85491704501822e-06,6.59526060450922e-06,4.25941296383313e-06,1.23910195311509e-05,1.54887744139387e-06,5.61468072505276e-06,2.3233161620908e-06,0.000219746986997755,0.000122167708189941,8.86732335197988e-05,1.62296083846214e-05,8.99469730480647e-06,0.00044820640960335,1.23661136334548e-06,7.00746439229105e-06,2.06101893890913e-07,9.06848333120018e-06,1.12384116399009e-05,1.79308647685094e-05,2.78237556752733e-05,5.79146321833466e-05,6.30671795306194e-05,8.03797386174561e-06,8.24407575563653e-07,5.0717526201942e-07,1.51001089840171e-05,9.41445086939676e-05,3.48312200675643e-05,5.61920958176839e-05,9.480687118982e-06,0.000475712961666303,2.53505329485823e-05,2.39078196913459e-05,2.12284950707641e-05,3.29136456296196e-06,7.08611429437694e-05,3.0915284083637e-06,4.97576878047779e-05,1.23661136334548e-06,1.1747807951782e-05,1.77511341706797e-06,6.70537993159876e-05,3.4849742431362e-06,1.52152578605826e-06,1.14114433954369e-05,9.68048400871166e-07,1.69003552990549e-05,1.99918837074186e-05,1.52515401479276e-05,8.53818689568369e-05,1.54887744139387e-06,9.68048400871166e-07,6.10714347266942e-05,7.74438720696933e-07,3.93027650753693e-05
"PCSI_0224",0.000485616643025549,1.94762922398174e-06,2.38584579937764e-05,2.11587092895489e-05,7.05652137922424e-05,1.80936445621134e-06,6.33277559673971e-06,1.85459856761663e-05,3.16638779836985e-06,0.000116251666311579,2.03553501323776e-05,4.52341114052836e-07,0.000118805382662886,2.62929945237535e-05,1.41203118738676e-05,6.52455790033884e-05,4.86907305995436e-06,8.59448116700389e-06,1.35702334215851e-06,4.9757522545812e-06,0,5.5185615914446e-05,7.82550127311407e-05,4.9757522545812e-06,1.94762922398174e-05,4.1387121009612e-05,3.26227895016942e-05,8.14214005295105e-06,6.78511671079254e-06,3.16638779836985e-06,3.61872891242269e-06,5.42809336863403e-06,0.000380418876918435,3.43779246680155e-05,6.061370928308e-05,0.000159055125004195,8.99469730480647e-06,0.00017867474005087,5.35598036594979e-06,2.14239214637992e-05,2.43453652997718e-06,1.8989384933822e-05,3.16638779836985e-06,3.0188252971717e-05,0.000106575854621547,0.000111501773072955,0.000220082102309937,8.76433150791784e-06,1.46072191798631e-06,1.45922133031372e-06,1.51001089840171e-05,9.41445086939676e-05,1.07119607318996e-05,5.61920958176839e-05,2.68674896069946e-05,0.000183132276954372,3.70049552556531e-05,2.60436879369994e-05,1.46072191798631e-05,1.12872631938267e-05,0.000163295142173074,2.43453652997718e-06,8.09503348180828e-05,1.94762922398174e-06,2.53191799117627e-05,2.11587092895489e-05,6.70537993159876e-05,1.80936445621134e-06,1.45922133031372e-06,7.29610665156859e-06,9.04682228105672e-07,2.92144383597261e-05,1.60679410978494e-05,8.76433150791784e-06,2.44264201588532e-05,2.26170557026418e-06,8.14214005295105e-06,1.41203118738676e-05,0,4.65911347474421e-05
"PCSI_0225",0.000315168202220788,1.97969976269339e-07,0.00010175656780244,0.000182017072636621,5.44003553162934e-05,9.31512933498174e-07,1.86302586699635e-06,8.75622157488283e-06,2.98084138719416e-06,0.000730306139862568,3.53974914729306e-06,1.86302586699635e-07,9.42337087042053e-05,2.4548277057398e-05,6.13706926434951e-06,3.46447458471343e-05,6.92894916942686e-06,1.11781552019781e-05,6.93606187862043e-06,1.00603396817803e-05,5.21647242758977e-06,0.000235859074761738,5.16058165157988e-05,4.72772267507764e-05,1.0492408742275e-05,1.40558683151231e-05,1.1680228599891e-05,1.19233655487766e-05,7.26580088128576e-06,1.15886799333202e-05,1.97480741901613e-05,3.16714397389379e-06,0.000162828460775481,2.51508492044507e-05,4.97427906488025e-05,6.11002303067925e-05,2.79453880049452e-06,0.000358259874223398,1.58375981015471e-06,1.12842886473523e-05,9.89849881346695e-07,1.92030876981259e-05,3.16714397389379e-06,5.8401142999455e-05,2.63300068438221e-05,7.30509212433861e-05,8.4137239914469e-05,8.90864893212025e-06,3.40508359183263e-05,3.5941311945172e-06,6.33503924061885e-06,2.89036165353235e-05,3.16751962030942e-05,3.6228505657289e-05,1.32639884100457e-05,6.44376378445584e-05,2.89036165353235e-05,2.60436879369994e-05,4.90965541147961e-05,6.52059053448722e-06,0.00021667096783772,3.95939952538678e-07,5.98031303305828e-05,4.35533947792546e-06,1.12842886473523e-05,3.33740753776598e-06,1.76193278879712e-05,7.07949829458612e-06,8.83129379224227e-05,0.000168667442485557,4.47126208079123e-06,3.3852865942057e-05,2.67259467963608e-05,7.91879905077356e-06,0.000118488445140968,2.60823621379489e-06,6.89319570788649e-06,2.79137666539768e-05,1.86302586699635e-07,4.00550561404215e-05
"PCSI_0228",1.83213603243614e-06,0,1.11963868648875e-05,0.000185955455920163,5.06998182941214e-05,0,9.64809975000071e-06,2.30797680294135e-05,3.78356852941204e-06,0.000319144005455906,5.29699594117686e-06,5.83162916482937e-06,3.46070139460159e-05,2.687132847573e-05,8.14282681082727e-06,4.07141340541364e-07,3.66427206487227e-06,3.17819756470612e-05,1.32424898529422e-06,1.11615271617655e-05,0,0.000189556783323543,0.000203366808455897,6.05370964705927e-06,6.31069077839114e-06,1.7303506973008e-05,2.32070564108577e-05,4.72946066176505e-06,5.67535279411806e-06,0,2.83767639705903e-06,1.51342741176482e-06,3.85923990000028e-05,3.95382911323558e-05,6.12938101764751e-05,7.02498389031727e-05,2.83767639705903e-06,8.81571467353006e-05,6.10712010812045e-07,3.05356005406023e-06,4.07141340541364e-07,7.93925614055659e-06,9.45892132353011e-07,3.82712860108882e-05,2.78891818270834e-05,9.83246337407393e-05,0.000132320935675943,5.29283742703773e-06,4.07141340541364e-06,7.74814399667346e-07,0,5.49640809730841e-06,2.03570670270682e-07,6.10712010812045e-07,6.10712010812045e-07,7.51569967677326e-05,2.05606376973389e-05,2.2392773729775e-06,2.50391924432939e-05,0,5.10781751470626e-06,2.03570670270682e-07,3.97274695588265e-06,2.03570670270682e-06,1.62856536216545e-05,1.54962879933469e-06,1.95427843459855e-05,5.89987213390597e-05,2.58271466555782e-07,0.000116222159950102,6.05370964705927e-06,6.31069077839114e-06,2.80927524973541e-05,1.09928161946168e-05,0.000157696230929161,3.59439010294144e-06,5.48617436764746e-06,2.19856323892336e-05,5.67535279411806e-07,5.29699594117686e-06
"PCSI_0292",0.000158748657173123,1.12057875651617e-06,0.00019983654491205,1.1505977355236e-05,6.35460677948894e-05,8.39976758208308e-06,0,1.09562185853258e-05,5.11290200648535e-06,0.000210724604124432,1.02258040129707e-05,7.3041457235505e-07,6.05112528518729e-05,6.34994628692494e-05,1.3446945078194e-05,6.93890261408957e-05,2.72147684304436e-05,2.37384736015391e-05,0,3.90771796209952e-05,0,4.89377763477884e-05,4.60161180583682e-05,1.60691205918111e-05,1.3446945078194e-05,4.93054652867113e-05,2.24115751303233e-05,1.67995351641662e-05,2.65063649003463e-05,3.28686557559773e-06,7.3041457235505e-06,2.55645100324268e-06,2.2277644456829e-05,7.3041457235505e-07,0.000112303164058098,0.000269363225884702,0,4.74769472030783e-05,4.48231502606466e-06,4.4156097141668e-05,1.12057875651617e-06,5.55986673389457e-05,1.05910112991482e-05,4.22084664954422e-05,4.48231502606466e-05,0.000156133973407919,0.000292833975375892,3.14579212681185e-05,2.12909963738071e-05,0,1.12057875651617e-06,1.12057875651617e-06,1.86763126086028e-06,1.53145763390543e-05,2.68674896069946e-05,8.0041581601642e-06,6.34994628692494e-05,1.75557338520866e-05,7.19310526038358e-05,8.03456029590555e-06,2.19124371706515e-05,3.73526252172055e-07,2.95817901803795e-05,1.12057875651617e-06,3.70758065347305e-05,1.50077965503079e-06,6.70537993159876e-05,2.9216582894202e-06,7.55392426365497e-05,9.00467793018473e-06,4.74769472030783e-06,2.80144689129041e-05,3.95689321217176e-05,1.93200969415321e-05,0.000123440062728003,4.01728014795278e-06,6.57373115119545e-06,5.86436215910127e-05,0,9.49538944061565e-06
"PCSI_0294",8.76987418824751e-05,3.59421073288832e-07,2.51594751302183e-06,1.12599374578034e-05,4.73804802877596e-05,3.26761933019032e-07,3.26761933019032e-07,1.012961992359e-05,1.36525259974829e-05,0.000519551473500261,5.55495286132354e-06,2.94085739717129e-06,0.000109623427353094,5.46320031399025e-05,9.34494790550964e-06,1.43768429315533e-06,5.75073717262132e-06,0.000107931543454963,1.96057159811419e-06,0,0,0.00028003497659731,0.000287761160684722,0,9.70436897879847e-06,7.90726361235431e-06,1.90493168843081e-05,0,3.26761933019032e-07,1.96057159811419e-06,1.53578108518945e-05,2.83822063489015e-05,3.65973364981316e-05,6.20847672736161e-06,0.000112303164058098,0.000254024189048044,3.26761933019032e-07,4.90142899528548e-06,1.0782632198665e-06,1.43768429315533e-06,0,3.59421073288832e-07,1.96057159811419e-06,0.000115261427499124,8.30262679297202e-05,9.27306369085187e-05,0.000166411956932729,1.43768429315533e-06,0,1.80158999324854e-06,7.18842146577664e-07,7.54784253906548e-06,0,5.03189502604365e-06,1.43768429315533e-06,0.000291857578906264,5.03189502604365e-06,1.79710536644416e-06,1.43768429315533e-06,0,5.22819092830451e-05,2.15652643973299e-06,0,3.95363180617715e-06,1.2939158638398e-05,0,1.54551061514198e-05,1.30704773207613e-06,4.95437248143349e-06,1.21607324544277e-05,5.55495286132354e-06,1.22203164918203e-05,1.54551061514198e-05,7.18842146577664e-06,2.77747643066177e-05,6.53523866038064e-07,0,2.15652643973299e-06,0,3.26761933019032e-07
"PCSI_0296",1.07954302713971e-05,1.14845002887203e-06,7.80946019632983e-06,2.99649466133869e-05,3.98776570632978e-05,4.2879201143331e-07,2.14396005716655e-07,4.2879201143331e-06,5.35990014291638e-06,0.000607598280201,4.07352410861645e-06,8.5758402286662e-07,7.69461519344263e-05,5.60443614089552e-05,6.43132016168339e-06,6.8907001732322e-07,5.28287013281136e-06,5.23126253948638e-05,0,1.56509084173158e-05,0,0.000188882881036373,0.000112557903001244,6.43188017149965e-07,5.28287013281136e-06,5.74225014436017e-06,3.00893907564473e-05,9.86221626296613e-06,1.71516804573324e-05,2.14396005716655e-07,3.32313808860815e-05,2.78714807431652e-06,2.37979566345487e-05,1.71516804573324e-06,0.000112303164058098,0.000175588986229847,2.14396005716655e-06,2.33691646231154e-05,1.14845002887203e-06,1.12548102829459e-05,3.21566008084169e-06,4.82349012126254e-06,2.78714807431652e-06,5.60443614089552e-05,8.9808792257793e-05,5.97194015013458e-05,9.92260824945437e-05,7.57977019055542e-06,6.8907001732322e-07,9.82372037689975e-06,0,2.0901790525471e-05,4.36411010971373e-06,3.67504009239051e-06,1.37814003464644e-06,9.57758106708255e-05,1.63079904099829e-05,6.8907001732322e-07,9.18760023097627e-06,1.12872631938267e-05,0.00012949518745286,4.33899288124141e-06,1.60797004287491e-05,3.67504009239051e-06,1.21735703060436e-05,1.96032361022158e-06,1.99830305023734e-05,1.28637603429993e-06,2.94048541533236e-05,6.02099394568055e-05,6.43188017149965e-07,9.41729023675068e-06,6.8907001732322e-06,1.65376804157573e-05,9.56206185496282e-05,5.14550413719972e-06,9.86221626296613e-06,5.74225014436017e-06,1.07198002858328e-06,5.57429614863303e-06
"PCSI_0297",3.30216468923131e-05,0,1.13716929695383e-05,4.36064048445378e-05,3.6883946890359e-05,4.05318097696253e-07,0,1.94552686894201e-05,9.9302933935582e-06,0.000347357609725689,5.67445336774754e-06,2.22924953732939e-06,5.29221095890051e-05,1.94630898901713e-05,5.02978727498809e-06,1.09343201630176e-06,1.50893618249643e-05,0.000107931543454963,1.82393143963314e-06,7.70104385622881e-06,0,0.000291221053194758,0.000287761160684722,6.28243051429192e-06,1.07156337597572e-05,2.60236819879819e-05,4.15504166194669e-05,4.25584002581066e-06,1.82393143963314e-05,1.15886799333202e-05,9.68131013737941e-05,2.83822063489015e-05,8.36981871742762e-05,2.22924953732939e-06,8.41035052719725e-05,1.55163894538846e-05,1.41861334193689e-06,0.000505760615896373,8.74745613041407e-07,3.06160964564493e-06,6.56059209781056e-07,1.96817762934317e-06,1.21595429308876e-06,1.96817762934317e-05,4.65802038944549e-05,0.000185008697158258,0.00019244403486911,4.59241446846739e-06,0,2.40771560491313e-06,4.37372806520704e-07,7.85084187704663e-05,8.74745613041407e-07,3.49898245216563e-06,1.96817762934317e-06,3.23703986882765e-05,1.39959298086625e-05,2.84292324238457e-06,7.65402411411231e-06,0,3.48573564018778e-05,4.37372806520704e-07,6.50535546802486e-05,2.40555043586387e-06,8.31008332389337e-06,1.07009582440584e-06,6.70537993159876e-05,2.43190858617752e-06,5.8855270342321e-05,9.55060523282209e-05,5.87711241659567e-06,1.31211841956211e-05,1.11530065662779e-05,4.37372806520704e-06,5.2894011749361e-05,1.82393143963314e-06,1.01329524424063e-06,3.73953749575202e-05,0,5.47179431889942e-06
"PCSI_0298",2.50540214396165e-05,0,0.000128168919596055,0.000273761857089661,1.07534103403285e-05,2.07521953936163e-06,0,6.41431493984505e-06,1.20740045926495e-05,0.000586721160674062,4.52775172224356e-06,1.69790689584134e-06,0.000175585208105742,9.77343132170727e-05,2.42257893259102e-05,3.10587042639874e-06,8.07526310863672e-06,4.3202297683074e-05,9.43281608800742e-07,4.24476723960334e-05,7.1279485221946e-06,0.000438165684580115,0.000109797979264406,2.82984482640223e-06,1.26305397340215e-05,2.71246017238823e-05,2.27763831269241e-05,1.69790689584134e-06,9.81012873152772e-06,1.15886799333202e-05,3.07509804469042e-05,4.71640804400371e-06,2.39593528635388e-05,8.67819080096683e-06,6.47091183637309e-05,0,9.43281608800742e-07,0.000334487658480743,1.2423481705595e-06,1.94634546720988e-05,2.07058028426583e-06,3.5199864832519e-05,2.45253218288193e-06,0.000115261427499124,2.58822535533228e-05,8.1373805171647e-05,0.000163161726400147,2.96092980650013e-05,4.14116056853165e-05,1.53106726871634e-06,1.03529014213291e-06,9.5246693076228e-06,2.07058028426583e-06,3.10587042639874e-06,6.21174085279748e-07,0.000187045384661513,7.76467606599685e-05,4.96939268223798e-06,7.19310526038358e-05,7.16894022688564e-06,0.000100553819498159,4.33899288124141e-06,3.3014856308026e-05,1.07825398612992e-05,1.44940619898608e-05,1.02071151247756e-06,1.96705127005253e-05,3.01850114816237e-06,3.82766817179085e-06,5.18011092582362e-05,3.20715746992252e-06,5.57037267728113e-05,3.95689321217176e-05,1.36658298761545e-05,8.69705643314284e-05,3.58447011344282e-06,1.69790689584134e-06,1.20093656487418e-05,1.88656321760148e-07,1.99975701065757e-05
"PCSI_0301",0.000485616643025549,0,3.69019133642079e-05,2.0551555712732e-05,2.70705932353919e-05,3.49588643956235e-05,1.45764732805957e-06,6.24705997739814e-06,3.54000065385894e-06,2.31141219163731e-05,1.29105906199561e-05,6.24705997739814e-07,1.91259916826687e-05,4.95025667080838e-06,1.57508166798449e-06,6.93890261408957e-05,1.41757350118604e-05,1.3327061285116e-05,6.93606187862043e-06,1.24941199547963e-06,1.45764732805957e-06,0.000142849438149837,0.000175125914699728,4.72772267507764e-05,6.97536167250272e-06,2.29511900192025e-05,1.44007466787153e-05,7.28823664029783e-06,8.32941330319752e-06,4.3729419841787e-06,6.66353064255801e-06,4.16470665159876e-07,0.000287156523627734,0.000224685923853753,4.81023618259657e-05,1.60141992566743e-06,8.99469730480647e-06,0.000505760615896373,2.25011666854926e-07,1.57508166798449e-06,6.75035000564779e-07,6.07531500508301e-06,3.95647131901882e-06,2.04760616837983e-05,3.3526738361384e-05,5.53528700463119e-05,4.29772283692909e-05,9.00046667419706e-07,2.25011666854926e-06,9.82372037689975e-06,1.51001089840171e-05,2.54263183546067e-05,5.28898296872538e-05,5.31027533777626e-05,1.66508633472646e-05,7.04624767293667e-05,5.17526833766331e-06,5.17526833766331e-06,7.42538500621257e-06,0,1.18694139570565e-05,0,3.39423592105299e-05,0,1.2375641677021e-05,1.60141992566743e-06,1.93510033495237e-05,8.12117797061758e-06,8.00709962833713e-07,0.00016814909219508,9.86779877586311e-06,6.30032667193794e-06,5.62529167137316e-06,2.25011666854926e-06,2.47800045770126e-05,2.08235332579938e-06,5.20588331449845e-06,6.10714347266942e-05,0,4.95600091540252e-05
"PCSI_0347",2.96245212036843e-05,0,3.57629355071505e-05,3.0608952873844e-07,1.87776268697765e-05,6.86986348894261e-07,0,1.60296814741994e-06,1.60296814741994e-06,0.000377155505542949,3.31742383600002e-05,1.37397269778852e-06,0.000119832522706795,3.38947224582695e-05,8.27351493075869e-06,0,2.93576336252728e-06,6.77826530909004e-05,2.2899544963142e-07,6.18287714004835e-06,0,0.000188234259597028,0.000143809142368532,4.57990899262841e-07,2.93576336252728e-06,8.00662735234712e-07,2.10841186945141e-05,7.32785438820545e-06,1.16787679312024e-05,3.43493174447131e-06,7.16755757346346e-05,2.0151599567565e-05,2.06095904668278e-05,2.97694084520847e-06,6.13707805012207e-05,0.000269363225884702,0,6.45767167960605e-05,8.00662735234712e-07,3.46953851935042e-06,2.66887578411571e-07,0,6.86986348894261e-07,5.87152672505455e-05,1.54794795478711e-05,6.24516933483075e-05,6.99245455438315e-05,8.00662735234712e-07,3.73642609776199e-06,0,0,1.06755031364628e-06,2.66887578411571e-07,2.13510062729256e-06,2.66887578411571e-07,3.97916387359972e-06,1.46788168126364e-05,2.66887578411571e-07,1.06755031364628e-06,1.1449772481571e-06,0.00021667096783772,2.66887578411571e-07,1.05337906830453e-05,2.66887578411571e-07,4.00331367617356e-06,0,7.2059646171124e-06,1.1449772481571e-06,0,1.22435811495376e-06,2.97694084520847e-06,6.67218946028926e-06,8.00662735234712e-06,2.66887578411571e-06,4.96920125700182e-05,2.06095904668278e-06,2.2899544963142e-06,8.00662735234712e-06,0,9.15981798525681e-07
"PCSI_0349",0.000226471164425012,2.50997340574166e-06,1.74666629880816e-05,2.55084080814718e-07,0.000106864665971726,0,0,1.85568728254824e-06,2.96909965207719e-06,0.000345528972010483,3.52580583684166e-06,4.82478693462544e-06,0.00010341058428171,5.20030193508793e-05,1.34969668544267e-05,4.96212016706863e-05,2.77878729355843e-06,0.000107931543454963,3.71137456509649e-07,8.24774681057557e-05,0,0.00014233121457145,0.000161444793581697,3.71137456509649e-07,6.94696823389608e-06,3.47348411694804e-05,2.63984792888051e-05,1.92991477385017e-05,7.05161167368333e-06,1.85568728254824e-07,1.92991477385017e-05,1.15052611517991e-05,3.8041589292239e-05,1.85568728254824e-07,4.52787696941772e-05,0.000269363225884702,3.71137456509649e-07,3.84127267487487e-05,2.1833328735102e-06,1.74666629880816e-05,3.57272652028941e-06,1.84590870214953e-05,3.71137456509649e-06,4.78348384105416e-05,3.53302955895287e-05,0.000125640882630178,0.00019014844480207,2.04439350883228e-05,1.15121187875992e-05,7.65252242444154e-07,1.51001089840171e-05,5.67666547112651e-05,5.95454420048236e-07,1.36954516611094e-05,1.1710603594282e-05,5.86693385873852e-06,4.34681726635212e-05,1.13136339809165e-05,2.93757513890463e-05,1.85568728254824e-07,5.01035566288026e-06,3.9696961336549e-07,7.42274913019298e-06,4.56515055370314e-06,2.65969640954879e-05,7.65252242444154e-07,1.38939364677922e-05,5.56706184764473e-07,2.29575672733246e-06,3.67321076373194e-05,2.59796219556754e-06,2.69939337088534e-05,2.56045400620741e-05,9.72575552745452e-06,2.39383659448724e-05,2.59796219556754e-06,1.13196924235443e-05,1.84590870214953e-05,0,3.11755463468105e-05
"PCSI_0351",8.02516014418256e-06,0,4.64614534663201e-06,2.73582627034185e-05,5.17794373498396e-06,1.4794124957097e-06,3.69853123927426e-07,3.88345780123797e-06,0,7.08268732321021e-05,1.53489046429882e-05,7.39706247854852e-07,9.71466754295784e-06,5.70208747086656e-06,1.26713054908146e-06,4.22376849693819e-07,4.22376849693819e-06,1.62735374528067e-05,1.84926561963713e-07,6.65735623069367e-06,3.69853123927426e-07,0.000438165684580115,0.000106147846567171,2.84786905424118e-05,1.68950739877528e-06,6.7580295951011e-06,1.07706096671924e-05,3.32867811534683e-06,1.10955937178228e-06,2.58897186749198e-06,5.15945107878759e-05,1.05408140319316e-05,7.21213591658481e-06,1.16503734037139e-05,7.21213591658481e-06,5.73220742357339e-06,7.39706247854852e-07,7.97033482063603e-05,2.1118842484691e-07,1.68950739877528e-06,0,2.1118842484691e-07,0,1.11929865168862e-05,2.95663794785673e-06,2.74544952300982e-05,3.40013364003524e-05,4.22376849693819e-07,6.33565274540729e-07,1.0422195315588e-06,0,6.5468411702542e-06,1.90069582362219e-06,1.68950739877528e-06,2.1118842484691e-07,0.0001821278631399,1.68950739877528e-06,0,4.22376849693819e-07,9.24632809818565e-07,6.43544435633721e-05,0,2.03419218160084e-06,8.44753699387638e-07,3.37901479755055e-06,2.3449939460073e-06,1.47831897392837e-06,1.84926561963713e-07,3.1266585946764e-06,8.07720136958069e-06,7.39706247854852e-07,1.68950739877528e-06,0,8.44753699387638e-07,1.16503734037139e-05,1.10955937178228e-06,1.84926561963713e-07,1.14041749417331e-05,1.84926561963713e-07,3.69853123927426e-07
"PCSI_0352",0.000101307974471964,0,2.7736746408829e-05,5.89661490720651e-06,2.13469026588795e-05,1.88910642998934e-07,2.26692771598721e-06,5.10058736097121e-06,9.44553214994669e-07,0.00019136648135792,1.73797791559019e-05,7.55642571995735e-07,2.32123125974597e-05,4.13100478429368e-06,5.50800637905825e-06,1.35733014341078e-05,7.2784370008984e-06,8.87880022094989e-06,1.32237450099254e-06,2.34249197318678e-05,7.55642571995735e-07,0.000232926822817685,0.000149806139898154,3.40039157398081e-06,6.29486443320942e-06,2.14418819756196e-05,1.47535885153346e-05,1.51128514399147e-05,2.45583835898614e-05,1.1334638579936e-06,4.34494478897548e-06,6.42296186196375e-06,0.000146027927038176,1.39793875819211e-05,3.66486647417932e-05,1.28187280591446e-06,3.77821285997868e-07,0.000504580327450152,7.86858054151178e-07,7.86858054151178e-07,3.93429027075589e-07,5.50800637905825e-06,3.58930221697974e-06,5.7440637953036e-05,4.70147687355329e-05,6.55059330080856e-05,0.000114487846878996,1.77043062184015e-06,7.47515151443619e-06,7.69123683548675e-07,5.50800637905825e-06,9.41445086939676e-05,1.96714513537794e-06,8.06529505504957e-06,1.35733014341078e-05,0.000220994871739653,4.13100478429368e-06,3.93429027075589e-06,1.337658692057e-05,5.66731928996801e-07,1.09568172939382e-05,5.90143540613383e-07,3.02257028798294e-06,6.49157894674722e-06,1.94747368402417e-05,5.56829298593496e-05,1.73108771913259e-05,5.10058736097121e-06,0,1.53824736709735e-06,7.55642571995735e-07,9.44229664981413e-06,4.52443381136927e-06,5.70472089259604e-06,7.89646487735543e-05,2.64474900198507e-06,4.72276607497334e-06,6.10714347266942e-05,1.88910642998934e-07,3.15480773808219e-05
"PCSI_0354",0.000485616643025549,0,6.21206580836624e-06,1.21170952018139e-05,2.91437226694046e-05,2.13898881977281e-06,8.28858167661965e-06,8.82332888156285e-06,3.74323043460242e-06,4.06407875756834e-05,1.25665593161653e-05,1.60424161482961e-06,2.5412996488771e-05,1.04475652231614e-05,6.49443243601925e-06,6.93890261408957e-05,1.72243642868337e-05,2.94110962718762e-06,6.93606187862043e-06,5.34747204943203e-07,7.1279485221946e-06,0.000104810452168868,4.38492708053427e-05,4.70577540350019e-05,1.83538307974457e-05,4.85670599563179e-05,1.15770317337734e-05,5.61484565190363e-06,1.17644385087505e-05,9.62544968897766e-06,3.20848322965922e-06,2.67373602471602e-07,0.000391283248974275,5.64158301215079e-05,6.7110774220372e-05,1.5054572826496e-05,8.02120807414805e-07,0.000198123839431457,2.82366627653011e-06,1.18593983614265e-05,1.97656639357108e-06,2.4848263233465e-05,1.12384116399009e-05,9.03573208489635e-06,6.97445570302937e-05,0.00014908957940079,0.000170831809730072,3.67076615948914e-06,1.41183313826505e-06,5.50777054627904e-06,1.51001089840171e-05,1.75067309144867e-05,2.20245969569349e-05,5.61920958176839e-05,2.68674896069946e-05,0.000475712961666303,1.24241316167325e-05,2.60436879369994e-05,1.01651985955084e-05,1.60424161482961e-06,5.26725996869055e-05,0,4.83946220473599e-05,1.69419976591807e-06,3.70758065347305e-05,1.46873881234108e-06,6.70537993159876e-05,2.43309978249157e-05,3.6718470308527e-07,1.43202034203255e-05,1.06949440988641e-06,1.27064982443855e-05,1.01651985955084e-05,1.93200969415321e-05,4.41166444078143e-05,4.27797763954563e-06,4.27797763954563e-06,6.10714347266942e-05,0,0.000105001508747529
"PCSI_0359",0.000107976657026897,0,4.8984532212202e-05,1.89666605472347e-05,1.96176094796365e-05,2.2929673417757e-06,2.54774149086189e-06,1.04457401125337e-05,2.2929673417757e-06,0.00038037780458568,3.31742383600002e-05,2.54774149086189e-07,0.000131942207732867,5.79386940144325e-06,3.22966614727481e-05,6.84730020170566e-06,2.63357700065602e-05,3.94899931083593e-05,2.54774149086189e-07,1.60507713924299e-05,7.1279485221946e-06,0.000264200792602378,0.000145221264979128,4.50950243882554e-05,2.21220468055106e-05,2.29121199057074e-05,2.84426316070851e-05,1.60507713924299e-05,1.63055455415161e-05,7.64322447258566e-07,9.68131013737941e-05,9.1718693671028e-06,6.77699236569262e-05,2.95538012939979e-05,5.8088505991651e-05,4.186979781182e-05,4.33116053446521e-06,0.000410695928326936,5.26715400131205e-07,4.74043860118084e-06,7.90073100196807e-07,1.31678850032801e-06,4.84070883263759e-06,3.87135819096436e-05,5.39883285134485e-05,0.00017065578964251,0.000211212875452613,4.21372320104964e-06,3.95036550098404e-06,1.07358455927743e-06,1.58014620039361e-06,3.44998587085939e-05,1.84350390045922e-05,1.55381043038705e-05,4.21372320104964e-06,0.000146007500061731,1.10610234027553e-05,5.79386940144325e-06,5.53051170137765e-06,6.62412787624091e-06,8.38206950493561e-05,7.90073100196807e-07,5.27382488608411e-05,4.74043860118084e-06,2.39655507059698e-05,1.21672916718109e-05,3.23929971080691e-05,4.5859346835514e-06,6.62043811554418e-05,0.000310404372082034,1.52864489451713e-06,3.29197125082003e-05,2.10686160052482e-06,9.74423490242729e-06,2.11462543741537e-05,7.38845032349948e-06,8.15277277075804e-06,6.10714347266942e-05,0,2.14010285232399e-05
"PCSI_0360",4.13196971411545e-05,4.15273338102055e-07,8.2639394282309e-05,4.26074706873917e-05,5.30900716975431e-05,0,1.19752041423029e-06,3.19338777128079e-06,1.15760306708929e-05,0.00040556024695266,9.97933678525246e-06,1.79628062134544e-06,6.31215473915124e-05,4.38113371697669e-05,1.37040201573678e-05,5.81382673342878e-06,6.64437340963289e-06,2.09566072490302e-05,3.99173471410098e-07,8.24774681057557e-05,1.99586735705049e-06,0.000253874327816822,0.00024309664408875,3.19338777128079e-06,7.68255675488803e-06,3.52982337386747e-05,3.40524137243686e-05,1.47694184421736e-05,4.98966839262623e-06,0,2.39504082846059e-06,7.98346942820196e-07,3.75223063125492e-05,1.79628062134544e-06,2.95388368843473e-05,2.66296691796198e-07,1.99586735705049e-07,1.87611531562746e-05,2.07636669051028e-06,4.4156097141668e-05,5.12752641451688e-06,5.39855339532672e-05,3.99173471410098e-07,0.000115261427499124,2.72004036456846e-05,0.000150536585061995,0.000177321715369578,1.93102102217456e-05,4.93072694729546e-05,2.13037353436958e-06,2.49164002861233e-06,1.61956601859802e-05,1.37040201573678e-05,7.68255675488803e-06,9.7589234453983e-06,0.000133148345898099,4.71335238745833e-05,5.60619006437775e-06,4.90022538960425e-05,0,2.79421429987069e-06,4.15273338102055e-07,4.39090818551108e-06,1.07825398612992e-05,3.70758065347305e-05,5.32593383592396e-07,1.24582001430617e-05,1.45698317064686e-05,9.32038421286692e-06,5.32593383592396e-05,1.39710714993534e-06,3.7374600429185e-05,2.2424760257511e-05,6.22910007153083e-06,2.35512348131958e-05,2.19545409275554e-06,5.78801533544643e-06,6.10714347266942e-05,0,5.00962706619673e-05
"PCSI_0383",0.000485616643025549,0,1.90792209000145e-05,9.35014137413758e-05,1.10811732071686e-05,2.40895069721056e-07,6.5041668824685e-06,2.43304020418266e-05,2.64984576693161e-06,8.43132744023694e-05,2.40895069721056e-06,2.40895069721056e-07,5.77676410583774e-05,1.27194806000097e-05,3.0208766425023e-05,2.27890694083507e-05,2.64989179166869e-06,2.04760809262897e-05,6.93606187862043e-06,6.74506195218956e-06,0,9.73216081673064e-05,4.14339519920216e-05,4.09521618525794e-06,1.72242966458465e-05,4.71680738917026e-05,2.80888529916881e-05,3.13163590637372e-06,1.42128091135423e-05,4.336111254979e-06,1.46945992529844e-05,3.37253097609478e-06,0.000391283248974275,2.48121921812687e-05,8.26270089143221e-05,3.74005654965503e-06,4.336111254979e-06,0.00019849753745015,7.4209473785573e-06,1.6164339929179e-05,1.32494589583434e-06,5.55986673389457e-05,7.46774716135272e-06,7.15470783750546e-06,6.94271649417196e-05,9.14212668125697e-05,0.000129579708612599,4.2398268666699e-06,2.38490261250182e-06,4.76007197228822e-06,1.51001089840171e-05,9.41445086939676e-05,5.28898296872538e-05,5.61920958176839e-05,2.30540585875176e-05,0.000372645634401992,9.2746212708404e-06,2.60436879369994e-05,3.41836041125261e-05,4.81790139442111e-07,2.77029330179214e-05,5.29978358333737e-07,2.1680556274895e-05,2.64989179166869e-07,7.94967537500606e-06,5.10007711316595e-06,6.70537993159876e-05,1.80671302290792e-05,2.68604061293407e-05,0.000255343860799175,2.1680556274895e-06,5.57037267728113e-05,2.54389612000194e-05,1.93200969415321e-05,1.58990746015897e-05,5.05879646414217e-06,2.1680556274895e-06,4.6373106354202e-05,0,0.000105001508747529
"PCSI_0384",0.000207891323417172,4.12892400034105e-07,8.03075718066334e-05,7.15292232641646e-06,5.68728619358466e-06,4.87481673735828e-06,6.09352092169785e-07,1.6046271760471e-05,4.67169937330169e-06,0.000511652640058563,1.21870418433957e-06,1.82805627650935e-06,6.44112144053204e-05,3.03475914025067e-05,1.40383416011596e-05,6.93890261408957e-05,1.42447878011766e-05,4.77325805532998e-05,2.64052573273574e-06,2.03117364056595e-06,0,2.07179711337727e-05,4.32639985440547e-05,2.07179711337727e-05,9.08363280075031e-06,2.68380060022168e-05,3.38571768027966e-05,6.09352092169785e-07,2.01086190416029e-05,1.01558682028297e-06,6.49975564981104e-05,8.1246945622638e-07,4.34671159081113e-05,1.15776897512259e-05,9.28246353738639e-05,1.16566141615676e-05,8.99469730480647e-06,4.22484117237718e-05,1.44512340011937e-06,1.11480948009208e-05,6.19338600051157e-07,1.1767433400972e-05,1.12384116399009e-05,6.17274138050987e-05,7.26690624060025e-05,7.12239390058831e-05,0.000112306732809277,1.11480948009208e-05,2.62186674021657e-05,7.41784537554299e-06,9.08363280075031e-06,3.69538698030524e-05,4.68632874038709e-05,2.00252814016541e-05,3.50958540028989e-06,0.000102525220011969,3.22056072026602e-05,8.2578480006821e-06,1.50705726012448e-05,1.12872631938267e-05,0.00021667096783772,1.23867720010231e-06,8.09503348180828e-05,4.74826260039221e-06,1.36254492011255e-05,5.56829298593496e-05,3.07604838025408e-05,1.62493891245276e-06,0.000179762293383797,7.92119916888341e-05,2.23429100462254e-06,2.12639586017564e-05,7.84495560064799e-06,1.09416486009038e-05,9.16059311895243e-05,9.14028138254677e-06,1.01558682028297e-06,4.60375026038027e-05,1.11175534466566e-06,1.13745723871693e-05
"PCSI_0385",2.72159248182229e-05,1.89878545243416e-06,0.000119834459664734,1.12927156594291e-05,2.02214304408792e-05,1.38661237308886e-05,7.70340207271588e-07,4.62204124362953e-06,6.1627216581727e-06,0.000150601510521595,6.1627216581727e-06,1.54068041454318e-06,6.51916338669061e-05,6.64574908351955e-05,9.91587958493394e-06,1.26585696828944e-06,3.1646424207236e-06,1.61771443527033e-05,6.93606187862043e-06,9.05149743544116e-06,0,0.000390562485086695,5.58496650271901e-05,7.31823196908009e-06,2.0253711492631e-05,4.30391369218409e-05,3.43891143051964e-05,4.62204124362953e-06,5.77755155453691e-06,1.15886799333202e-05,1.38661237308886e-05,2.83822063489015e-05,0.000284640706586852,3.1776533549953e-05,7.45304150535261e-05,2.9001747034443e-05,5.97013660635481e-06,0.000129802324925263,1.26585696828944e-06,2.46842108816441e-05,8.43904645526293e-07,1.4346378973947e-05,1.15551031090738e-06,7.80611797111821e-05,0.000106575854621547,8.10148459705241e-05,0.000290725150383808,3.14579212681185e-05,6.11830868006562e-06,1.28326314311695e-06,1.47683312967101e-06,9.41445086939676e-05,6.3292848414472e-07,8.01709413249978e-06,2.10976161381573e-06,4.77373889239505e-05,3.05915434003281e-05,2.95366625934202e-06,1.7300045233289e-05,1.92585051817897e-07,1.84881649745181e-05,4.33899288124141e-06,3.27394588090425e-06,2.74269009796045e-06,9.49392726217079e-06,2.5665262862339e-07,6.01282059937484e-05,5.39238145090111e-06,1.79656840036373e-06,0.000310404372082034,3.85170103635794e-07,1.89878545243416e-05,2.27854254292099e-05,7.17318948697349e-06,7.83821160898841e-05,2.31102062181476e-06,2.11843556999687e-06,3.79757090486832e-06,7.70340207271588e-07,5.77755155453691e-06
"PCSI_0390",1.21508703220748e-05,1.4922121448162e-06,5.96884857926482e-05,1.27850915604332e-06,2.55386382571071e-05,1.89175098200793e-07,0,3.21597666941349e-06,7.18865373163015e-06,0.000520799045346784,2.66736888463119e-05,1.51340078560635e-06,0.000113834469333122,7.8021377857533e-05,1.44957751210717e-05,1.06586581772586e-06,5.54250225217447e-06,2.27010117840952e-05,3.78350196401587e-07,6.2238607308061e-05,1.70257588380714e-06,0.000227010117840952,0.000287761160684722,1.89175098200793e-07,1.53484677752524e-05,5.47855030311092e-05,4.22082863819441e-05,2.0158627749527e-05,1.77824592308746e-05,5.6752529460238e-07,1.6458233543469e-05,3.78350196401587e-07,1.75932841326738e-05,1.32422568740555e-06,3.17814164977333e-05,3.55425545380043e-05,0,5.69417045584388e-05,5.11615592508413e-06,4.4156097141668e-05,5.12752641451688e-06,4.17819400548537e-05,0,6.77890660073647e-05,6.48046417177323e-05,7.58896462220812e-05,0.000195906137298013,3.13364550411403e-05,1.00191386866231e-05,1.27850915604332e-06,0,7.67423388762619e-06,0,1.27903898127103e-06,1.4922121448162e-06,0.000331389573246429,9.47182179542677e-05,1.70538530836138e-06,4.88166544518444e-05,1.89175098200793e-06,1.91066849182801e-05,3.62394378026792e-06,2.00525604092841e-05,6.8215412334455e-06,2.13173163545172e-05,1.02280732483466e-06,8.10058021471654e-06,1.32422568740555e-06,2.55701831208664e-07,1.55978117037285e-05,3.78350196401587e-07,4.00765547464923e-05,2.06777968638817e-05,1.27903898127103e-05,6.39411831918682e-05,5.10772765142142e-06,6.24277824062618e-06,9.59279235953274e-06,1.11175534466566e-06,7.56700392803174e-06
"PCSI_0391",0.000244027564640562,2.22856223416038e-07,4.76912318110322e-05,5.26620397798516e-07,2.21753255152991e-05,1.23196252862773e-06,8.21308352418486e-07,5.7491584669294e-06,5.13317720261554e-06,4.08600905328197e-05,3.31742383600002e-05,6.15981264313865e-07,6.52968734608992e-05,2.02799163308595e-05,1.31485171815463e-05,3.72169893104784e-05,4.23426824490473e-06,2.83351381584378e-05,8.21308352418486e-07,8.21308352418486e-07,7.1279485221946e-06,0.000166109614276639,0.000164466997571802,3.07990632156932e-06,1.02513862771378e-05,5.74969056413379e-05,4.18969700022152e-05,5.95448555503403e-06,2.01220546342529e-05,6.15981264313865e-06,1.41675690792189e-05,0,0.000147630176347223,1.74528024888928e-05,8.21308352418486e-05,7.89930596697774e-07,2.05327088104622e-06,0.000505760615896373,2.8971309044085e-06,7.13139914931322e-06,1.11428111708019e-06,4.90283691515284e-06,2.46392505725546e-06,0.000115261427499124,3.07541588314133e-05,5.86111867584181e-05,0.000161125049529796,6.90854292589719e-06,2.98627339377491e-05,2.10648159119406e-06,1.51001089840171e-05,9.41445086939676e-05,1.78284978732831e-06,3.20912961719095e-05,7.79996781956134e-06,1.57986119339555e-05,2.98627339377491e-05,8.46853648980945e-06,1.42627982986264e-05,3.69588758588319e-06,5.9134201374131e-05,8.91424893664153e-07,8.09503348180828e-05,1.06970987239698e-05,2.83027403738369e-05,5.26620397798516e-07,3.29827210655737e-05,5.7491584669294e-06,6.87239619127063e-05,6.87239619127063e-05,4.10654176209243e-06,1.40399420752104e-05,8.24568026639342e-06,3.56569957465661e-06,9.8762329378323e-05,9.16949724016112e-06,5.95448555503403e-06,2.76341717035887e-05,0,0.000105001508747529
"PCSI_0402",3.33297828180075e-05,0,1.88791077500602e-05,0.000273761857089661,8.2473654008263e-06,2.821467110809e-06,1.95332338440623e-06,1.71458385964547e-05,8.68143726402768e-07,0.000101572815989124,1.73628745280554e-06,0,2.14429371975992e-05,6.52611132100846e-06,2.79690485186077e-06,1.86460323457385e-06,2.12098617932775e-05,6.51107794802076e-06,1.73628745280554e-06,8.68143726402768e-07,7.1279485221946e-06,0.000438165684580115,3.58109287141142e-05,2.6044311792083e-06,1.86460323457385e-06,3.72920646914769e-06,2.09767863889558e-06,2.6044311792083e-06,1.10688325116353e-05,6.29404201642007e-06,5.20886235841661e-06,2.83822063489015e-05,0.000102875031578728,8.22566180766623e-05,2.75635633132879e-05,1.82921800620198e-05,2.38739524760761e-06,0.000505760615896373,4.66150808643462e-07,1.63152783025212e-06,2.33075404321731e-07,4.42843268211288e-06,2.17035931600692e-07,4.66150808643462e-06,7.22533753397365e-06,0.000159656651960386,0.000100455499262666,2.09767863889558e-06,2.33075404321731e-07,8.99107155590803e-06,1.86460323457385e-06,9.41445086939676e-05,6.99226212965192e-07,4.19535727779115e-06,2.56382944753904e-06,0.000475712961666303,3.26305566050423e-06,9.32301617286923e-07,4.89458349075635e-06,4.34071863201384e-07,0.000105045390894735,0,1.80139823228574e-05,2.33075404321731e-07,6.29303591668673e-06,4.65055425305588e-05,1.23529964290517e-05,3.68961083721177e-06,1.86022170122235e-06,3.59642862236321e-05,4.34071863201384e-07,5.59380970372154e-06,5.82688510804327e-06,2.56382944753904e-06,1.67117667332533e-05,1.95332338440623e-06,0,2.82021239229294e-05,0,4.68797612257495e-05
"PCSI_0410",8.69093742623814e-06,1.97521305141776e-07,7.70333090052926e-06,1.02436503452878e-06,7.38482574380707e-05,0,0,9.51652802036994e-07,6.66156961425896e-06,0.000833570456105414,1.77007421178881e-05,2.09363616448139e-06,0.000156041831062003,8.69093742623814e-05,1.67893109370509e-05,3.95042610283552e-07,3.55538349255197e-06,9.99235442138844e-05,0,9.51652802036994e-06,0,0.000382374095858464,0.000287761160684722,1.52264448325919e-06,2.96281957712664e-06,4.34546871311907e-06,2.9035631855841e-05,7.61322241629595e-07,3.61628064774058e-06,0,7.17546212735893e-05,1.25618169868883e-05,1.52264448325919e-06,0,8.08904881731445e-05,0.00019130017019825,0,0.000135325028449661,1.18512783085066e-06,2.96281957712664e-06,9.87606525708879e-07,5.92563915425328e-07,3.80661120814798e-07,9.30325347217764e-05,6.73547650533456e-05,0.000146363287110056,0.000258752909735726,1.10611930879394e-05,3.95042610283552e-07,0,1.97521305141776e-07,7.50580959538748e-06,1.97521305141776e-07,3.95042610283552e-06,5.92563915425328e-07,5.89009894854051e-06,2.13323009553118e-05,7.90085220567103e-07,8.49341612109636e-06,0,1.52264448325919e-06,7.90085220567103e-07,1.90330560407399e-07,2.17273435655953e-06,7.50580959538748e-06,0,8.88845873137991e-06,7.61322241629595e-07,0,0.000108838784918683,3.99694176855537e-06,7.90085220567103e-06,2.96281957712664e-05,4.54299001826085e-06,5.27215652328495e-05,3.42595008733318e-06,1.52264448325919e-06,1.65917896319092e-05,1.90330560407399e-07,3.80661120814798e-07
"PCSI_0449",2.13898668811357e-06,0,1.36117334698136e-05,5.14693292551324e-06,1.22539893805043e-05,1.8852291354622e-07,1.8852291354622e-07,1.31966039482354e-06,3.20488953028573e-06,0.000833570456105414,7.54091654184879e-07,5.46716449284037e-06,4.25852804269884e-05,1.20561067875492e-05,7.77813341132208e-06,3.88906670566104e-07,1.55562668226442e-06,0.000107931543454963,0,1.8852291354622e-07,1.8852291354622e-07,0.000438165684580115,0.000116507160571564,5.65568740638659e-07,2.52789335867968e-06,3.50016003509494e-06,1.05004801052848e-05,9.42614567731098e-07,1.8852291354622e-06,9.42614567731098e-07,3.22374182164036e-05,1.58359247378825e-05,7.54091654184879e-06,1.31966039482354e-06,0.000105949877412975,7.78902516061004e-05,0,1.65900163920673e-05,0,1.55562668226442e-06,5.83360005849156e-07,2.13898668811357e-06,2.07375204900842e-06,2.17787735517018e-05,9.54765876239786e-05,0.000105588161058697,0.000181424961819088,4.27797337622715e-06,1.75008001754747e-06,4.80380406381236e-06,0,1.71118935049086e-05,1.94453335283052e-07,0,5.83360005849156e-07,0.000475712961666303,3.69461337037799e-06,5.83360005849156e-07,3.30570669981189e-06,1.8852291354622e-07,1.8852291354622e-05,1.94453335283052e-07,3.77045827092439e-07,7.77813341132208e-07,9.3337600935865e-06,1.23526390212318e-05,8.9448534230204e-06,1.47047872566051e-05,3.77441747870971e-06,1.92152162552494e-05,2.63932078964708e-06,7.97258674660514e-06,6.61141339962377e-06,1.75008001754747e-06,5.76880115451432e-05,1.31966039482354e-06,5.65568740638659e-07,3.88906670566104e-06,7.54091654184879e-07,3.39341244383195e-06
"PCSI_0453",0,0,0,0,1.1387044503986e-06,3.49588643956235e-05,1.32640385284787e-05,5.69352225199302e-06,0,1.1387044503986e-06,1.1387044503986e-06,0,0,0,0,0,0,7.97093115279022e-06,1.1387044503986e-06,0,1.1387044503986e-06,3.07450201607623e-05,2.27740890079721e-06,4.72772267507764e-05,0,0,0,0,0,0,1.1387044503986e-06,0,5.69352225199302e-06,0.000167389554208595,0,0,8.99469730480647e-06,0.000323392063913203,0,0,0,0,0,0,0,0,0,0,0,0,0,0,0,0,0,0,0,0,0,0,4.55481780159441e-06,0,3.41611335119581e-06,0,0,0,0,0,0,0,0,0,0,0,0,0,0,0,0,1.1387044503986e-06
"PCSI_0458",3.41132983657811e-06,0,4.90378664008104e-06,4.70784549374183e-06,8.3536997211698e-06,6.11246321061205e-07,1.62999018949655e-06,1.10024337791017e-05,1.83373896318362e-06,0.000358190344141866,2.89323258635637e-05,2.64873405793189e-06,3.00623441848446e-05,1.32189031167402e-05,1.17264463132373e-05,4.26416229572264e-07,4.47737041050877e-06,1.69111482160267e-05,1.22249264212241e-06,4.27872424742844e-05,0,0.000395883867273974,0.000196413817834334,2.85248283161896e-06,6.60945155837009e-06,1.89755222159657e-05,1.7696273527249e-05,3.25998037899309e-06,4.4824730211155e-06,2.85248283161896e-06,1.65036506686525e-05,5.70496566323791e-06,3.32110501109921e-05,6.11246321061205e-06,1.65036506686525e-05,4.96939246561638e-06,6.11246321061205e-07,8.55744849485687e-06,4.26416229572264e-07,8.52832459144528e-07,4.26416229572264e-07,3.19812172179198e-06,2.03748773687068e-07,5.88454396809724e-05,2.64378062334804e-05,6.41756425506257e-05,0.000151164553383368,4.05095418093651e-06,1.06604057393066e-06,3.4001106343691e-06,0,2.77170549221972e-06,0,1.06604057393066e-06,8.52832459144528e-07,0.000439922006692987,7.03586778794236e-06,4.26416229572264e-07,5.75661909922556e-06,6.11246321061205e-07,1.85411384055232e-05,0,8.14995094748273e-07,1.49245680350292e-06,1.15132381984511e-05,2.09237577499637e-06,7.03586778794236e-06,2.6691089353006e-05,0,2.61546971874546e-06,2.03748773687068e-07,8.95474082101754e-06,1.30056950019541e-05,4.47737041050877e-06,6.8459587958855e-05,1.01874386843534e-06,6.11246321061205e-07,1.17264463132373e-05,6.11246321061205e-07,3.25998037899309e-06
"PCSI_0463",5.37125454680216e-05,0,2.83808646359415e-05,4.81942527522658e-05,3.63395738804665e-05,4.85936162355075e-06,2.11276592328293e-06,2.91561697413045e-05,3.59170206958099e-06,0.000393397014915282,1.47893614629805e-06,4.22553184656587e-06,6.02800182763386e-05,1.64186820207926e-05,9.3821040118815e-06,3.7528416047526e-06,1.38386034175252e-05,2.23953187867991e-05,4.22553184656587e-07,8.24774681057557e-05,1.05638296164147e-06,0.000197121060642298,0.000117892338519188,5.28191480820733e-06,4.22194680534667e-06,2.29861548291097e-05,2.22824970282186e-05,5.91574458519221e-06,1.37329785013391e-05,1.05638296164147e-06,1.39442550936674e-05,7.18340413916198e-06,2.3029148563784e-05,0.000151907869884043,8.95812751471964e-05,0.000173942475450706,1.26765955396976e-06,0.000140921487082972,1.40731560178222e-06,1.45422612184163e-05,1.17276300148519e-06,4.69105200594075e-06,2.74659570026781e-06,3.47137848439615e-05,2.5097128231783e-05,0.0001899876062406,0.000109770616939014,3.51828900445556e-06,1.8764208023763e-06,1.38489232046741e-06,0,1.8764208023763e-06,1.40731560178222e-06,6.33292020802001e-06,3.51828900445556e-06,1.13561170278327e-05,2.533168083208e-05,2.81463120356445e-06,1.03203144130696e-05,1.47893614629805e-06,0.00021667096783772,7.03657800891112e-07,1.11976593933996e-05,3.98739420504964e-06,1.66532346210897e-05,2.76978464093481e-07,1.64186820207926e-05,3.10576590722591e-05,1.93884924865437e-06,8.9187065438101e-05,3.1691488849244e-06,8.44389361069335e-06,1.12585248142578e-05,2.81463120356445e-06,4.9649999197149e-05,2.53531910793952e-06,1.47893614629805e-06,7.03657800891112e-06,2.11276592328293e-07,3.1691488849244e-06
"PCSI_0465",0.000367643786927409,0,0.000257347313977238,7.30667413853518e-06,1.37392955375655e-05,4.65363235949797e-06,1.32640385284787e-05,6.2048431459973e-06,5.3184369822834e-06,5.98324160506882e-06,1.99441386835627e-05,4.4320308185695e-07,1.87197587667546e-05,2.60849097569531e-05,1.53440645629136e-06,4.60321936887407e-05,2.72147684304436e-05,0.000107931543454963,1.7728123274278e-06,4.4320308185695e-07,0,1.19664832101376e-05,7.75605393249663e-06,9.97206934178137e-06,5.52386324264889e-06,1.0127082611523e-05,3.43707046209264e-05,2.88082003207017e-06,9.08566317806747e-06,3.98882773671255e-06,1.63985140287071e-05,2.21601540928475e-07,2.52625756658462e-05,0.000298911127284721,1.90577325198488e-05,0,7.31285085063968e-06,4.27690973991957e-05,6.13762582516543e-07,4.60321936887407e-06,1.22752516503309e-06,1.84128774754963e-06,8.864061637139e-07,7.67203228145679e-06,7.36515099019852e-06,0.000100043300950197,0.000104032757736554,4.91010066013235e-06,1.19683703590726e-05,9.82372037689975e-06,0,2.45505033006617e-06,1.96404026405294e-05,2.73124349219862e-05,1.38096581066222e-05,1.27072593713655e-06,1.59578271454301e-05,2.60436879369994e-05,3.06881291258272e-06,1.10800770464237e-06,0.000151797055536005,3.06881291258272e-07,2.45977710430607e-05,0,6.4445071164237e-06,9.53044452852414e-07,1.90266400580128e-05,3.76722619578408e-06,3.49449632712552e-06,2.66852446798676e-05,9.86779877586311e-06,6.75138840768198e-06,4.60321936887407e-06,8.89955744648988e-06,1.06368739645668e-05,8.864061637139e-07,1.7728123274278e-06,4.91010066013235e-06,0,5.09683544135492e-06
"PCSI_0467",4.06485888842369e-06,1.16138825383534e-06,1.80015179344478e-05,8.35148621656796e-06,8.37859655285203e-05,0,0,4.83380570356848e-06,1.07417904523744e-06,0.000833570456105414,1.61126856785616e-06,1.07417904523744e-06,0.000113235354748946,3.07767887266365e-05,2.61312357112951e-05,5.8069412691767e-07,5.8069412691767e-06,5.63943998749656e-05,0,4.83380570356848e-06,0,0.000168109020579659,4.24300722868788e-05,0,7.54902364992971e-06,5.8069412691767e-06,1.16138825383534e-05,2.6854476130936e-06,5.3708952261872e-07,0,4.83380570356848e-05,2.30948494726049e-05,1.07417904523744e-06,1.07417904523744e-06,0.000112303164058098,0.000269363225884702,5.3708952261872e-07,2.14835809047488e-06,1.16138825383534e-06,5.22624714225903e-06,1.16138825383534e-06,2.32277650767068e-06,0,8.18778718953914e-05,9.05882837991565e-05,0.000181757261725231,0.000229954874259397,9.87180015760039e-06,2.32277650767068e-06,5.56765747771197e-06,5.8069412691767e-07,3.54223417419779e-05,0,1.16138825383534e-05,8.12971777684738e-06,7.44674187643976e-05,3.01960945997188e-05,1.16138825383534e-06,1.74208238075301e-05,0,1.61126856785616e-06,1.74208238075301e-06,0,2.32277650767068e-06,4.06485888842369e-06,6.95957184713996e-07,9.29110603068272e-06,0,6.95957184713996e-06,0.000134319736649801,1.61126856785616e-06,2.09049885690361e-05,2.49698474574598e-05,1.33559649191064e-05,2.25577599499862e-05,5.3708952261872e-07,2.6854476130936e-06,1.21945766652711e-05,0,0
"PCSI_0468",3.21491721588169e-06,0,5.35819535980282e-05,2.34979521534698e-06,0.000106864665971726,0,8.96627782908481e-07,4.194060024578e-05,5.37976669745089e-06,0.000170359278752611,5.37976669745089e-06,5.83162916482937e-06,0.000184321920377217,6.53699833895944e-05,2.14327814392113e-05,0,0,1.25527889607187e-05,1.79325556581696e-06,4.21415057966986e-05,0,0.000254642290346009,0.000205327762286042,4.48313891454241e-06,9.64475164764507e-06,3.10775330868563e-05,3.32208112307775e-05,1.34494167436272e-05,1.25527889607187e-05,3.58651113163392e-06,1.79325556581696e-06,8.96627782908481e-07,8.33863838104888e-05,0,3.31752279676138e-05,1.17489760767349e-06,8.06965004617633e-06,2.15190667898035e-05,6.42983443176338e-06,2.14327814392113e-05,3.21491721588169e-06,1.28596688635268e-05,0,4.28655628784225e-05,6.6441622461555e-05,0.000158602582650163,0.000204683062744468,1.50029470074479e-05,4.93072694729546e-05,2.34979521534698e-06,0,1.07163907196056e-05,0,0,8.57311257568451e-06,1.76234641151024e-05,7.50147350372395e-05,0,2.57193377270535e-05,0,0,0,1.79325556581696e-06,3.21491721588169e-06,3.00058940148958e-05,4.81708019146131e-05,9.64475164764507e-06,8.96627782908481e-07,5.28703923453071e-05,5.63950851683276e-05,3.58651113163392e-06,2.03611423672507e-05,1.82178642233296e-05,4.28655628784225e-06,1.79325556581696e-05,8.96627782908481e-07,8.96627782908481e-07,2.35760595831324e-05,0,9.86290561199329e-06
"PCSI_0469",1.38834404456907e-05,1.6143535401966e-06,2.35695616868703e-05,1.50377373853556e-05,4.06186036736878e-05,2.35470166224277e-06,0,6.76976727894797e-06,4.12072790892485e-06,0.000469762981617433,9.12446894119074e-06,2.35470166224277e-06,7.26459093088468e-05,4.42332870013867e-05,2.26009495627523e-05,9.68612124117958e-07,2.90583637235387e-06,0.000107931543454963,2.94337707780346e-07,6.18109186338727e-06,0,0.000239296556425422,0.000122150148728844,1.76602624668208e-06,4.84306062058979e-06,1.16233454894155e-05,2.9381234431578e-05,9.41880664897108e-06,2.2958341206867e-05,6.76976727894797e-06,9.68131013737941e-05,1.70715870512601e-05,3.35544986869595e-05,1.47168853890173e-06,0.000112303164058098,0.000155512211009531,5.88675415560693e-07,8.97730008730056e-05,3.55157778843251e-06,5.48880203666843e-06,1.93722424823592e-06,2.90583637235387e-06,4.12072790892485e-06,1.90493717743198e-05,3.51929071762858e-05,0.000203408546064771,0.000168861380304564,5.16593132862911e-06,1.93722424823592e-06,4.40128899083578e-06,0,7.42602628490434e-06,6.45741416078638e-07,2.26009495627523e-06,1.29148283215728e-06,0.000134606088303061,3.71301314245217e-05,1.29148283215728e-06,9.36325053314026e-06,0,6.85806859128207e-05,0,9.12446894119074e-06,3.22870708039319e-06,7.42602628490434e-06,5.56829298593496e-05,1.74350182341232e-05,1.64829116356994e-05,2.56741857798754e-06,1.87054782110521e-05,2.64903937002312e-06,7.42602628490434e-06,6.7802848688257e-06,1.38834404456907e-05,4.97430726148785e-05,9.16949724016112e-06,3.8263902011445e-06,5.81167274470775e-06,0,1.73659247590404e-05
"PCSI_0472",1.00220552028163e-06,1.33627402704218e-06,3.10683711287306e-05,7.96309582869151e-07,7.67402182991512e-05,2.97442706585857e-07,2.97442706585857e-07,5.94885413171715e-07,2.67698435927272e-06,0.000186496577029333,7.73351037123229e-06,5.83162916482937e-06,7.95083046090096e-05,4.47651799059129e-05,1.36968087771823e-05,0,2.00441104056327e-06,0.000107931543454963,6.24629683830301e-06,1.48721353292929e-06,2.97442706585857e-07,0.000380726664429898,0.000250744201651878,1.48721353292929e-06,8.35171266901361e-06,1.97100418988721e-05,3.54112617166177e-05,1.78465623951514e-06,5.94885413171715e-07,1.15886799333202e-05,9.68131013737941e-05,4.164197892202e-06,0.000306663430490019,5.35396871854543e-06,4.5806176814222e-05,0.000261985852763951,1.18977082634343e-06,2.88519425388282e-05,6.68137013521089e-07,2.73936175543646e-05,2.33847954732381e-06,7.01543864197143e-06,5.94885413171715e-07,1.03561237095769e-05,5.71257146560531e-05,0.000160352883245061,0.000234516091745902,2.67254805408436e-06,1.67034253380272e-06,2.78708354004203e-06,0,1.23605347501401e-05,2.67254805408436e-06,6.68137013521089e-07,0,0.000310162582527534,1.13583292298585e-05,0,6.34730162845034e-06,0,7.85248745386664e-05,3.34068506760544e-07,0,6.68137013521089e-07,3.34068506760544e-06,7.16678624582236e-06,4.44311113991524e-05,4.164197892202e-06,7.96309582869151e-06,5.49453612179714e-05,2.97442706585857e-06,1.26946032569007e-05,1.03561237095769e-05,8.01764416225307e-06,9.22072390416158e-06,8.92328119757572e-07,3.86675518561615e-06,3.34068506760544e-07,0,2.082098946101e-06
"PCSI_0549",7.51858277089058e-06,1.97857441339226e-07,2.03793164579403e-05,5.13879103774288e-07,4.07744691499249e-05,7.44739162555706e-07,4.65461976597317e-06,3.0534305664784e-05,5.02698934725102e-06,0.000518524641929411,2.7927718595839e-06,1.86184790638927e-06,7.30093958541743e-05,6.33143812285523e-06,5.73786579883755e-06,3.95714882678452e-07,2.72147684304436e-05,8.56450036939063e-06,5.5855437191678e-07,9.30923953194633e-07,0,2.66244250613665e-05,2.42040227830605e-05,8.56450036939063e-06,1.18714464803535e-06,1.97857441339226e-06,2.77000417874916e-06,5.5855437191678e-06,2.97895665022283e-06,0,4.28225018469531e-06,9.30923953194633e-07,1.54533376230309e-05,1.24743809728081e-05,0.000103704928385882,0.000126928138632249,0,3.33270775243679e-05,5.93572324017677e-07,7.71644021222981e-06,1.18714464803535e-06,9.49715718428284e-06,4.84080455661209e-06,5.46086538096263e-05,3.36357650276684e-05,0.000230913823584807,0.000292833975375892,6.33143812285523e-06,6.133580681516e-06,2.56939551887144e-07,0,1.02885869496397e-05,1.97857441339226e-07,1.78071697205303e-06,5.93572324017677e-07,1.23330984905829e-05,7.32072532955135e-06,7.91429765356903e-07,6.52929556419445e-06,7.44739162555706e-07,7.44739162555706e-07,4.33899288124141e-06,3.72369581277853e-07,3.95714882678452e-06,3.70758065347305e-05,0,6.70537993159876e-05,5.89987213390597e-05,7.70818655661432e-07,2.05551641509715e-05,9.30923953194633e-07,1.8400742044548e-05,2.77000417874916e-06,4.74857859214142e-06,3.0348120874145e-05,1.30329353447249e-06,6.3302828817235e-06,6.10714347266942e-05,9.30923953194633e-07,3.35132623150068e-06
"PCSI_0588",1.86975300562796e-05,0,2.49300400750394e-05,0,4.77874414603842e-05,0,0,0,1.36525259974829e-05,1.36535547029669e-05,0,0,8.7255140262638e-05,4.98600801500788e-05,0,0,0,4.09606641089008e-05,0,0,0,0.000245763984653405,8.19213282178015e-05,0,1.24650200375197e-05,1.24650200375197e-05,5.60925901688387e-05,0,0,0,0,0,0,0,9.55748829207684e-05,0,0,4.09606641089008e-05,0,0,0,0,0,6.23251001875986e-06,0,0.000112185180337677,0.000105952670318918,0,6.23251001875986e-06,0,0,0,0,6.23251001875986e-06,6.23251001875986e-06,0,1.24650200375197e-05,1.24650200375197e-05,0,0,0.000191149765841537,0,0,0,0,0,1.24650200375197e-05,1.36535547029669e-05,0,0,6.82677735148346e-06,0,1.86975300562796e-05,1.24650200375197e-05,0,0,0,0,0,0
"PCSI_0592",5.69216146406689e-05,0,5.36996364534612e-06,5.34626156584711e-05,2.08097706034938e-05,1.76883050129697e-05,4.16195412069875e-06,4.194060024578e-05,1.04048853017469e-06,3.43361214957647e-05,1.04048853017469e-06,0,3.22197818720767e-06,0,4.2959709162769e-06,4.2959709162769e-06,2.14798545813845e-06,6.24293118104813e-06,6.93606187862043e-06,0,0,0.000222664545457383,8.53200594743244e-05,2.08097706034938e-05,2.14798545813845e-06,0,2.14798545813845e-06,0,0,5.20244265087344e-06,0,6.24293118104813e-06,0.000391283248974275,0.000298911127284721,6.45102888708306e-05,9.72047557426747e-06,8.99469730480647e-06,0.000189368912491793,0,1.07399272906922e-06,0,0,0,3.22197818720767e-06,1.07399272906922e-06,2.8997803684869e-05,3.3293774601146e-05,0,0,0,1.07399272906922e-06,5.36996364534612e-06,6.44395637441535e-06,7.51794910348457e-06,3.22197818720767e-06,0.000475712961666303,1.07399272906922e-06,0,0,0,1.87287935431444e-05,0,6.24293118104813e-06,0,0,8.50541612748404e-06,2.14798545813845e-06,3.74575870862888e-05,1.21505944678343e-06,1.70108322549681e-05,2.08097706034938e-06,4.2959709162769e-06,0,6.44395637441535e-06,5.20244265087344e-05,1.04048853017469e-06,0,1.07399272906922e-06,0,1.35263508922709e-05
"PCSI_0594",6.89867831557776e-05,0,6.93658314148753e-05,7.90985715852619e-07,6.68416857855108e-05,4.24391655781021e-07,2.1219582789051e-07,4.88050404148174e-06,4.88050404148174e-06,0.000672872970240808,3.39513324624817e-06,1.06097913945255e-06,0.000223849996789359,8.35801411310383e-05,3.20295778937539e-05,9.09715821834431e-06,4.54857910917215e-06,5.79294610141093e-05,2.97074159046714e-06,1.90976245101459e-06,0,0.000183973782781072,0.000110978417986737,3.39513324624817e-06,2.76705229141306e-05,4.51067428326238e-05,4.32115015371355e-05,1.50659037802262e-05,1.06097913945255e-05,1.15886799333202e-05,8.59393102956567e-05,2.33415410679561e-06,4.30757530617736e-05,2.1219582789051e-06,6.62050983018392e-05,5.27323810568413e-07,2.1219582789051e-07,2.39781285516277e-05,7.4209473785573e-06,1.49724062343583e-05,7.58096518195359e-07,3.14610055051074e-05,5.09269986937225e-06,5.13610391077356e-05,4.24534050189401e-05,0.000111250664045169,0.000148965965825388,3.14579212681185e-05,4.70019841281122e-05,2.63661905284206e-06,7.58096518195359e-07,1.34562131979676e-05,4.94657978122472e-05,8.90763408879547e-06,2.46381368413492e-06,6.85520953738937e-05,9.47182179542677e-05,1.32666890684188e-05,7.19310526038358e-05,1.90976245101459e-06,1.40049246407737e-05,7.58096518195359e-07,1.90976245101459e-06,4.54857910917215e-06,6.44382040466055e-06,3.9549285792631e-06,1.76257440480421e-05,7.00246232038684e-06,8.70084287437881e-06,0.000283700210085806,2.1219582789051e-07,4.83286530349541e-05,3.95689321217176e-05,7.77048931150243e-06,0.000106097913945255,2.54634993468612e-06,4.88050404148174e-06,1.0613351254735e-05,4.24391655781021e-07,2.1219582789051e-06
"PCSI_0602",7.95974327912479e-05,0,2.89445210149992e-05,2.36877699254283e-06,0.000106498939999556,3.25809376671682e-06,4.47987892923563e-06,3.05446290629702e-06,1.36432676481267e-05,0.000575460811546359,2.85083204587722e-06,5.83162916482937e-06,0.000115990911420401,3.44780323855138e-05,1.23439869034556e-05,3.4052377664705e-06,1.53235699491172e-05,1.48650528106455e-05,4.68350978965543e-06,3.86898634797623e-06,0,0.000201798182676023,3.6857185735984e-05,1.48650528106455e-05,5.32068401011015e-06,2.34110096444847e-06,2.02185992384186e-05,0,0,3.05446290629702e-06,2.83046895983524e-05,4.68350978965543e-06,8.95975785847126e-05,4.05225412235405e-05,6.84199691010532e-05,5.94826222571865e-05,2.03630860419801e-07,3.2784568527588e-05,1.70261888323525e-06,1.02157132994115e-05,1.48979152283084e-06,1.06413680202203e-05,8.14523441679205e-07,1.61748793907349e-05,5.02272570554398e-05,0.000230913823584807,0.000156215282536834,3.19241040606609e-06,5.10785664970574e-06,2.89517187977457e-06,8.51309441617624e-07,5.74633873091896e-06,1.87288077155877e-05,1.06413680202203e-05,4.68220192889693e-06,0.000475712961666303,2.34110096444847e-05,4.46937456849253e-06,1.42594331470952e-05,0,7.73797269595245e-06,4.25654720808812e-07,0,0,6.38482081213218e-07,2.6319744361587e-07,6.70537993159876e-05,3.76717091776632e-05,0,1.07910951882507e-05,1.62904688335841e-06,3.42652050251094e-05,2.74547294921684e-05,1.70261888323525e-06,0.000157696230929161,0,2.03630860419801e-07,1.06413680202203e-06,2.03630860419801e-07,2.03630860419801e-07
"PCSI_0608",0.000273198324996488,0,0.000123708678253713,4.77931766212773e-06,7.59668292500023e-05,7.81149915167119e-07,1.75758730912602e-06,2.14816226670958e-06,1.21078236850903e-05,0.000314803415812349,6.83506175771229e-06,1.75758730912602e-06,0.000223849996789359,9.77343132170727e-05,1.83864271394856e-05,2.71799357714135e-05,8.79350863192791e-06,1.36701235154246e-05,4.8821869697945e-06,8.98322402442187e-06,0,0.000152714808415172,0.000184156092500648,7.81149915167119e-07,2.8501302473598e-05,6.4060894249325e-05,6.39255016192998e-05,1.3279548557841e-05,6.05391184254517e-06,1.15886799333202e-05,3.31988713946026e-06,1.56229983033424e-06,0.000220674851034711,2.14816226670958e-06,8.55359157107996e-05,1.14172588595274e-05,1.36701235154246e-06,0.000125374561384323,7.4209473785573e-06,2.17839191109123e-05,3.59734444033415e-06,5.55986673389457e-05,6.83506175771229e-06,6.35530851125699e-05,0.000106575854621547,0.000162679909690666,0.000292833975375892,3.14579212681185e-05,4.93072694729546e-05,7.96552943687955e-07,3.99704937814905e-07,7.19468888066829e-06,1.39896728235217e-06,1.6787607388226e-05,2.68674896069946e-05,1.43379529863832e-05,9.47182179542677e-05,2.60436879369994e-05,7.19310526038358e-05,5.8586243637534e-07,7.5380966813627e-05,3.39749197142669e-06,1.69900106548848e-05,1.07825398612992e-05,3.70758065347305e-05,2.65517647895985e-07,3.41747721831744e-05,8.20207410925475e-06,1.59310588737591e-06,0.000310404372082034,3.51517461825204e-06,5.57037267728113e-05,3.95689321217176e-05,9.99262344537263e-06,8.61217781471749e-05,6.24919932133695e-06,6.44448680012873e-06,2.81791981159508e-05,0,1.23031111638821e-05
"PCSI_0610",0,0,0,0,0,0,0,0,0,0,0,0,0,0,0,0,0,0,0,0,0,0,0,0,0,0,0,0,0,0,0,0,0,0,0,2.89312785696376e-05,0,0,0,0,0,0,0,0,0,0,0,0,0,0,0,0,0,0,0,0.000106081354755338,0,0,0,0,0,0,0,0,0,0,0,0,9.64375952321253e-06,0,0,0,0,0,0,0,0,0,0,0
"PCSI_0611",3.42801804851503e-06,0,5.14202707277254e-06,2.12489269291901e-06,1.42626902286309e-05,7.50667906770049e-07,3.75333953385024e-06,6.00534325416039e-06,4.50400744062029e-06,5.63000930077536e-05,3.31742383600002e-05,3.75333953385024e-06,1.54260812183176e-05,9.42704963341632e-06,0,0,4.28502256064378e-06,0.000107931543454963,0,7.50667906770049e-07,0,0.000165897607396181,2.40213730166416e-05,2.17693692963314e-05,8.57004512128756e-07,0,5.9990315849013e-06,0,0,0,2.02680334827913e-05,7.50667906770049e-07,7.50667906770049e-07,2.17693692963314e-05,5.70507609145237e-05,0.000269363225884702,0,2.40213730166416e-05,8.57004512128756e-07,4.28502256064378e-06,0,0,0,8.57004512128756e-07,1.54260812183176e-05,5.14202707277254e-05,9.5127500846292e-05,0,0,0,0,2.57101353638627e-06,8.57004512128756e-07,2.57101353638627e-06,8.57004512128756e-07,3.71856221260826e-05,8.57004512128756e-07,0,8.57004512128756e-07,0,2.25200372031015e-06,0,0,0,1.71400902425751e-06,0,2.65671398759914e-05,1.12600186015507e-05,0,2.12489269291901e-06,9.86779877586311e-06,4.28502256064378e-06,2.57101353638627e-06,2.57101353638627e-06,0,0,0,8.57004512128756e-07,0,0
"PCSI_0613",0.000133591326951939,2.50997340574166e-06,2.38483760670632e-05,1.94260206625516e-05,0.000106864665971726,5.85396465610299e-07,3.90264310406866e-07,5.46370034569613e-06,1.36525259974829e-05,0.000609787985010728,1.95132155203433e-06,5.83162916482937e-06,7.41724916662052e-05,4.06230812667772e-05,2.68799492959272e-05,8.08419527697059e-06,7.88209039504633e-06,0.000107931543454963,6.93606187862043e-06,3.70751094886523e-06,0,0.000148300437954609,0.000287761160684722,2.73185017284806e-06,1.57641807900927e-05,4.0420976384853e-05,6.39255016192998e-05,1.36592508642403e-06,7.61015405293389e-06,3.70751094886523e-06,3.88312988854832e-05,2.9269823280515e-06,4.29290741447553e-05,1.1707929312206e-06,0.000112303164058098,0.000269363225884702,3.70751094886523e-06,3.35627306949905e-05,7.4209473785573e-06,9.70103433236471e-06,8.08419527697059e-07,3.27409908717309e-05,8.97607913935792e-06,6.871565985425e-05,0.000106575854621547,0.000230913823584807,0.000269810017368894,7.27577574927353e-06,2.02104881924265e-06,9.5835035268588e-06,1.61683905539412e-06,5.78019962303397e-05,3.23367811078824e-06,1.9806278428578e-05,1.55620759081684e-05,0.000475712961666303,2.70820541778515e-05,3.23367811078824e-06,4.00167666210044e-05,1.95132155203433e-07,2.55623123316497e-05,2.42525858309118e-06,2.73185017284806e-06,6.26525133965221e-06,3.70758065347305e-05,2.3311224795062e-06,6.70537993159876e-05,2.14645370723776e-06,0.000179762293383797,3.6261905236763e-05,3.31724663845836e-06,2.84967883513213e-05,3.95689321217176e-05,1.59662856720169e-05,8.70289412207311e-05,4.87830388008583e-06,3.31724663845836e-06,2.50610053586088e-05,0,0
"PCSI_0627",1.51840208425993e-05,0,8.16141120289711e-05,6.91907929195678e-07,4.56490467052515e-06,2.28245233526258e-06,0,1.71183925144693e-06,2.28245233526258e-06,8.04564448180058e-05,2.05420710173632e-05,5.70613083815644e-07,4.36540599224729e-05,4.9980735273556e-05,1.26533507021661e-06,1.89800260532491e-06,6.95934288619133e-06,3.53780111965699e-05,1.71183925144693e-06,5.70613083815644e-07,7.1279485221946e-06,0.000438165684580115,0.000145506336372989,0,3.16333767554152e-06,7.59201042129964e-06,1.51840208425993e-05,5.70613083815644e-07,2.28245233526258e-06,1.15886799333202e-05,4.56490467052515e-06,2.85306541907822e-06,3.48073981127543e-05,1.42653270953911e-05,6.61911177226147e-05,0,8.55919625723466e-06,0.000263623244722828,0,1.96126935883574e-05,1.26533507021661e-06,7.59201042129964e-06,1.71183925144693e-06,1.89800260532491e-06,3.92253871767148e-05,0.000115145491389711,0.000154370878566426,1.77146909830325e-05,1.26533507021661e-06,0,0,0,0,6.32667535108303e-07,1.26533507021661e-06,0.000226253892846987,3.79600521064982e-05,3.16333767554152e-06,2.15106961936823e-05,4.56490467052515e-06,0.00021667096783772,0,5.59200822139331e-05,0,2.53067014043321e-06,1.38381585839136e-06,6.95934288619133e-06,2.28245233526258e-06,1.17624347963265e-05,6.0195989840024e-05,5.70613083815644e-06,5.69400781597473e-06,3.22660442905235e-05,8.22467795640794e-06,8.55919625723466e-05,2.28245233526258e-06,5.70613083815644e-07,0,0,4.56490467052515e-06
"PCSI_0629",9.19701494667873e-05,1.22354966031203e-06,5.97500084119039e-05,1.05484286269585e-06,4.44814840433943e-05,5.87861022599925e-07,5.87861022599925e-07,1.76358306779978e-06,9.99363738419873e-06,0.000833570456105414,1.09734057551986e-05,5.29074920339933e-06,0.000121539266257661,9.77343132170727e-05,3.22966614727481e-05,1.01962471692669e-06,6.93344807510148e-06,0.000107931543454963,2.93930511299963e-06,1.92034600715976e-05,0,0.000139323062356182,0.000143829996862782,3.9190734839995e-07,1.95767945649924e-05,3.46672403755074e-05,3.42593904887367e-05,6.46647124859918e-06,6.85837859699913e-06,2.15549041619973e-06,9.68131013737941e-05,8.23005431639895e-06,3.37040319623957e-05,6.85837859699913e-06,0.000105031169371187,0.000199101590333842,3.9190734839995e-07,2.11629968135973e-05,8.1569977354135e-07,2.75298673570206e-05,4.69027369786276e-06,1.20315716597349e-05,3.1352587871996e-06,5.99539333552892e-05,6.72952313171614e-05,0.000230913823584807,0.00021126624134721,1.95767945649924e-05,5.50597347140411e-06,1.84597500971774e-06,1.01962471692669e-06,3.81339644130581e-05,5.70989841478945e-06,1.30511963766616e-05,5.09812358463344e-06,4.69405073899654e-05,9.47182179542677e-05,2.85494920739473e-06,5.99539333552892e-05,9.79768370999875e-07,0.000170283742879778,1.01962471692669e-06,3.33121246139958e-06,5.09812358463344e-06,1.87610947914511e-05,7.91132147021888e-07,1.5090445810515e-05,5.34953530565932e-05,7.91132147021888e-06,2.63710715673963e-05,1.76358306779978e-06,2.32474435459285e-05,3.46672403755074e-05,1.67218453575977e-05,8.07329137703897e-05,2.15549041619973e-06,1.95953674199975e-06,1.6925770300983e-05,0,7.838146967999e-07
"PCSI_0633",8.45515256997614e-06,0,0.000114469757870446,7.05479814458809e-06,2.69513850915718e-05,0,0,2.99459834350798e-06,2.99459834350798e-06,0.000521060111770389,3.31742383600002e-05,2.39567867480638e-06,8.45515256997614e-06,1.30079270307325e-06,6.50396351536626e-07,0,1.30079270307325e-06,3.35395014472894e-05,0,2.39567867480638e-06,0,0.000126970969764738,0.000170692105579955,5.39027701831436e-06,6.50396351536626e-07,1.30079270307325e-06,7.80475621843952e-06,4.19243768091117e-06,2.99459834350798e-06,5.98919668701596e-07,3.53362604533942e-05,4.19243768091117e-06,2.5154626085467e-05,3.59351801220958e-06,5.98919668701596e-05,2.02825446656908e-05,1.79675900610479e-06,2.87481440976766e-05,0,1.95118905460988e-06,0,6.50396351536626e-07,1.79675900610479e-06,3.90237810921976e-06,1.17071343276593e-05,4.55277446075638e-05,4.81293300137104e-05,0,5.20317081229301e-06,9.82372037689975e-06,0,6.50396351536626e-07,1.30079270307325e-06,1.95118905460988e-06,0,0.000168433305702041,0,0,0,0,9.0436869973941e-05,0,4.79135734961277e-06,0,5.85356716382964e-06,5.56829298593496e-05,1.5609512436879e-05,7.78595569312075e-06,4.40924884036755e-06,6.87842819097339e-05,1.79675900610479e-06,3.90237810921976e-06,6.50396351536626e-07,1.95118905460988e-06,8.98379503052394e-06,5.39027701831436e-06,1.19783933740319e-06,0,0,1.19783933740319e-06
"PCSI_0636",0.000281277195717643,5.91747256067974e-07,2.87983664619747e-05,4.81106687180381e-06,1.96937766365296e-05,3.49588643956235e-05,5.57371036882914e-06,4.194060024578e-05,9.28951728138189e-07,0.000179101893185043,4.27317794943567e-06,0,1.69634213406152e-05,6.90371798745969e-06,4.73397804854379e-06,5.52297438996775e-05,2.3275392072007e-05,9.10372693575426e-06,3.71580691255276e-07,2.60106483878693e-06,1.85790345627638e-07,8.17477520761607e-06,9.47530762700953e-06,2.58248580422417e-05,1.36101868895634e-05,2.97846118887547e-05,1.06514506092235e-05,2.78685518441457e-06,2.65063649003463e-05,1.11474207376583e-06,6.44692499327903e-05,1.85790345627638e-07,0.000126151644681166,4.58902153700266e-05,0.000112303164058098,2.53214045884411e-06,8.99469730480647e-06,0.000134326419888782,1.18349451213595e-06,6.50921981674771e-06,1.57799268284793e-06,5.55986673389457e-05,1.12384116399009e-05,1.61744249991913e-05,8.14638722520244e-05,7.39684070084967e-05,0.000122294432920715,1.57799268284793e-06,7.88996341423965e-07,5.82392305534145e-06,5.72022347532374e-06,2.87983664619747e-05,4.14223079247582e-06,2.1302901218447e-05,2.68674896069946e-05,0.000475712961666303,3.74773262176383e-06,1.87386631088192e-05,3.94498170711982e-05,1.12872631938267e-05,0.00021667096783772,3.94498170711982e-07,8.09503348180828e-05,9.86245426779956e-07,2.11056521330911e-05,1.77249832119088e-06,3.21516009130266e-05,1.04042593551477e-05,1.51928427530647e-06,2.7093902909632e-05,9.28951728138189e-07,1.71606704259712e-05,5.12847621925577e-06,1.30184396334954e-05,0.000157696230929161,9.16949724016112e-06,4.08738760380803e-06,6.10714347266942e-05,1.85790345627638e-07,2.67538097703799e-05
"PCSI_0639",1.38576245481722e-06,0,8.03742223793985e-06,2.11103702934869e-06,1.43699386933037e-05,0,0,6.05050050244365e-06,1.26052093800909e-06,0.000404627221100919,2.01683350081455e-06,2.77314606362e-06,2.85467065692346e-05,4.15728736445165e-06,4.43443985541509e-06,5.54304981926886e-07,5.54304981926886e-06,9.07575075366547e-06,0,8.24380693457947e-05,2.52104187601819e-07,0.000422526618420648,0.000108909009043986,2.26893768841637e-06,7.20596476504952e-06,3.40897563885035e-05,4.24043311174068e-05,1.51262512561091e-06,4.28577118923092e-06,7.56312562805456e-07,3.78156281402728e-06,8.31943819086001e-06,4.0336670016291e-06,3.27735443882364e-06,2.29414810717655e-05,3.51839504891449e-06,0,2.218516850896e-05,8.31457472890329e-07,2.49437241867099e-06,1.10860996385377e-06,0,5.04208375203637e-07,5.29361257740176e-05,5.8202023102323e-06,0.000102823574147437,9.256893198179e-05,1.66291494578066e-06,2.77152490963443e-07,9.49966663206912e-06,2.77152490963443e-07,2.02321318403313e-05,4.43443985541509e-06,1.38576245481722e-06,1.10860996385377e-06,3.34247529646876e-05,8.59172721986673e-06,5.54304981926886e-07,1.38576245481722e-06,3.02525025122182e-06,6.12613175872419e-05,0,5.54629212724001e-06,1.38576245481722e-06,1.10860996385377e-05,3.51839504891449e-06,6.37450729215919e-06,7.56312562805456e-07,0.000149883629083757,4.11652220722995e-05,3.52945862642546e-06,4.43443985541509e-06,1.66291494578066e-06,1.66291494578066e-06,7.6387568843351e-05,1.76472931321273e-06,3.52945862642546e-06,3.8801348734882e-06,2.52104187601819e-07,0
"PCSI_0642",0.000277604795810418,0,5.04735992382579e-05,1.62120668034425e-06,8.44620486989403e-05,5.63080324659602e-06,1.32640385284787e-05,6.25644805177336e-07,1.36525259974829e-05,0.000252760501291644,3.31742383600002e-05,2.50257922070934e-06,0.000223849996789359,9.77343132170727e-05,3.22966614727481e-05,0,0,0.000107931543454963,6.25644805177336e-07,6.25644805177336e-07,0,0.000205211496098166,0.000233991157136324,4.72772267507764e-05,2.8501302473598e-05,6.4060894249325e-05,6.20688855497496e-05,0,6.25644805177336e-07,6.25644805177336e-07,4.37951363624135e-06,1.87693441553201e-06,1.93949889604974e-05,1.87693441553201e-06,6.25644805177336e-05,2.75605135658522e-05,1.25128961035467e-06,2.00206337656747e-05,6.13868098843677e-06,2.04622699614559e-05,1.36415133076373e-06,2.72830266152745e-05,6.25644805177336e-07,3.81962372613844e-05,0.000106575854621547,0.000124137771099499,0.000261234979841254,1.15952863114917e-05,6.82075665381863e-06,2.43181002051637e-06,0,1.9780194296074e-05,4.63811452459667e-05,4.91094479074942e-05,2.04622699614559e-06,0.000475712961666303,6.07047342189858e-05,8.18490798458236e-06,5.18377505690216e-05,0,7.69543110368123e-05,2.04622699614559e-06,2.50257922070934e-06,3.41037832690932e-06,1.56877403037829e-05,2.43181002051637e-06,4.09245399229118e-05,6.25644805177336e-07,8.10603340172124e-06,1.78332734837867e-05,7.50773766212803e-06,4.024246425753e-05,3.95689321217176e-05,1.15952863114917e-05,1.00103168828374e-05,1.25128961035467e-06,1.87693441553201e-06,1.09132106461098e-05,0,0
"PCSI_0645",0.000208855770785083,2.04359853997146e-07,0.000117711275902356,7.01002091037945e-05,5.75626374759245e-05,3.18901022950244e-05,2.2062334921086e-06,4.194060024578e-05,2.80793353541095e-06,2.9483302121815e-05,6.61870047632581e-06,1.20340008660469e-06,0.000210695009471057,8.64442182407927e-05,1.55313489037831e-05,1.02179926998573e-05,6.13079561991438e-06,1.34379676337524e-05,6.21756711412425e-06,2.56725351809001e-05,0,7.96249723970105e-05,3.71048360036447e-05,1.80510012990704e-06,2.8501302473598e-05,6.4060894249325e-05,4.65940467113493e-05,3.00850021651173e-06,1.06300340983415e-05,1.15886799333202e-05,9.62720069283754e-06,2.2062334921086e-06,0.000100684473912593,0.000298911127284721,9.34640733929645e-05,3.41952239530705e-07,8.99469730480647e-06,0.000147416510609075,4.49591678793721e-06,1.98229058377232e-05,2.2479583939686e-06,4.9046364959315e-06,2.2062334921086e-06,8.5422418970807e-05,5.84469182431837e-05,0.000230913823584807,0.000292833975375892,3.14579212681185e-05,1.38964700718059e-05,1.02585671859211e-06,8.17439415988584e-07,8.99183357587442e-06,1.34877503638116e-05,1.08310722618487e-05,1.6757508027766e-05,4.03503642646232e-05,6.49864335710924e-05,2.60436879369994e-05,1.20572313858316e-05,8.02266724403129e-07,1.7449301255768e-05,2.04359853997146e-07,2.00566681100782e-07,5.10899634992865e-06,1.47139094877945e-05,6.8390447906141e-06,1.77793072977517e-05,1.1031167460543e-05,6.8390447906141e-06,6.0183594157404e-05,2.2062334921086e-06,1.63487883197717e-05,2.2479583939686e-05,8.58311386788013e-06,2.54719684997993e-05,8.02266724403129e-07,2.2062334921086e-06,2.45231824796575e-06,0,1.20340008660469e-06
"PCSI_0653",3.93933354066034e-05,2.50997340574166e-06,0.000257347313977238,1.27701982394494e-06,6.56746449915688e-05,0,3.521428685875e-07,7.74714310892501e-06,1.36525259974829e-05,0.000375736440782863,6.33857163457501e-06,5.83162916482937e-06,0.000206724659197955,2.74669127605675e-05,2.24072183046735e-05,5.05969445589401e-06,6.32461806986751e-06,4.98282159051313e-05,1.40857147435e-06,5.28214302881251e-06,1.23250004005625e-06,0.000196495720671825,0.000188220363260019,7.04285737175001e-07,2.15037014375495e-05,6.4060894249325e-05,6.39255016192998e-05,7.74714310892501e-06,9.86000032045001e-06,8.62750028039376e-06,3.82075012417438e-05,2.02482149437813e-05,0.000110572860736475,3.69750012016875e-06,0.000112303164058098,0.000155796418521283,4.40178585734375e-06,8.36339312895313e-05,2.16844048109743e-06,4.87899108246922e-06,3.43336409507094e-06,7.7702450572658e-06,1.7607143429375e-06,9.19780170732161e-05,8.60148057501982e-05,0.000192629796070822,0.000222987962806186,1.28299395131598e-05,4.93072694729546e-05,1.02161585915595e-06,4.33688096219487e-06,8.81832462312956e-05,1.80703373424786e-07,3.79477084192051e-06,1.13843125257615e-05,0.000475712961666303,2.33107351717974e-05,9.39657541808888e-06,2.58405823997444e-05,3.8735715544625e-06,8.76835742782876e-05,1.44562698739829e-06,6.00403590941688e-05,4.15617758877008e-06,1.71668204753547e-05,5.87429119014672e-06,6.70537993159876e-05,1.00360717547438e-05,1.78782775352291e-06,1.35364101338164e-05,1.0564286057625e-06,5.57037267728113e-05,8.67376192438973e-06,8.67376192438973e-06,8.18732169465938e-05,5.98642876598751e-06,1.30285068072427e-05,1.89738542096025e-05,0,9.15571458327501e-06
"PCSI_0676",2.51105102053139e-05,1.9168328401003e-07,7.85901464441121e-06,5.99382785576553e-06,1.32806436095019e-05,6.08696165435502e-06,5.53360150395911e-07,8.48485563940396e-06,4.05797443623668e-06,0.000226139848128462,3.32016090237546e-06,5.53360150395911e-07,0.00013091968297885,3.10526920096248e-05,4.21703224822065e-06,3.2586158281705e-06,1.72514955609027e-06,5.71805488742441e-06,1.84453383465304e-07,3.87352105277138e-06,1.29117368425712e-06,0.000438165684580115,0.000128564008275317,4.79578797009789e-06,6.32554837233098e-06,1.13093137565917e-05,2.37687272172437e-05,6.27141503782032e-06,9.22266917326518e-06,1.15886799333202e-05,1.84453383465304e-06,1.84453383465304e-07,6.64032180475093e-05,5.90250827088971e-06,4.70356127836524e-05,0.000170574351061994,7.37813533861214e-07,0.000343452200012395,2.30019940812036e-06,3.45029911218053e-06,1.9168328401003e-07,5.55881523629086e-06,1.66008045118773e-06,1.9360011685013e-05,4.04451729261163e-05,5.23295365347381e-05,0.000173090005461057,1.07342639045617e-05,1.53346627208024e-06,1.24871413661782e-06,3.64198239619056e-06,9.41445086939676e-05,1.34178298807021e-06,2.68356597614042e-06,1.15009970406018e-06,0.000118128357324046,3.54614075418555e-05,1.9168328401003e-06,1.36095131647121e-05,3.68906766930607e-07,6.06851631600849e-05,1.9168328401003e-07,6.36364172955297e-05,9.58416420050148e-07,8.05069792842125e-06,5.99382785576553e-06,3.77616069499758e-05,3.32016090237546e-06,0.000179762293383797,8.49125612900116e-05,1.47562706772243e-06,1.9360011685013e-05,6.13386508832095e-06,1.64847624248625e-05,0.000157696230929161,1.47562706772243e-06,2.95125413544486e-06,3.68031905299257e-05,1.11175534466566e-06,7.87615947396846e-05
"PCSI_0694",1.24739806846445e-05,4.02386473698209e-07,1.58942657110793e-05,2.64010091521738e-07,2.85638985836877e-06,0,0,8.18831759399046e-06,1.90425990557918e-07,2.01851549991393e-05,3.80851981115835e-07,1.71383391502126e-06,4.64756377121432e-05,2.61551207903836e-05,1.10656280267008e-05,1.20715942109463e-06,8.4501159476624e-06,5.71277971673753e-07,0,8.24774681057557e-05,0,3.2372418394846e-06,7.61703962231671e-06,1.90425990557918e-07,6.43818357917135e-06,1.85097777901176e-05,2.57527343166854e-05,2.09468589613709e-06,2.28511188669501e-06,0,9.68131013737941e-05,0,4.95107575450586e-06,1.96138770274655e-05,6.4744836789692e-06,0.000151277782441956,0,8.95002155622213e-06,4.02386473698209e-07,1.04620483161534e-05,1.20715942109463e-06,5.83460386862404e-06,7.61703962231671e-07,5.87484251599386e-05,4.02386473698209e-05,0.000119508782688368,0.000150894927636829,9.65727536875702e-06,8.6513091845115e-06,2.64010091521738e-07,0,9.45608213190792e-06,4.02386473698209e-07,1.66990386584757e-05,2.68674896069946e-05,2.03287770471739e-05,2.35396087113452e-05,1.40835265794373e-06,1.30775603951918e-05,0,1.90425990557918e-07,0,4.37979778283211e-06,4.62744444752941e-06,1.58942657110793e-05,2.64010091521738e-07,3.42028502643478e-06,1.90425990557918e-06,7.04906944363041e-05,1.32005045760869e-05,1.90425990557918e-07,6.23699034232224e-06,1.64978454216266e-05,2.81670531588747e-06,0.000157696230929161,3.80851981115835e-07,5.71277971673753e-07,1.50894927636829e-05,1.11175534466566e-06,1.35202453296122e-05
"PCSI_0710",0.000485616643025549,0,7.67123961804464e-05,1.31644069877685e-05,3.57920641336807e-05,2.19026064101628e-05,1.06841982488599e-06,7.47893877420194e-06,2.84911953302931e-06,0.00010523935275127,3.56139941628664e-06,5.34209912442995e-07,1.59214407166964e-05,1.19410805375223e-05,1.2845707850971e-05,3.72706453140848e-05,1.62832916420759e-06,2.84911953302931e-06,6.93606187862043e-06,2.84911953302931e-06,1.78069970814332e-07,1.74508571398045e-05,3.06280349800651e-05,1.05061282780456e-05,1.33884842390402e-05,3.63660180006361e-05,1.24838569255915e-05,8.36928862827359e-06,8.72542856990226e-06,1.15886799333202e-05,3.3833294454723e-06,5.34209912442995e-07,5.60920408065145e-05,1.95876967895765e-06,9.02814752028662e-05,1.01264669136681e-06,2.49297959140065e-06,4.96815218571986e-05,1.99018008958705e-06,1.23029314629018e-05,2.53295647765625e-06,5.13828314038839e-05,1.12384116399009e-05,4.17937818813281e-05,4.41458128962946e-05,4.34221110455357e-05,7.05609304489955e-05,1.99018008958705e-06,3.43758379110491e-06,9.82372037689975e-06,1.51001089840171e-05,7.21892596132031e-05,2.04445772839397e-05,5.61920958176839e-05,1.0131825910625e-05,2.86072690311123e-05,1.15792296121428e-05,1.73688444182143e-05,1.42931115524888e-05,1.12872631938267e-05,1.38894577235179e-05,3.25665832841518e-06,1.10403381904886e-05,5.60868934338169e-06,3.29284342095312e-05,5.56829298593496e-05,6.70537993159876e-05,7.12279883257327e-07,3.29110174694212e-06,2.55693289570119e-05,5.34209912442995e-07,1.4835887940558e-05,8.86534767179687e-06,7.23701850758928e-06,0.000157696230929161,4.62981924117263e-06,3.02718950384364e-06,2.69578939407701e-05,3.56139941628664e-07,6.05437900768728e-05
"PCSI_0729",3.54394380818265e-05,0,8.1630166368252e-05,0.000273761857089661,4.8723571614976e-05,2.58382576746085e-06,5.35221051831176e-06,8.67427221933285e-06,2.03014881729067e-06,0.000112211861901157,5.72132848509188e-06,0,7.10779741304048e-05,1.25431719053656e-05,2.46881478772274e-05,5.97293900255502e-07,1.65251312404022e-05,1.10735390034036e-06,1.66103085051055e-06,5.53676950170182e-06,6.82868238543224e-06,7.88066859075559e-05,3.19287041264805e-05,9.22794916950303e-07,2.8501302473598e-05,6.4060894249325e-05,1.87152088746724e-05,1.43956007044247e-05,2.1224283089857e-05,5.72132848509188e-06,1.66103085051055e-06,1.12580979867937e-05,0.000391283248974275,1.8271339355616e-05,8.13905116750167e-05,2.57736276509787e-07,5.53676950170182e-07,0.000103537589681824,2.98646950127751e-06,9.3576044373362e-06,1.194587800511e-06,2.46881478772274e-05,2.58382576746085e-06,1.77197190409132e-05,1.37377597058766e-05,0.000230913823584807,0.000292833975375892,2.11043844756944e-05,1.99097966751834e-05,1.28868138254893e-06,0,1.35386617391247e-05,9.95489833759171e-07,2.78737153452568e-06,4.77835120204402e-06,2.0618902120783e-06,2.28962661764609e-05,1.11494861381027e-05,4.14123770843815e-05,8.67427221933285e-06,7.47463882729745e-05,3.98195933503668e-07,3.87573865119127e-06,1.99097966751834e-06,2.28962661764609e-05,0,1.03530942710954e-05,2.1224283089857e-05,0,5.41246180670553e-06,1.10735390034036e-06,4.45979445524108e-05,1.33395637723729e-05,1.93200969415321e-05,6.29346133360107e-05,7.0132413688223e-06,1.03353030698434e-05,1.03530942710954e-05,0,6.18272594356703e-05
"PCSI_0780",0.000485616643025549,2.39165046124175e-07,1.21974173523329e-05,9.40605228621092e-05,1.99364867834384e-05,2.21516519815982e-07,1.12973425106151e-05,1.57276729069347e-05,1.32909911889589e-06,0.000278224748888873,5.98094603503151e-06,0,0.000107863435802003,9.77343132170727e-05,3.22966614727481e-05,2.98956307655219e-05,3.58747569186262e-06,1.08543094709831e-05,2.21516519815982e-07,1.55061563871187e-05,2.87971475760776e-06,0.000354426431705571,0.000230820213648253,4.65184691613562e-06,4.7833009224835e-06,3.58747569186262e-06,1.05232620294637e-05,6.86701211429544e-06,2.65063649003463e-05,0,3.98729735668767e-06,9.7467268719032e-06,3.25629284129493e-05,1.92719372239904e-05,4.18666222452206e-05,8.26207295410419e-06,8.86066079263927e-07,0.000309680094702743,7.4209473785573e-06,4.4156097141668e-05,5.12752641451688e-06,5.55986673389457e-05,4.65184691613562e-06,2.91781356271493e-05,7.6532814759736e-05,0.000122930833707826,0.000233903415109443,1.93723687360582e-05,1.9133203689934e-06,8.5798449908005e-06,1.51001089840171e-05,4.80721742709592e-05,4.30497083023515e-06,4.20930481178548e-05,1.17190872600846e-05,0.000326669653723812,8.63385816508272e-05,1.67415532286922e-05,4.47238636252207e-05,1.99364867834384e-06,7.11068028609302e-05,1.43499027674505e-06,7.97459471337534e-05,5.02246596860767e-06,3.6831417103123e-05,1.27108814678526e-06,4.97463295938284e-05,2.21516519815982e-05,2.85994833026683e-06,1.62063738715121e-05,8.86066079263927e-07,2.8699805534901e-05,3.80272423337438e-05,5.97912615310437e-06,0.000157696230929161,9.16949724016112e-06,1.06327929511671e-05,5.93129314387954e-05,4.43033039631964e-07,5.64867125530754e-05
"PCSI_0807",3.35445726558671e-06,3.04950660507883e-07,4.26930924711036e-06,8.18408368498371e-06,1.55131578489139e-05,3.165950581411e-07,9.49785174423298e-07,4.02075723839196e-05,1.2663802325644e-06,0.000178876207849721,2.8493555232699e-06,9.49785174423298e-07,8.23366783371284e-06,5.79406254964978e-06,9.45347047574438e-06,3.04950660507883e-07,1.52475330253942e-06,1.74127281977605e-05,3.165950581411e-07,5.06552093025759e-06,3.165950581411e-07,0.000363451126745982,0.000287761160684722,3.48254563955209e-05,1.21980264203153e-06,1.8297039630473e-06,6.09901321015766e-06,4.74892587211649e-06,5.38211598839869e-06,0,1.39301825582084e-05,3.165950581411e-07,3.48254563955209e-06,2.31114392443003e-05,1.5829752907055e-05,7.45660957965182e-05,0,4.02075723839196e-05,2.74455594457095e-06,1.21980264203153e-06,6.09901321015766e-07,6.09901321015766e-07,0,1.09782237782838e-05,4.48277470946588e-05,7.3188158521892e-05,7.80673690900181e-05,0,6.09901321015766e-07,0,0,2.74455594457095e-06,6.09901321015766e-07,3.04950660507883e-07,0,0.000152769562119696,3.04950660507883e-06,0,1.8297039630473e-06,0,4.43233081397539e-06,3.04950660507883e-07,1.5829752907055e-06,0,5.18416122863401e-06,3.63737052665943e-06,4.87921056812613e-06,1.8995703488466e-06,1.36401394749728e-06,1.36401394749728e-05,1.2663802325644e-06,2.74455594457095e-06,3.04950660507883e-06,1.52475330253942e-06,3.26092909885332e-05,1.2663802325644e-06,3.16595058141099e-06,7.92871717320496e-06,1.11175534466566e-06,6.33190116282199e-07
"PCSI_0808",0.000485616643025549,0,7.11196665435901e-06,3.01474263964288e-06,1.61354083468467e-05,3.49588643956235e-05,7.12959903697879e-06,6.37911492782313e-06,2.4390733547559e-06,1.21953667737795e-05,3.5647995184894e-06,5.62863081866747e-07,1.28410509037038e-05,6.71685739578351e-06,1.9755462928775e-06,6.93890261408957e-05,5.92663887863251e-07,1.68858924560024e-06,1.50096821831132e-06,7.50484109155662e-07,2.06383130017807e-06,9.47486187809024e-05,1.66982714287135e-05,4.72772267507764e-05,4.93886573219376e-06,6.91441202507126e-06,7.70463054222226e-06,4.69052568222289e-06,1.40715770466687e-05,5.62863081866747e-07,1.68858924560024e-06,0,0.000152911137240466,0.000121578425683217,3.00193643662265e-05,8.22202538084422e-07,3.75242054577831e-06,0.000505760615896373,0,3.35842869789176e-06,1.1853277757265e-06,1.77799166358975e-06,1.12384116399009e-05,1.580437034302e-06,1.14581684986895e-05,3.35842869789176e-05,2.90405305052993e-05,1.9755462928775e-06,1.9755462928775e-07,1.91847258886365e-06,1.51001089840171e-05,9.41445086939676e-05,5.28898296872538e-05,5.61920958176839e-05,5.72908424934476e-06,8.44127939100006e-05,1.14581684986895e-05,6.71685739578351e-06,2.17310092216525e-06,9.38105136444578e-07,2.62669438204482e-06,1.9755462928775e-07,1.08820195827571e-05,3.95109258575501e-07,1.44214879380058e-05,4.93321522850653e-06,6.70537993159876e-05,9.38105136444578e-07,1.50737131982144e-05,0.000215417064978118,1.87621027288916e-07,2.56821018074075e-06,2.17310092216525e-06,4.93886573219376e-06,1.51973032104022e-05,2.62669438204482e-06,3.75242054577831e-07,1.54092610844445e-05,0,0.000105001508747529
"PCSI_0809",0.000485616643025549,1.50072072112632e-06,3.90187387492843e-05,2.31991409100353e-05,7.79747986189961e-05,3.49588643956235e-05,1.32640385284787e-05,4.194060024578e-05,9.23872021552087e-07,0.00038082004728377,4.43458570345002e-06,5.83162916482937e-06,6.20923198366015e-05,1.91341891943606e-05,2.04473198253461e-05,6.93890261408957e-05,7.31601351549081e-06,8.68439700258961e-06,1.66296963879376e-06,8.24774681057557e-05,7.39097617241669e-07,0.000233924395856988,0.000123429302079359,4.72772267507764e-05,7.6911936957724e-06,2.72005630704146e-05,2.64502027098514e-05,1.86622148353521e-05,2.65063649003463e-05,1.15886799333202e-05,1.86622148353521e-05,2.80857094551834e-05,0.000391283248974275,0.000205284363188874,0.000112303164058098,0.000269363225884702,6.65187855517502e-06,0.00050036908687261,2.81385135211185e-06,1.10678153183066e-05,1.68831081126711e-06,1.74458783830935e-05,1.12384116399009e-05,2.13852702760501e-05,3.28282657746383e-05,8.08513288506805e-05,7.42856756957529e-05,4.50216216337896e-06,1.63203378422487e-05,4.1242917173396e-06,1.51001089840171e-05,5.60894369520962e-05,5.28898296872538e-05,5.61920958176839e-05,9.5670945971803e-06,0.000256994927636724,2.79509234309777e-05,1.53823873915448e-05,3.4891756766187e-05,1.47819523448334e-06,4.15742409698439e-05,1.8759009014079e-07,5.91278093793335e-06,3.00144144225264e-06,2.02597297352053e-05,5.56829298593496e-05,3.18903153239343e-05,1.58905987706959e-05,0.000179762293383797,0.000163682827531916,9.23872021552087e-07,2.15728603661909e-05,2.40115315380211e-05,9.00432432675792e-06,3.52919112232897e-05,9.16949724016112e-06,9.23872021552087e-06,2.73881531605554e-05,0,2.90095814767355e-05
"PCSI_0810",0.000126473173143799,1.8409486629374e-07,3.16643170025232e-05,0.000273761857089661,2.1295372675233e-05,2.69741387219618e-05,1.32640385284787e-05,3.63795949868563e-05,1.36525259974829e-05,5.16412787374399e-05,3.54922877920549e-07,0,4.14213449160914e-05,8.10017411692454e-06,1.63844431001428e-05,1.04934073787432e-05,1.96981506934301e-05,5.50130460776852e-06,3.54922877920549e-07,3.54922877920549e-06,2.66192158440412e-06,2.62642929661207e-05,6.92099611945071e-06,2.64417544050809e-05,2.8501302473598e-05,6.4060894249325e-05,1.8409486629374e-05,8.34068763113291e-06,1.13575320934576e-05,1.24223007272192e-06,1.77461438960275e-06,1.77461438960275e-07,6.76128082438647e-05,0.000235491329500285,5.7497506223129e-05,7.87443577127558e-06,3.54922877920549e-07,0.000109138784960569,6.25922545398714e-06,1.38071149720305e-05,3.68189732587479e-06,2.6141471013711e-05,5.32384316880824e-06,1.96981506934301e-05,3.00074632058795e-05,0.000230913823584807,0.000122607180951631,5.70694085510593e-06,9.20474331468698e-06,5.58830925703428e-06,1.28866406405618e-06,4.89692344341347e-05,2.02504352923114e-06,1.45434944372054e-05,2.68674896069946e-05,0.000128277098854651,2.57732812811235e-05,2.60436879369994e-05,1.3438925239443e-05,6.21115036360962e-06,2.27150641869152e-05,1.8409486629374e-07,7.27591899737126e-06,1.07825398612992e-05,3.70758065347305e-05,1.2954716914034e-05,6.20399699409902e-05,5.89987213390597e-05,7.62042171413766e-07,1.49868293711374e-05,1.77461438960275e-07,1.43593995709117e-05,4.78646652363723e-06,1.93200969415321e-05,2.23601413089946e-05,7.09845755841099e-07,7.98576475321236e-06,1.01252176461557e-05,3.54922877920549e-07,4.36555139842276e-05
"PCSI_0811",0.000135014505690694,1.30179275459347e-06,5.13278286096853e-05,0.000273761857089661,2.87794472488215e-05,3.49588643956235e-05,2.73222600463495e-06,4.194060024578e-05,2.18578080370796e-06,0.000833570456105414,3.46081960587093e-06,2.00363240339896e-06,4.40749832626646e-05,1.0042401249721e-05,3.22966614727481e-05,2.41761511567358e-06,5.02120062486052e-06,5.3005184489918e-05,9.10742001544983e-07,6.37519401081488e-06,7.28593601235986e-07,0.000262111548044646,0.000153186804659866,2.78687052472765e-05,1.07862828237745e-05,1.65513650226884e-05,1.65513650226884e-05,6.73949081143287e-06,1.65755044281187e-05,3.64296800617993e-07,3.53367896599453e-05,2.83822063489015e-05,1.16574976197758e-05,2.78687052472765e-05,7.12200245208177e-05,0.000145421198788191,9.10742001544983e-07,9.61743553631502e-05,9.29851967566763e-07,5.57911180540058e-06,2.97552629621364e-06,1.3203897939448e-05,1.63933560278097e-06,1.56215130551216e-05,5.98824667112996e-05,0.000174068288328498,0.000224466264970617,5.20717101837387e-06,2.97552629621364e-06,6.2101579553676e-06,4.64925983783382e-06,6.88090455999405e-05,5.28898296872538e-05,6.88090455999405e-06,9.48449006918099e-06,0.000312319193838695,6.13702298594064e-06,1.11582236108012e-06,1.45056906940415e-05,4.73585840803391e-06,0.000118396460200848,7.43881574053411e-07,1.76683948299727e-05,1.30179275459347e-06,2.17585360410623e-05,5.56829298593496e-05,2.19445064345756e-05,4.17119836707602e-05,2.45818752399967e-05,0.000310404372082034,2.36792920401695e-06,1.24600163653946e-05,1.0042401249721e-05,5.20717101837387e-06,8.30596705409024e-05,2.91437440494394e-06,1.63933560278097e-06,2.15725656475489e-05,1.82148400308997e-07,5.4644520092699e-07
"PCSI_0822",1.33505435260566e-05,2.50997340574166e-06,9.11227574000685e-05,4.5291649918192e-06,0.000106864665971726,2.06683738743487e-07,0,7.8539820722525e-06,2.48020486492184e-06,0.000833570456105414,2.89357234240882e-06,8.26734954973948e-07,0.000114433230223342,3.05155280595578e-05,1.99198585944336e-05,6.35740167907455e-07,1.69530711441988e-05,9.09408450471342e-05,0,6.20051216230461e-06,2.06683738743487e-07,0.000272409167663916,9.94148783356172e-05,2.68688860366533e-06,1.12314096330317e-05,4.11111975246821e-05,3.26346619525827e-05,1.75681177931964e-05,7.64729833350901e-06,1.03341869371743e-06,9.68131013737941e-05,2.19084763068096e-05,1.03341869371743e-05,1.44678617120441e-06,7.48195134251422e-05,0.000269363225884702,2.06683738743487e-07,1.77748015319399e-05,7.41696862558697e-06,2.1403252319551e-05,1.27148033581491e-06,2.98797878916504e-05,1.6534699099479e-06,8.60368360568089e-05,5.84880954474859e-05,0.000230913823584807,0.000292833975375892,1.65292443655938e-05,2.30985594339709e-05,5.0953106157966e-06,0,4.45018117535218e-06,2.11913389302485e-07,6.35740167907455e-07,5.08592134325964e-06,3.00057180708022e-05,3.85682368530523e-05,1.48339372511739e-06,2.35223862125758e-05,2.89357234240882e-06,6.20051216230461e-06,2.33104728232733e-06,4.34035851361322e-06,7.20505523628449e-06,1.88602916479212e-05,2.5476553078983e-06,1.08075828544267e-05,7.02724711727855e-06,0.000179762293383797,0.000119173653847243,4.13367477486974e-06,3.34823155097926e-05,1.63173309762913e-05,1.65292443655938e-05,2.99691421178056e-05,7.02724711727855e-06,8.47403328848296e-06,3.05155280595578e-05,0,5.58046094607415e-06
"PCSI_0826",0.000485616643025549,6.56442789041607e-07,0.000202184379024815,0.000273761857089661,2.97731964731168e-05,3.49588643956235e-05,1.32640385284787e-05,4.194060024578e-05,1.21987402216242e-05,0.000121780643907401,1.11649486774188e-05,4.13516617682177e-07,4.0043010131538e-05,2.05685407233037e-05,1.92556551452205e-05,6.93890261408957e-05,2.72147684304436e-05,2.89461632377524e-05,3.7216495591396e-06,1.30257734569886e-05,7.1279485221946e-06,0.000127363118246111,9.77966800818349e-05,4.72772267507764e-05,2.40695689315256e-05,6.4060894249325e-05,5.38283087014117e-05,6.40950757407375e-06,2.65063649003463e-05,5.16895772102722e-06,2.39839638255663e-05,1.03379154420544e-06,0.000391283248974275,0.000127776634863793,0.000112303164058098,7.3144265446563e-05,8.99469730480647e-06,0.000505760615896373,2.40695689315256e-06,1.96932836712482e-05,1.75051410411095e-06,5.55986673389457e-05,1.12384116399009e-05,8.42434912603395e-05,8.40246769973257e-05,0.000230913823584807,0.000292833975375892,1.20347844657628e-05,3.93865673424964e-06,9.82372037689975e-06,1.51001089840171e-05,9.41445086939676e-05,5.28898296872538e-05,5.61920958176839e-05,2.68674896069946e-05,0.000287413937166494,2.10061692493314e-05,2.51636402465949e-05,2.82270399287891e-05,1.12872631938267e-05,0.00021667096783772,1.31288557808321e-06,8.09503348180828e-05,7.0020564164438e-06,3.70758065347305e-05,5.56829298593496e-05,6.54254646411468e-05,5.89987213390597e-05,1.11867700094743e-05,0.000310404372082034,9.0973655890079e-06,2.60388972986504e-05,1.11595274137073e-05,1.93200969415321e-05,0.000111649486774188,9.16949724016112e-06,2.68785801493415e-06,6.10714347266942e-05,4.13516617682177e-07,0.000105001508747529
"PCSI_0827",0.000485616643025549,1.96479635082303e-07,7.99672114784975e-05,0.000273761857089661,5.96516344547841e-05,1.26077587017998e-05,6.02161609638199e-06,4.194060024578e-05,9.40877515059685e-07,0.000114787056837282,1.31722852108356e-06,5.83162916482937e-06,7.8984813303086e-05,4.3421999353189e-05,1.00204613891975e-05,6.93890261408957e-05,5.50142978230449e-06,1.59949177560147e-05,5.26891408433424e-06,4.38448922017813e-05,0,0.000123819480981855,9.40877515059685e-05,6.39796710240586e-06,2.41669951151233e-05,4.42079178935183e-05,1.86655653328188e-05,1.03496526656565e-05,1.29841097078237e-05,6.20979159939392e-06,4.32803656927455e-06,7.90337112650136e-06,0.000391283248974275,2.9919904978898e-05,8.75016089005507e-05,5.25911667876264e-06,8.99469730480647e-06,0.000109706318255959,4.51903160689298e-06,6.87678722788062e-06,2.35775562098764e-06,6.87678722788062e-06,1.05378281686685e-05,2.43634747502056e-05,4.83339902302466e-05,0.000107277880754938,8.7433437611625e-05,1.47359726311728e-05,1.45394929960904e-05,7.88867501814395e-06,7.46622613312753e-06,5.2460062566975e-05,2.82930674518517e-05,3.0454343437757e-05,2.3970515480041e-05,0.000357356978321921,5.91403701597733e-05,2.60436879369994e-05,1.37535744557612e-05,9.40877515059685e-07,3.76351006023874e-06,1.96479635082303e-07,6.77431810842974e-06,3.34015379639916e-06,1.67007689819958e-05,7.88867501814395e-07,2.45599543852879e-05,5.0807385813223e-06,1.13071008593397e-05,1.3936659198721e-05,1.88175503011937e-07,1.47359726311728e-05,1.47359726311728e-05,6.87678722788062e-06,0.000157696230929161,1.5054040240955e-06,3.19898355120293e-06,1.39500540908435e-05,0,3.36834150391367e-05
"PCSI_0835",5.51470886392131e-06,0,1.31379828816949e-05,1.47082760527694e-06,9.47894851919866e-07,7.89912376599888e-07,3.79157940767947e-06,2.36973712979967e-06,0,1.4218422778798e-06,4.73947425959933e-07,0,8.27206329588197e-06,9.73183917162585e-06,2.27076247337936e-06,4.86591958581293e-07,3.24394639054195e-07,5.7031673590512e-05,7.89912376599888e-07,0,0,3.79157940767947e-06,2.05377217915971e-06,5.52938663619922e-06,8.10986597635487e-07,3.24394639054195e-06,4.86591958581293e-06,6.31929901279911e-07,2.36973712979967e-06,6.31929901279911e-07,7.109211389399e-06,0,1.26385980255982e-05,0.000298911127284721,1.3902457828158e-05,7.35413802638469e-07,6.31929901279911e-07,3.17544775393155e-05,1.13538123668968e-06,1.9950270301833e-05,6.4878927810839e-07,1.57331399941285e-05,3.15964950639955e-07,3.24394639054195e-07,3.63321995740698e-05,6.4878927810839e-06,1.97880729823059e-05,1.94636783432517e-06,8.10986597635487e-07,3.67706901319234e-06,1.62197319527097e-07,3.24394639054195e-07,3.24394639054195e-07,0,1.62197319527097e-07,9.80551736851291e-06,1.26513909231136e-05,4.86591958581293e-07,1.20026016450052e-05,1.57982475319978e-07,5.52938663619922e-06,1.62197319527097e-07,2.05377217915971e-06,0,7.62327401777358e-06,1.71596553948976e-06,5.67690618344841e-06,2.8120880606956e-05,4.90275868425646e-07,0.000310404372082034,1.57982475319978e-07,5.02811690534002e-06,7.13668205919229e-06,6.1634981420297e-06,1.97478094149972e-05,6.31929901279911e-07,3.15964950639955e-07,2.43295979290646e-06,0,3.15964950639955e-06
"PCSI_0836",1.37405075993335e-05,0,0.000257347313977238,2.61380165688887e-06,1.0566900241683e-05,0,1.99375476258169e-07,1.19625285754901e-06,1.99375476258169e-06,0.000833570456105414,1.35575323855555e-05,3.98750952516338e-07,0.00017737746173685,9.77343132170727e-05,1.9778003362677e-05,1.04094754540405e-06,1.33241285811718e-05,2.39250571509803e-05,1.99375476258169e-07,1.59500381006535e-06,0,8.65289566960453e-05,3.03050723912417e-05,5.98126428774507e-07,1.68633502355456e-05,3.2893942434768e-05,3.20611843984447e-05,1.15637776229738e-05,2.65063649003463e-05,2.79125666761436e-06,6.08095202587415e-05,3.58875857264704e-06,7.97501905032676e-07,1.79437928632352e-06,5.18376238271239e-05,1.48986694442666e-05,0,3.01056969149835e-05,4.37197969069701e-06,3.64331640891418e-05,3.74741116345458e-06,5.55986673389457e-05,1.79437928632352e-06,0.000115261427499124,1.66551607264648e-05,0.000108258544722021,9.07706259592332e-05,3.14579212681185e-05,4.93072694729546e-05,1.04552066275555e-06,0,6.03749576334349e-06,2.0818950908081e-07,3.12284263621215e-06,1.66551607264648e-06,3.89456446876442e-05,9.47182179542677e-05,7.28663281782835e-06,7.19310526038358e-05,4.78501143019605e-06,2.19313023883986e-05,0,1.19625285754901e-06,5.62111674518187e-06,3.53922165437377e-06,3.13656198826664e-06,2.70646361805053e-06,3.98750952516338e-07,2.11717934207998e-05,0.000310404372082034,0,4.12215227980004e-05,3.95689321217176e-05,6.87025379966673e-06,4.8448240730735e-05,4.98438690645422e-06,1.39562833380718e-06,7.28663281782835e-06,1.11175534466566e-06,0
"PCSI_0841",0.000485616643025549,0,3.50539717476357e-05,7.67575168636265e-06,1.64922044684979e-05,2.03836235003907e-06,1.03771174183807e-05,1.09330344229368e-05,1.8530566818537e-06,3.48374656188496e-05,9.26528340926851e-07,5.5591700455611e-07,3.25907196788829e-05,2.17903067620438e-05,1.04214510601079e-05,6.93890261408957e-05,1.21267794153983e-05,5.37386437737573e-06,1.29713967729759e-06,9.26528340926851e-07,1.66775101366833e-06,0.00024015614596824,4.37321376917474e-05,1.59362874639418e-05,8.90560363318311e-06,2.16008258336782e-05,1.21267794153983e-05,1.66775101366833e-06,3.7061133637074e-06,7.22692105922944e-06,2.59427935459518e-06,9.26528340926851e-07,7.87549089787823e-05,6.67100405467333e-06,4.79941680600109e-05,3.83787584318132e-06,1.8530566818537e-07,0.00011766909929771,7.4209473785573e-06,3.52434526760013e-05,3.97909949567756e-06,5.55986673389457e-05,1.12384116399009e-05,6.44235156443034e-06,1.57269170543446e-05,6.04444161486258e-05,9.20877311856807e-05,1.11793747735703e-05,3.41065671058077e-06,8.69918524454433e-06,6.63183249279594e-06,1.30741840572263e-05,5.19177743721739e-05,5.61920958176839e-05,2.68674896069946e-05,3.63318913154499e-05,1.87586119081942e-05,2.60436879369994e-05,4.62333465212059e-05,0,1.96424008276492e-05,1.13688557019359e-06,2.03836235003907e-06,3.78961856731196e-07,2.2169268618775e-05,2.55858389545422e-06,5.6086354796217e-05,2.87223785687324e-05,0,0.000310404372082034,1.8530566818537e-07,2.44430397591622e-05,3.94120331000444e-05,1.93200969415321e-05,3.68758279688887e-05,3.7061133637074e-06,1.66775101366833e-06,1.87586119081942e-05,0,7.04161539104407e-06
"PCSI_0848",0.000103172832982864,2.50997340574166e-06,5.64568103412973e-05,1.80384523110994e-06,3.89004837216211e-05,3.92934179006273e-07,1.96467089503137e-06,4.91167723757842e-06,1.57173671602509e-06,0.000173283972941767,4.51874305857214e-06,3.92934179006273e-07,7.13661792694568e-05,1.80900342995002e-05,1.53069520995771e-05,1.47105773424507e-05,1.51081605138683e-05,1.37526962652196e-05,6.93606187862043e-06,6.48341395360351e-06,1.96467089503137e-07,0.000330457644544276,2.06290443978294e-05,5.8940126850941e-07,1.11323287996924e-05,3.02163210277366e-05,1.57045352709947e-05,1.53244329812447e-05,2.53442545459046e-05,1.96467089503137e-06,1.02162886541631e-05,2.83822063489015e-05,0.000391283248974275,4.40086280487026e-05,7.83903687117515e-05,0.000152038383764981,2.55407216354078e-06,0.000404918671465965,1.19274951425276e-06,2.36561986993464e-05,5.12752641451688e-06,1.94815753994618e-05,4.71521014807528e-06,5.60592271698797e-05,7.8920259526391e-05,8.90586303975394e-05,0.000199189168880211,1.23250783139452e-05,8.9456213568957e-06,1.54615305523709e-06,1.47105773424507e-05,9.41445086939676e-05,2.18670744279673e-06,6.36133074268139e-06,6.75891391409898e-06,9.19961067866069e-05,3.63788601847092e-05,3.97583171417587e-06,2.84271967563575e-05,3.92934179006273e-07,5.30461141658469e-06,3.97583171417587e-07,1.10021570121757e-05,4.96978964271983e-06,2.26622407708024e-05,4.38076698983842e-06,9.93957928543967e-06,1.10021570121757e-05,2.83461393460133e-06,0.000310404372082034,1.96467089503137e-07,3.43909443276213e-05,8.9456213568957e-06,6.95770549980777e-06,3.83110824531117e-05,9.16949724016112e-06,1.30285068072427e-05,2.66380724849783e-05,0,0.000105001508747529
"PCSI_0852",0.000348067252162194,2.50997340574166e-06,0.000257347313977238,6.46113787099046e-06,8.63730902909737e-05,0,0,6.90984722327789e-06,1.03647708349168e-05,0.000224570034756532,0,1.72746180581947e-06,7.65747954756826e-05,4.73371462940584e-05,9.74588306054143e-06,1.11381520691902e-05,0,6.39160868153205e-05,1.72746180581947e-06,0,0,2.24570034756532e-05,4.83689305629453e-05,0,1.11381520691902e-05,2.92376491816243e-05,3.34144562075706e-05,1.72746180581947e-05,3.45492361163895e-06,0,1.72746180581947e-06,5.18238541745842e-06,4.49140069513063e-05,0,8.29181666793347e-05,0.000269363225884702,0,2.41844652814726e-05,6.96134504324388e-06,4.17680702594632e-05,2.78453801729755e-06,1.39226900864878e-05,0,3.89835322421657e-05,0.000106575854621547,8.91052165535216e-05,0.000292833975375892,1.80994971124341e-05,1.80994971124341e-05,0,1.51001089840171e-05,2.92376491816243e-05,6.96134504324388e-06,5.01216843113559e-05,2.68674896069946e-05,0.000222909256549171,2.64531111643267e-05,1.53149590951365e-05,5.5690760345951e-06,1.12872631938267e-05,0.00021667096783772,1.39226900864878e-06,8.63730902909737e-06,1.39226900864878e-06,2.22763041383804e-05,1.61528446774762e-06,5.15139533200047e-05,1.03647708349168e-05,2.58445514839618e-05,4.03821116936904e-05,9.86779877586311e-06,2.08840351297316e-05,5.5690760345951e-06,1.11381520691902e-05,5.18238541745842e-06,0,1.72746180581947e-06,5.5690760345951e-06,0,1.03647708349168e-05
"PCSI_0853",0.00021733870885762,2.50997340574166e-06,0.000140080795512535,2.96668514877415e-05,0.000106864665971726,5.914499988171e-07,5.914499988171e-07,1.73491999653016e-05,7.2945499854109e-06,0.000792148698415703,9.857499980285e-07,3.5486999929026e-06,0.000134388107160792,9.77343132170727e-05,3.22966614727481e-05,6.93890261408957e-05,1.07754458086565e-05,4.12043499175913e-05,1.3800499972399e-06,2.3657999952684e-05,1.971499996057e-07,0.000125584549748831,0.00010409519979181,1.83349499633301e-05,1.11820664052096e-05,4.1881921444967e-05,3.15130962328635e-05,1.99121499601757e-05,1.22232999755534e-05,1.971499996057e-07,4.47530499104939e-05,1.971499996057e-06,5.34276498931447e-05,4.3372999913254e-06,0.00010409519979181,0.000269363225884702,2.9572499940855e-06,4.63302499073395e-05,1.21986178965923e-06,4.4156097141668e-05,2.43972357931846e-06,5.55986673389457e-05,2.1686499956627e-06,2.66336490742266e-05,0.000106575854621547,0.000140894036705641,0.000292833975375892,3.14579212681185e-05,3.09031653380339e-05,3.40998292962545e-06,1.3215169387975e-05,4.228854204152e-05,5.28898296872538e-05,5.44871599381123e-05,9.35227372072077e-06,7.43376278658349e-05,8.6813497364082e-05,8.53903252761462e-06,7.19310526038358e-05,4.5344499909311e-06,9.4631999810736e-05,2.03310298276539e-07,6.36794498726411e-05,4.67613686036039e-06,2.33806843018019e-05,5.56829298593496e-05,5.22507466570704e-05,6.7030999865938e-06,9.54795220295127e-06,2.96668514877415e-05,5.914499988171e-07,2.29740637052489e-05,3.95689321217176e-05,1.21986178965923e-05,3.70641999258716e-05,4.5344499909311e-06,1.30285068072427e-05,7.52248103623193e-06,5.914499988171e-07,2.26722499546555e-05
"PCSI_0856",3.50661554440105e-05,1.01347270069395e-06,7.80373979534338e-05,3.30358350949517e-05,5.15142154843536e-05,7.805184164296e-07,1.1707776246444e-06,2.1464256451814e-06,1.36525259974829e-05,0.000339525511146876,3.1220736657184e-06,5.83162916482937e-06,0.000109455051674946,7.96589542745441e-05,3.22966614727481e-05,1.8242508612491e-06,1.07428106273558e-05,3.76600135927282e-05,5.853888123222e-07,5.99047884609718e-05,0,0.000438165684580115,0.000178738717362378,1.951296041074e-07,1.64182577512419e-05,4.15523807284517e-05,3.66877117651208e-05,1.5610368328592e-05,2.65063649003463e-05,2.7318144575036e-06,2.7318144575036e-05,2.83822063489015e-05,7.64908048101008e-05,2.2439904472351e-05,0.000112303164058098,7.62635767617501e-05,4.878240102685e-06,3.49281991352246e-05,2.22963994152668e-06,4.4156097141668e-05,5.12752641451688e-06,2.16883157948504e-05,2.926944061611e-06,0.000103171520930644,0.000106575854621547,0.000213640045306284,0.000292833975375892,2.55395120574874e-05,9.3239488463843e-06,1.40578021680645e-06,4.05389080277578e-07,5.31059695163627e-05,6.08083620416367e-07,6.48622528444125e-06,4.66197442319215e-06,3.40901702575565e-05,9.47182179542677e-05,6.28353074430246e-06,3.46607663637329e-05,7.805184164296e-07,2.12691268477066e-05,1.21616724083273e-06,9.75648020537001e-07,6.89161436471883e-06,2.55395120574874e-05,3.51445054201613e-07,4.64170496917827e-05,5.89987213390597e-05,0,1.5463582384871e-05,3.3172032698258e-06,2.18910103349892e-05,2.2093704875128e-05,1.4391312349854e-05,8.3905729766182e-05,8.5857025807256e-06,7.0246657478664e-06,1.70263413716583e-05,3.902592082148e-07,2.3415552492888e-06
"PCSI_0857",6.65298922964206e-06,2.50997340574166e-06,0.000153018752281767,0,7.04978230891991e-05,3.87350676314281e-07,0,1.66560790815141e-05,4.64820811577137e-06,0.000307556436993539,2.67271966656854e-05,4.64820811577137e-06,0.000156761058723441,4.65709246074944e-05,3.22966614727481e-05,0,1.24743548055789e-06,8.8315954199656e-05,0,8.24774681057557e-05,3.87350676314281e-07,0.000280829240327854,0.000287761160684722,1.16205202894284e-06,6.65298922964206e-06,2.53645214380104e-05,5.4887161144547e-05,8.52171487891418e-06,1.27825723183713e-05,1.54940270525712e-06,6.8948420383942e-05,6.19761082102849e-06,2.63398459893711e-05,3.87350676314281e-06,8.59918501417703e-05,7.45550063686777e-05,0,3.83477169551138e-05,3.32649461482103e-06,1.74640967278104e-05,2.07905913426314e-06,5.8213655759368e-06,7.74701352628562e-07,5.19764783565786e-05,9.23102255612836e-05,0.000204579418811493,0.000268198628319946,9.14786019075783e-06,4.93072694729546e-05,3.15021153670469e-06,0,1.24743548055789e-05,0,0,4.15811826852629e-07,1.78511987079932e-05,4.98974192223155e-05,2.9106827879684e-06,2.45328977843051e-05,1.16205202894284e-06,5.96520041523992e-05,0,1.16205202894284e-06,7.90042471019995e-06,3.07700751870945e-05,3.15021153670469e-06,7.48461288334732e-06,3.09880541051425e-06,5.14534550995099e-05,1.31258814029362e-05,1.54940270525712e-06,2.70277687454209e-05,9.14786019075783e-06,1.16427311518736e-05,6.35255109155421e-05,5.42290946839993e-06,9.29641623154274e-06,1.24743548055789e-06,3.87350676314281e-07,7.35966284997134e-06
"PCSI_0858",8.17869601641639e-05,1.56423147854958e-06,6.7261953577632e-05,0.000251089826419672,1.62677252055858e-05,7.83986756895703e-06,2.15596358146318e-06,2.35196027068711e-06,6.46789074438955e-06,0.000228924133013545,1.8423688787049e-05,3.72393709525459e-06,8.84908093579478e-05,3.39661692485052e-05,1.11730819896399e-05,1.34076983875678e-05,6.03346427440553e-06,4.82151855490857e-05,1.37197682456748e-06,3.52794040603066e-06,1.95996689223926e-07,0.000438165684580115,4.4883241832279e-05,3.33194371680674e-06,1.3184236747775e-05,2.07819325007302e-05,1.85473161028022e-05,5.09591391982207e-06,1.27397847995552e-05,1.15886799333202e-05,1.76397020301533e-05,1.45037550025705e-05,6.72268644038065e-05,0.000298911127284721,4.54712318999507e-05,5.73919603244963e-05,1.17598013534355e-06,2.07756490577361e-05,6.70384919378392e-07,1.05026970702615e-05,1.34076983875678e-06,9.38538887129749e-06,1.37197682456748e-06,8.17869601641639e-05,7.93288821264431e-05,0.000102568892664894,0.000203573553851238,1.05026970702615e-05,4.02230951627035e-06,2.75922886175463e-06,8.9384655917119e-07,2.94969364526493e-05,1.00557737906759e-05,1.38546216671534e-05,1.11730819896399e-05,0.000105678465405202,1.58657764252886e-05,4.02230951627035e-06,1.02792354304687e-05,0,9.79983446119628e-06,4.46923279585595e-07,4.50792385215029e-06,6.70384919378392e-06,3.35192459689196e-05,3.86292040645649e-06,6.01111811042625e-05,5.29191060904599e-05,5.2425348373338e-06,0.000184040565079034,2.54795695991103e-06,1.49719298661174e-05,1.18434669090183e-05,3.12846295709916e-06,6.93828279852697e-05,1.95996689223926e-06,5.87990067671777e-07,5.98877194644697e-05,1.95996689223926e-07,6.07589736594169e-06
"PCSI_0859",0.000105773945173308,3.97646410425971e-07,7.27692931079526e-05,4.91808285882462e-06,3.22327840218466e-05,1.90726532673648e-07,1.32640385284787e-05,4.38671025149391e-06,9.53632663368242e-07,0.000569509426563514,1.71653879406284e-06,7.62906130694594e-07,0.000111340994919272,7.73422268278513e-05,1.82917348795947e-05,5.3682265407506e-05,2.98234807819478e-06,4.80630862337594e-05,1.90726532673648e-07,2.87997064337209e-05,3.81453065347297e-07,0.000438165684580115,0.000194731789859795,3.81453065347297e-07,1.72976188535297e-05,4.55305139937736e-05,3.39987680914205e-05,1.06806858297243e-05,1.37323103525027e-05,1.14435919604189e-06,9.68131013737941e-05,2.83822063489015e-05,6.04603108575465e-05,1.16343184930926e-05,4.29134698515709e-05,5.79816084408797e-05,3.81453065347297e-07,4.76816331684121e-05,4.37411051468568e-06,4.4156097141668e-05,5.12752641451688e-06,1.96834973160856e-05,2.09799185941013e-06,8.52951550363707e-05,3.55893537331244e-05,9.20551440136122e-05,0.000165023260326778,1.80929116743817e-05,1.17305691075661e-05,9.05962631888746e-06,8.35057461894539e-06,8.1517514137324e-06,5.28898296872538e-05,1.09352762867142e-05,4.17528730947269e-06,0.00010017358244027,7.13775306714617e-05,1.11340994919272e-05,3.26070056549296e-05,2.67017145743108e-06,1.25879511564608e-05,1.98823205212985e-07,1.7356114473302e-05,8.1517514137324e-06,2.32623150099193e-05,1.03538586501571e-06,1.96834973160856e-05,1.14435919604189e-05,6.91120064897986e-05,0.000102244354170301,3.81453065347297e-07,3.18117128340777e-05,3.91681714269581e-05,5.36822654075061e-06,4.10062045248344e-05,6.86615517625134e-06,9.15487356833512e-06,1.84905580848076e-05,7.62906130694594e-07,6.86615517625134e-05
"PCSI_0860",3.93739778585659e-05,0,3.35482362366352e-05,1.60857296746428e-05,7.55623301382432e-07,7.55623301382432e-07,5.66717476036824e-07,2.795806215115e-05,7.55623301382432e-07,0.0003354967458138,3.31742383600002e-05,3.77811650691216e-07,8.53772479076045e-05,3.13384721731443e-05,1.54683484444366e-05,1.20532585281324e-06,1.40621349494878e-06,8.87857379124357e-06,3.77811650691216e-07,7.93404466451553e-06,1.13343495207365e-06,0.000438165684580115,0.000287761160684722,3.24918019594446e-05,1.34594720230812e-05,2.77224946147045e-05,3.43517868051774e-05,1.88905825345608e-07,1.85127708838696e-05,1.32234077741926e-06,9.82310291797161e-06,0,3.4191954387555e-05,5.47826893502263e-06,2.30465106921642e-05,2.33502527535137e-06,0,0.000129778302012433,2.81242698989756e-06,4.21864048484634e-06,2.0088764213554e-06,3.0133146320331e-06,1.32234077741926e-06,2.61153934776202e-05,2.55127305512136e-05,0.000113099742522309,0.000152875495665146,3.0133146320331e-06,2.20976406349094e-06,9.82372037689975e-06,1.0044382106777e-06,1.92852136450119e-05,1.40621349494878e-06,4.21864048484634e-06,1.60710113708432e-06,0.000145290461577419,1.66736742972498e-05,2.81242698989756e-06,4.21864048484634e-06,2.4557757294929e-06,3.36252369115182e-05,2.0088764213554e-07,2.58800980723483e-05,5.0221910533885e-06,1.78790001500631e-05,5.96728681478683e-06,5.34361128080537e-05,3.58921068156655e-06,0.000146847145094319,0.000268268459412591,7.55623301382432e-06,1.02452697489125e-05,7.43284275901498e-06,5.82574162193066e-06,0.000157696230929161,6.04498641105945e-06,3.77811650691216e-07,3.99766407849725e-05,1.11175534466566e-06,1.88905825345608e-05
"PCSI_0861",2.53624291120106e-06,0,7.29169836970306e-05,1.15772274392639e-06,4.79038811442716e-06,3.94502550599883e-06,8.45362608428322e-07,1.85979773854231e-05,3.66323796985606e-06,0.000133567292131675,1.91615524577086e-05,0,4.62864331294194e-05,3.70925525763156e-05,6.65763764190279e-06,0,2.8532732751012e-06,3.71959547708462e-05,2.81787536142774e-07,2.81787536142774e-07,1.1271501445711e-06,0.000171608609510949,0.000223175728625077,2.67698159335635e-05,5.38951618630226e-06,1.07790323726045e-05,2.69475809315113e-05,0,4.79038811442716e-06,1.15886799333202e-05,2.78969660781346e-05,1.1271501445711e-06,4.28317054937016e-05,4.50860057828438e-05,5.18489066502704e-05,1.73658411588959e-05,4.79038811442716e-06,8.53816234512605e-05,3.17030363900133e-07,7.60872873360319e-06,0,3.8043643668016e-06,1.40893768071387e-06,1.2047153828205e-05,3.07519452983129e-05,0.000212410343813089,0.000151223483580363,8.24278946140346e-06,2.8532732751012e-06,1.15772274392639e-06,9.51091091700399e-07,3.36052185734141e-05,0,5.19929796796218e-05,2.6313520203711e-05,0.000290974316306834,1.6802609286707e-05,2.21921254730093e-06,5.07248582240213e-06,1.40893768071387e-06,0.00021667096783772,0,2.25430028914219e-05,3.17030363900133e-07,1.2047153828205e-05,3.08726065047038e-06,8.24278946140346e-06,5.89987213390597e-05,3.47316823177918e-06,3.85907581308798e-06,3.66323796985606e-06,6.65763764190279e-06,1.01449716448043e-05,7.29169836970306e-06,5.26942692586987e-05,2.25430028914219e-06,8.45362608428322e-07,9.51091091700399e-07,0,5.63575072285548e-07
"PCSI_0863",0.000323149155798486,0,0.000257347313977238,4.38267190140303e-06,9.88880587175317e-06,3.49588643956235e-05,7.47154221421351e-06,1.73603480859667e-05,1.36525259974829e-05,0.000116468158045093,7.91104469740254e-06,2.19751241594515e-07,3.92248798852079e-05,2.96467115411455e-05,1.93843883153644e-05,4.12773445303642e-05,3.6488260358333e-06,3.29626862391772e-06,4.17527359029579e-06,3.73577110710676e-06,2.19751241594515e-07,0.000389399200105481,0.000287761160684722,1.03283083549422e-05,5.92934230822911e-06,2.05246464515623e-05,4.5154222193437e-05,3.29626862391772e-06,7.251790972619e-06,4.61477607348482e-06,1.31850744956709e-06,9.66905463015866e-06,0.000261503977497473,0.000298911127284721,4.32909945941195e-05,5.47833987675379e-06,8.99469730480647e-06,0.000228541291258296,2.05246464515623e-06,1.18586846164582e-05,1.14025813619791e-06,7.06960044442701e-06,2.41726365753966e-06,9.80621997130198e-06,9.92024578492177e-05,7.34326239711451e-05,0.000119271001046301,4.10492929031246e-06,1.57355622795311e-05,8.21750981513068e-07,9.12206508958324e-07,1.14025813619791e-06,5.28898296872538e-05,5.61920958176839e-05,1.45953041433332e-05,0.000304047863159835,1.91563366881248e-05,1.29989427526561e-05,8.20985858062492e-06,2.63701489913418e-06,1.75800993275612e-05,0,2.9007163890476e-05,4.56103254479162e-07,1.27708911254165e-05,5.56829298593496e-05,2.46295757418747e-05,3.82367160374456e-05,1.64350196302614e-06,4.27310510386795e-05,1.75800993275612e-06,7.06960044442701e-06,5.01713579927078e-06,1.00342715985416e-05,3.82367160374456e-05,2.63701489913418e-06,4.3950248318903e-07,2.50856789963539e-05,0,2.81281589240979e-05
"PCSI_0864",5.54257464046704e-06,3.69504976031136e-07,0.000106232680608952,3.82602523995469e-05,6.93300794416049e-06,1.86657906188936e-05,8.88847172328268e-07,5.33308303396961e-06,2.6665415169848e-06,0.000490288100256272,1.77769434465654e-06,3.55538868931307e-07,0.000128033474194789,2.45720809060705e-05,1.51497040172766e-05,7.39009952062272e-07,8.6833669367317e-06,7.6440856820231e-06,1.77769434465654e-07,6.22193020629787e-06,2.6665415169848e-06,0.000438165684580115,0.000151281788730271,1.95546377912219e-06,1.25631691850586e-05,3.10384179866154e-05,2.34635659779771e-05,3.91092755824438e-06,1.61770185363745e-05,1.77769434465654e-07,3.44872702863368e-05,1.91990989222906e-05,8.35516341988572e-06,7.6440856820231e-06,3.43095008518711e-05,2.05424173957299e-06,3.55538868931307e-07,2.6665415169848e-05,1.84752488015568e-06,1.69972288974323e-05,4.24930722435806e-06,1.20089117210119e-05,7.11077737862614e-07,4.95136667881722e-05,8.48013919991457e-05,0.00011547030500973,0.000155007337445062,8.6833669367317e-06,1.16394067449808e-05,9.82372037689975e-06,0,9.7918818648251e-06,0,7.39009952062272e-07,3.32554478428022e-06,2.28534393527495e-05,2.93756455944753e-05,6.46633708054488e-06,2.38330709540083e-05,1.12872631938267e-05,0.000109505971630843,3.69504976031136e-07,8.09503348180828e-05,6.28158459252931e-06,2.38330709540083e-05,5.13560434893247e-06,1.99532687056813e-05,1.49326324951149e-05,0.000179762293383797,3.15839667459347e-05,1.24438604125957e-06,3.84285175072381e-05,1.3671684113152e-05,4.98831717642034e-06,3.85759672790468e-05,4.44423586164134e-06,3.19984982038176e-06,1.82904963135412e-05,1.11175534466566e-06,2.07990238324815e-05
"PCSI_0865",0.000337196292109237,3.52347222684678e-07,8.79106320598271e-05,0.000167102737294748,4.04127626573796e-05,2.72828777433786e-06,4.43346763329903e-06,1.70517985896116e-05,4.09243166150679e-06,9.15681584262145e-05,2.89880576023398e-06,1.0231079153767e-06,3.91105417179993e-05,2.60736944786662e-05,4.58051389490081e-06,6.93890261408957e-05,1.18036319599367e-05,7.50279137942912e-06,6.82071943584465e-07,6.47968346405242e-06,7.1279485221946e-06,0.000169153842008947,7.55394677519795e-05,1.07426331114553e-05,2.184552780645e-05,6.4060894249325e-05,3.08303819849093e-05,2.0158627749527e-05,2.65063649003463e-05,8.18486332301358e-06,2.21673381664951e-06,5.11553957688349e-07,0.000391283248974275,4.3993640361198e-05,6.63314965135893e-05,7.59557896794311e-07,1.36414388716893e-06,0.000505760615896373,7.4209473785573e-06,3.41776806004138e-05,2.29025694745041e-06,5.55986673389457e-05,1.09131510973514e-05,5.10903472892783e-06,7.39929167637824e-05,0.000116274583485944,0.000230082736413095,9.16102778980163e-06,1.58556250208105e-06,4.05097544956966e-06,1.76173611342339e-06,5.98990278563953e-06,5.28898296872538e-05,5.61920958176839e-05,1.37415416847024e-05,0.000374462043119595,2.69545625353779e-05,2.30787430858464e-05,6.25416320265303e-05,3.75139568971456e-06,0.00021667096783772,5.28520834027017e-07,8.09503348180828e-05,1.76173611342339e-07,1.70888403002069e-05,6.32964913995259e-06,3.61155903251795e-05,7.84382735122135e-06,2.27867369038293e-06,0.000104818989757615,3.41035971792233e-07,4.2634013944846e-05,3.1182729207594e-05,1.37415416847024e-05,9.49785181441368e-05,9.16949724016112e-06,1.30285068072427e-05,4.98571320098819e-05,0,0.000105001508747529
"PCSI_0867",5.82637088802856e-05,0,4.93000613602417e-05,5.96659171564458e-05,7.86167539378149e-06,8.64784293315964e-06,1.00236361270714e-05,1.5723350787563e-06,1.76887696360084e-06,0.000253539031449453,2.75158638782352e-06,7.86167539378149e-07,0.000169901864357196,6.11157785457541e-05,2.30202765855674e-05,1.97607683964605e-05,7.13017416367131e-06,4.89389293262898e-05,3.93083769689075e-07,2.75158638782352e-06,7.1279485221946e-06,0.000437305693779096,0.000158609301069542,5.50317277564705e-06,2.8501302473598e-05,5.31707273348061e-05,3.64657478656333e-05,9.43401047253779e-06,2.65063649003463e-05,1.37579319391176e-06,9.68131013737941e-05,2.53539031449453e-05,2.90881989569915e-05,8.05821727862603e-06,4.32392146657982e-05,5.65797490276642e-06,0,9.15885183375544e-05,2.24091188001098e-06,4.03364138401977e-05,2.64835040364935e-06,2.07793647055564e-05,1.5723350787563e-06,8.5765809225875e-05,2.38351536328441e-05,0.000189662632753657,0.000251389569084869,2.56686269892167e-05,1.28343134946084e-05,9.82372037689975e-06,4.07438523638361e-07,1.20194364473316e-05,5.28898296872538e-05,4.29847642438471e-05,6.72273564003295e-06,0.000251265521818309,9.22848256040887e-05,8.75992825822476e-06,4.84851843129649e-05,8.84438481800418e-06,0.000155857714681718,4.07438523638361e-07,1.04167198967605e-05,5.50042006911787e-06,1.20194364473316e-05,7.7154203219542e-06,1.52789446364385e-05,1.19890549755168e-05,7.58682998325497e-05,0.000107501523152562,5.89625654533612e-07,2.81132581310469e-05,1.60938216837153e-05,5.50042006911787e-06,2.33884842964999e-05,4.12737958173528e-06,5.89625654533612e-06,1.36491905418851e-05,1.11175534466566e-06,1.61164345572521e-05
"PCSI_0869",1.19800238179118e-05,0,2.27417401289172e-05,0.000273761857089661,3.30156643790695e-06,7.7683916186046e-07,1.32640385284787e-05,8.54523078046506e-06,2.91314685697672e-06,0.000129149510659301,3.68998601883718e-06,9.71048952325575e-07,2.23356376266151e-05,6.29458878568245e-06,2.84271751611465e-06,1.62441000920837e-06,6.0915375345314e-06,9.32206994232552e-06,5.82629371395345e-07,4.27261539023253e-05,7.7683916186046e-07,0.000288013119259766,0.000187218238008371,3.10735664744184e-06,7.10679379028664e-06,1.64471513432348e-05,8.32510129719292e-06,1.74788811418603e-06,1.65078321895348e-05,1.94209790465115e-07,2.71893706651161e-06,4.85524476162787e-06,3.16561958458137e-05,2.58299021318603e-05,4.5639300759302e-05,7.53892064269684e-05,7.7683916186046e-07,0.000155367832372092,1.42135875805733e-06,2.84271751611465e-06,2.03051251151047e-07,3.65492252071884e-06,9.71048952325575e-07,2.5990560147334e-05,1.11678188133076e-05,5.68543503222931e-05,5.05597615366106e-05,8.12205004604187e-07,1.21830750690628e-06,4.88871987069079e-06,0,1.17769725667607e-05,2.43661501381256e-06,8.12205004604187e-07,1.62441000920837e-06,4.76006934777787e-05,3.4518712695678e-06,7.30984504143768e-06,1.82746126035942e-06,1.94209790465115e-07,1.37888951230232e-05,0,9.71048952325575e-06,2.63966626496361e-06,2.13203813708599e-05,1.26077512454657e-05,1.96959713616515e-05,5.89987213390597e-05,5.14602091651662e-07,4.27119736070879e-05,8.54523078046506e-06,4.26407627417198e-06,3.85797377186989e-06,4.06102502302094e-06,4.8940867197209e-05,5.82629371395345e-06,1.55367832372092e-06,4.93414540297044e-05,1.94209790465115e-07,3.51519720741858e-05
"PCSI_0870",0.000382460319500278,0,7.16992311948474e-05,4.72458251637427e-05,1.04845537691143e-05,3.49588643956235e-05,7.72546067197896e-06,1.96815307595655e-05,5.51818619427069e-07,1.21400096273955e-05,7.35758159236092e-07,9.19697699045115e-07,8.88993163062798e-06,1.93259383274521e-07,2.31911259929426e-06,2.04854946270993e-05,5.4112627316866e-06,2.75909309713534e-06,3.67879079618046e-06,6.4378838933158e-06,7.35758159236092e-07,9.27055280637476e-05,1.78421353614752e-05,4.72772267507764e-05,2.89889074911782e-06,8.69667224735346e-06,4.63822519858851e-06,1.47151631847218e-06,5.70212573407971e-06,9.93273514968724e-06,3.31091171656241e-06,0,0.000314720552613238,0.000238753522672112,3.58682102627595e-05,2.56770788933384e-07,8.64515837102408e-06,0.000505760615896373,0,1.15955629964713e-06,1.93259383274521e-07,0,2.02333493789925e-06,2.91821668744527e-05,2.60900167420604e-05,4.25170643203947e-05,5.04406990346501e-05,0,5.79778149823564e-07,3.85156183400077e-06,1.51001089840171e-05,9.41445086939676e-05,3.28540951566686e-06,3.13080200904725e-05,2.7056313658433e-06,7.36932164238813e-05,0,1.73933444947069e-06,1.35281568292165e-06,3.67879079618046e-07,3.67879079618046e-06,0,2.75909309713534e-06,1.35281568292165e-06,8.50341286407894e-06,5.56829298593496e-05,2.28046072263935e-05,1.10363723885414e-05,0,5.90572814546784e-06,5.51818619427069e-07,4.05844704876495e-06,1.35281568292165e-06,5.21800334841207e-06,2.09691075382286e-05,1.28757677866316e-06,7.35758159236092e-07,6.10714347266942e-05,0,6.93452065080017e-05
"PCSI_0872",0.000485616643025549,0,4.02771064926696e-06,0.00013881591394399,3.95007393820217e-05,1.97503696910109e-06,4.129622753575e-06,1.36457099683348e-05,3.23187867671087e-06,4.4348557397088e-05,2.33413459984674e-06,2.33413459984674e-06,8.05542129853391e-06,4.7600216764064e-06,1.46462205427889e-06,6.93890261408957e-05,2.01385532463348e-06,2.15458578447391e-06,2.87278104596521e-06,5.02736683043913e-06,0,4.14757763511228e-05,4.65031431815619e-05,1.32866123375891e-05,3.11232186534265e-06,6.95695475782474e-06,5.12617718997613e-06,7.90014787640434e-06,1.83139791680282e-05,2.87278104596521e-06,1.61593933835543e-06,1.79548815372826e-07,0.000391283248974275,8.79789195326847e-06,5.76351697346771e-05,1.64279188099397e-06,1.07729289223696e-06,0.000383875367267102,1.09846654070917e-06,5.49233270354585e-06,2.01385532463348e-06,4.57694391962154e-06,1.12384116399009e-05,5.67541046033071e-06,7.50618802817933e-06,1.70262313809921e-05,2.10539420302591e-05,7.32311027139447e-07,1.83077756784862e-07,5.74977158347888e-06,1.51001089840171e-05,9.41445086939676e-05,5.28898296872538e-05,5.61920958176839e-05,1.53785315699284e-05,0.000475712961666303,2.92924410855779e-06,1.29985207317252e-05,1.64769981106376e-06,5.38646446118478e-07,7.72059906103151e-06,0,5.20691564581195e-06,9.15388783924308e-07,2.36170306252472e-05,1.64279188099397e-06,2.10539420302591e-05,5.89987213390597e-05,6.29736887714354e-06,2.62846700959035e-05,3.59097630745652e-07,3.47847737891237e-06,2.01385532463348e-06,5.85848821711557e-06,3.73461535975478e-05,4.8478180150663e-06,3.41142749208369e-06,3.58832403298329e-05,0,0.000105001508747529
"PCSI_0873",3.37937354299718e-06,5.63228923832863e-07,4.39318560589633e-05,5.36588185676102e-05,1.20389265604543e-05,3.31506673403813e-06,9.07281421947277e-06,4.18745271667974e-05,5.23431589584968e-07,0.000118121062049674,5.75774748543464e-06,2.79163514445316e-06,2.23414139787036e-05,3.45447073284156e-05,1.50194379688763e-06,1.87742974610954e-07,1.53949239180983e-05,2.25075583521536e-05,0,1.91924916181155e-06,7.1279485221946e-06,0.000276895310890448,8.5493826298878e-05,3.6814688467476e-05,1.50194379688763e-06,1.87742974610954e-06,9.01166278132581e-06,2.96611234098148e-06,1.74477196528323e-07,5.23431589584968e-07,6.99653558078573e-05,2.79163514445316e-06,8.02595104030284e-06,6.42076083224227e-05,1.11665405778126e-05,2.17745930419288e-05,1.74477196528323e-06,6.85695382356308e-05,0,1.6521381765764e-05,9.38714873054772e-07,2.83491891662541e-05,5.23431589584968e-07,7.50971898443817e-07,1.70846106895968e-05,0.000126726507862394,6.02654948501163e-05,6.38326113677245e-06,1.12645784766573e-06,9.82372037689975e-06,0,2.81614461916431e-06,3.75485949221909e-07,1.68968677149859e-06,0,0.000199859657563418,2.51575585978679e-05,7.50971898443817e-07,2.74104742931993e-05,1.91924916181155e-06,9.80561844489173e-05,0,5.58327028890632e-06,0,9.57489170515867e-06,1.50348380527604e-05,1.70846106895968e-05,5.89987213390597e-05,6.48053364343119e-06,0.000288513357805557,6.9790878611329e-07,5.44454626371767e-06,1.99007553087612e-05,1.87742974610954e-06,4.44916851147222e-05,1.74477196528323e-07,1.91924916181155e-06,2.02762412579831e-05,3.48954393056645e-07,1.91924916181155e-06
"PCSI_0875",0.000282489038477935,0,3.96173651523934e-05,0.000273761857089661,1.61689228263613e-05,3.56976218244341e-06,9.44937048293843e-06,5.45963627903109e-06,1.04993005365983e-06,1.91087269766088e-05,2.30984611805162e-06,2.09986010731965e-07,6.52394654411695e-05,9.90434128809834e-06,1.42105766307498e-05,4.7368588769166e-05,2.72147684304436e-05,3.77974819317537e-06,1.88987409658769e-06,4.1997202146393e-06,7.1279485221946e-06,0.000350676637922382,2.83481114488153e-05,3.77974819317537e-06,2.8501302473598e-05,6.4060894249325e-05,3.29427003712836e-05,1.49090067619695e-05,2.65063649003463e-05,3.35977617171144e-06,3.98973420390734e-06,8.3994404292786e-07,0.000310779295883308,0.000298911127284721,3.19178736312587e-05,5.74996506896221e-07,8.3994404292786e-07,0.000505760615896373,1.07655883566286e-06,1.42105766307498e-05,8.6124706853029e-07,1.9162747274799e-05,6.50956633269092e-06,4.84451476048288e-05,1.31340177950869e-05,0.000230913823584807,0.000265048785340197,1.09809001237612e-05,4.7368588769166e-06,9.82372037689975e-06,1.93780590419315e-06,2.19618002475224e-05,9.25840598670062e-06,2.99283356314276e-05,2.26077355489201e-05,5.77871489430702e-05,2.47608532202459e-05,1.67943178363407e-05,1.37799530964846e-05,1.04993005365983e-06,3.69575378888258e-05,6.45935301397718e-07,8.09503348180828e-05,5.59810594544689e-06,2.9713023864295e-05,4.59997205516976e-06,1.83015002062687e-05,2.07886150624645e-05,1.72498952068866e-06,1.69623969534385e-05,1.25991606439179e-06,2.99283356314276e-05,7.53591184964004e-06,1.20574589594241e-05,2.58282793200317e-05,3.35977617171144e-06,9.44937048293843e-06,5.7918865358662e-05,2.09986010731965e-07,0.000105001508747529
"PCSI_0877",1.69065552551511e-05,2.01268514942275e-07,7.44693505286418e-06,0.000273761857089661,2.98179242997447e-06,2.04998229560745e-06,4.2863266180883e-06,8.38629120930319e-06,0,0.000642389906632624,2.42270634935426e-06,1.49089621498723e-06,6.01792859677403e-05,1.95230459494007e-05,3.01902772413413e-06,1.81141663448048e-06,1.81141663448048e-06,8.75901526305e-06,5.59086080620213e-07,7.26811904806277e-06,1.49089621498723e-06,0.00027097038707393,8.33038260124117e-05,2.45997875472894e-05,7.04439802297963e-06,1.08684998068829e-05,1.26799164413633e-05,1.30453418811383e-06,2.65063649003463e-05,2.98179242997447e-06,2.14316330904415e-05,1.11817216124043e-05,3.20542686222255e-05,5.18086434708064e-05,8.29311019586649e-05,9.6618531280121e-05,1.30453418811383e-06,9.91445982966511e-05,4.22663881378778e-06,4.62917584367233e-06,1.20761108965365e-06,8.45327762757556e-06,2.42270634935426e-06,6.84312950803736e-06,7.22553968642768e-05,0.000212942088808927,0.00017429853394001,5.23298138849916e-06,2.01268514942275e-07,3.85446268404738e-06,0,2.71712495172071e-05,4.42790732873005e-06,5.6355184183837e-06,1.81141663448048e-06,0.000104327456648216,9.45962020228693e-06,1.00634257471138e-06,8.45327762757556e-06,1.30453418811383e-06,0.000181330252147822,0,9.31810134367021e-06,1.00634257471138e-06,2.35484162482462e-05,5.56829298593496e-05,1.75103607999779e-05,5.89987213390597e-05,1.28482089468246e-06,2.20989193885383e-05,1.86362026873404e-06,9.86215723217148e-06,1.54976756505552e-05,4.62917584367233e-06,2.38543394397957e-05,8.75901526305e-06,3.72724053746809e-07,1.42900645609015e-05,0,2.98179242997447e-06
"PCSI_0879",7.26704914947575e-06,2.50997340574166e-06,0.000214657451799899,1.29030693047078e-06,0.000106864665971726,3.63309583180365e-07,9.08273957950912e-07,1.63489312431164e-06,9.44604916268949e-06,0.000505726939787068,7.2661916636073e-06,5.63129853929566e-06,0.000192110965977167,7.78878601148939e-05,3.16768809079712e-05,3.72669187152602e-07,1.11800756145781e-05,4.70485910218572e-05,0,8.24774681057557e-05,2.72482187385274e-06,0.000438165684580115,0.000284653058421816,1.63489312431164e-06,2.31054896034613e-05,6.4060894249325e-05,5.70183856343482e-05,2.0158627749527e-05,2.16169201992317e-05,0,7.8656524758549e-05,2.90647666544292e-06,2.4886706447855e-05,7.99281082996803e-06,6.35791770565639e-05,0.000269363225884702,1.08992874954109e-06,5.46780922686449e-05,2.23601512291561e-06,4.4156097141668e-05,4.47203024583123e-06,1.93787977319353e-05,1.81654791590182e-06,0.000115261427499124,7.95648714570806e-05,0.000230913823584807,0.000287327943294657,2.64595122878348e-05,4.93072694729546e-05,2.83867524703571e-06,1.86334593576301e-07,2.5341504726377e-05,3.72669187152602e-07,1.30434215503411e-06,9.87573345954396e-06,2.29674633623799e-05,9.47182179542677e-05,7.63971833662835e-06,4.02482722124811e-05,3.26978624862328e-06,2.63399447805765e-05,3.72669187152602e-07,7.44784645519748e-06,1.07825398612992e-05,3.70758065347305e-05,2.06449108875325e-06,2.66458468814111e-05,5.26798895611529e-06,0.000115353439584088,7.7934538600435e-05,7.2661916636073e-07,4.15526143675152e-05,2.19874820420035e-05,9.31672967881506e-06,7.72032864258275e-05,9.16949724016112e-06,1.30285068072427e-05,1.97514669190879e-05,9.08273957950912e-07,4.68669362302671e-05
"PCSI_0880",4.40002165575876e-06,0,4.9739375239012e-06,6.39011444183756e-06,1.925102261977e-05,1.45290736752981e-06,1.81613420941226e-06,3.63226841882452e-06,2.72420131411839e-06,1.76165018312989e-05,3.99549526070697e-06,9.0806710470613e-07,1.07130962053257e-05,1.58783390186077e-05,2.29566347256979e-06,9.56526446904078e-07,2.4869687619506e-06,1.10784186774148e-05,1.45290736752981e-06,4.1771086816482e-06,2.36097447223594e-06,0.000218662558813236,0.00010224835598991,7.08292341670782e-06,1.91305289380816e-06,8.80004331151752e-06,8.80004331151752e-06,8.89905762612008e-06,1.18048723611797e-05,2.90581473505962e-06,4.9035623654131e-06,0,2.52442655108304e-05,1.48923005171805e-05,2.52442655108304e-05,4.60088239812304e-06,5.44840262823678e-07,5.32127323357792e-05,7.65221157523262e-07,7.65221157523262e-06,3.82610578761631e-07,3.25218991947386e-06,1.08968052564736e-06,2.86957934071223e-06,7.04003464921401e-05,1.77913919124158e-05,8.78091278257943e-05,5.54785339204365e-06,2.67827405133142e-06,9.82372037689975e-06,0,5.73915868142447e-06,0,1.91305289380816e-07,1.72174760442734e-06,1.78923204371452e-06,1.22435385203722e-05,2.86957934071223e-06,5.73915868142447e-06,5.44840262823678e-07,3.17823486647146e-05,0,3.4506549978833e-06,1.91305289380816e-07,1.09044014947065e-05,1.78923204371452e-06,1.33913702566571e-05,4.54033552353065e-06,4.85648697579655e-06,1.17578105729811e-05,2.54258789317717e-06,1.53044231504652e-06,3.25218991947386e-06,7.65221157523262e-07,1.96142494616524e-05,4.1771086816482e-06,8.89905762612008e-06,1.41565914141804e-05,7.26453683764904e-07,1.39842334124744e-05
"PCSI_0882",0.00021180457497882,0,0.000257347313977238,1.81847160670524e-05,2.92816979871029e-06,3.49588643956235e-05,8.96752000855026e-06,2.48894432890374e-05,4.75827592290422e-06,0.00012371517399551,2.74515918629089e-06,9.15053062096965e-07,2.05465738369546e-05,1.59563818095499e-05,4.15303088193764e-06,6.93890261408957e-05,1.02732869184773e-05,3.29419102354907e-06,7.32042449677572e-07,2.19612734903272e-06,7.1279485221946e-06,4.11773877943634e-05,2.80006237001671e-05,4.20924408564604e-06,2.8501302473598e-05,5.18035957378537e-05,2.49181852916258e-05,5.49031837258179e-07,2.65063649003463e-05,6.58838204709815e-06,2.5621485738715e-06,5.49031837258179e-07,0.000391283248974275,6.71648947579172e-05,6.8445969044853e-05,2.7811918690786e-05,8.99469730480647e-06,0.000220710798577788,6.5574171820068e-07,1.81421875368855e-05,1.31148343640136e-06,3.2787085910034e-05,1.06146155203248e-05,1.6393542955017e-05,2.44810241461587e-05,8.26234564932856e-05,7.6503200456746e-05,5.68309489107256e-06,1.04918674912109e-05,9.82372037689975e-06,1.04918674912109e-05,2.07651544096882e-05,5.28898296872538e-05,2.27323795642902e-05,6.99457832747392e-06,7.3273708858417e-05,9.61754520027664e-06,1.39891566549478e-05,9.61754520027664e-06,1.12872631938267e-05,0.000195638344676331,2.1858057273356e-07,8.09503348180828e-05,1.53006400913492e-06,2.03279932642211e-05,5.34844590207423e-06,2.66668298734943e-05,2.67195494132314e-05,1.14991586894596e-05,0.000310404372082034,3.66021224838786e-07,1.26776732185465e-05,6.77599775474036e-06,7.21315890020748e-06,5.87464065866251e-05,9.16949724016112e-06,3.66021224838786e-07,1.20219315003458e-05,1.83010612419393e-07,0.000105001508747529
"PCSI_0888",1.92963053628973e-05,0,0.000107643115210672,4.60859815917228e-06,2.22377784569591e-05,0,1.8378329303272e-07,9.18916465163601e-07,4.41079903278529e-06,0.000833570456105414,2.94053268852352e-06,1.8378329303272e-06,0.000109913268782778,1.58910750047389e-05,2.85660991156617e-05,1.70261517907917e-06,6.2429223232903e-06,1.3783746977454e-05,5.51349879098161e-07,2.70161440758099e-05,1.8378329303272e-07,0.0001898481417028,0.000198853523061403,0,1.05940500031593e-05,4.31329178700057e-05,4.99433785863224e-05,2.00323789405665e-05,2.57296610245808e-05,0,1.52540133217158e-05,7.16754842827609e-06,3.6756658606544e-06,1.8378329303272e-07,3.6756658606544e-05,7.68099693195379e-06,1.8378329303272e-07,9.00538135860329e-06,3.40523035815835e-06,1.51343571473704e-05,1.70261517907917e-06,5.29702500157965e-06,1.28648305122904e-06,3.84034312614525e-05,6.81046071631669e-05,0.000155505519689231,0.000211691820598844,7.75635803802734e-06,1.38101008969755e-05,7.16893046982354e-06,0,1.13507678605278e-06,1.13507678605278e-06,6.05374285894817e-06,1.28642035752649e-05,4.73661477470484e-05,3.36739446528992e-05,1.32425625039491e-06,1.60802544690811e-05,4.77836561885073e-06,1.10269975819632e-05,5.67538393026391e-07,6.06484867007977e-06,3.40523035815835e-06,1.87287669698709e-05,1.15214953979307e-05,1.17291267892121e-05,4.04323244671984e-06,0.000179762293383797,5.50471446790022e-05,1.47026634426176e-06,3.08362526877672e-05,6.99964018065882e-06,1.00265116101329e-05,9.96105448237344e-05,7.35133172130881e-06,1.30285068072427e-05,2.04313821489501e-05,1.11175534466566e-06,1.02918644098323e-05
"PCSI_0889",4.27330942442147e-05,1.90772742161673e-07,0.000257347313977238,4.37275189108658e-06,4.60513041119006e-05,1.25762597574668e-05,6.10318488230008e-06,1.01719748038335e-05,1.36525259974829e-05,0.000493248305487706,2.21933995720003e-06,3.14406493936671e-06,5.60871861955318e-05,3.92991848853046e-05,1.08740463032153e-05,4.57854581188014e-06,5.34163678052683e-06,2.21933995720003e-05,1.84944996433336e-07,1.42407647253669e-05,7.1279485221946e-06,0.000438165684580115,0.000287761160684722,4.72772267507764e-05,9.7294098502453e-06,3.72006847215262e-05,3.37667753626161e-05,2.0158627749527e-05,7.02790986446676e-06,0,2.23783445684336e-05,3.51395493223338e-06,1.16515347753002e-05,2.21933995720003e-05,3.68040542902338e-05,0.000187256669218296,1.84944996433336e-07,0.000161826871879169,1.52618193729338e-06,3.75822302058495e-05,5.12752641451688e-06,2.30835018015624e-05,5.54834989300007e-07,3.05236387458676e-05,3.33852298782927e-05,0.000140790283715314,0.000204889925081636,8.01245517079025e-06,1.12555917875387e-05,7.20217958531908e-06,2.0985001637784e-06,2.0985001637784e-05,5.28898296872538e-05,3.51021845577478e-05,2.48004564810174e-06,7.94811961379855e-05,4.94101402198732e-05,4.76931855404182e-06,2.80435930977659e-05,9.24724982166679e-07,2.08987845969669e-05,0,1.33160397432002e-05,6.67704597565854e-06,1.94588197004906e-05,2.57220699475681e-07,2.76620476134425e-05,1.20214247681668e-05,1.2089372875357e-05,0.000111633783572446,7.39779985733343e-07,2.0985001637784e-05,1.81234105053589e-05,4.00622758539513e-06,3.01460344186337e-05,5.91823988586674e-06,1.30285068072427e-05,5.47517770004e-05,1.84944996433336e-07,2.68170244828337e-05
"PCSI_0890",0.000155596516005923,2.13731478030114e-07,3.74030086552699e-05,1.69827342202095e-05,9.11221809203258e-05,1.22861367533024e-06,6.14306837665118e-07,3.48107208010234e-06,7.57645099786979e-06,0.000643384027981267,3.27630313421396e-06,2.66199629654884e-06,0.000127597692383978,5.0654360293137e-05,1.81671756325597e-05,9.83164798938524e-06,1.04728424234756e-05,5.18065433097583e-05,6.14306837665118e-07,1.45385951580745e-05,0,0.000218693234208782,0.000155829167821052,4.72772267507764e-05,6.83940729696365e-06,2.09456848469512e-05,2.92812124901256e-05,1.22861367533024e-05,4.70968575543257e-06,2.2524584047721e-06,6.96214416020467e-05,2.04768945888373e-05,1.16718299156372e-05,7.16691310609304e-06,8.02694267882421e-05,0.000145566293316081,2.04768945888373e-07,3.01010350455908e-05,1.4961203462108e-06,9.61791651135513e-06,1.92358330227103e-06,1.83809071105898e-05,1.22861367533024e-06,3.84716660454205e-05,6.64704896673654e-05,0.000179961904501356,0.000193854450573313,1.75259811984693e-05,7.48060173105399e-06,5.93047861658108e-06,1.70985182424091e-06,1.56023978961983e-05,1.92358330227103e-06,2.45791199734631e-05,1.23964257257466e-05,0.000206218915531115,3.50519623969387e-05,1.09003053795358e-05,4.57385362984444e-05,1.22861367533024e-06,4.97588538508746e-05,4.27462956060228e-07,1.63815156710698e-06,2.56477773636137e-06,1.41062775499875e-05,3.23480651813513e-06,2.50065829295233e-05,9.62414045675352e-06,0.000120766110010378,0.000158505519388622,3.68584102599071e-06,3.39833050067881e-05,3.95689321217176e-05,6.1982128628733e-06,8.72315709484468e-05,3.07153418832559e-06,1.12622920238605e-05,4.21051011719324e-05,6.14306837665118e-07,1.43338262121861e-06
"PCSI_0894",2.60528299285291e-06,2.50997340574166e-06,7.05430471910941e-05,1.2778233250803e-06,0.000106864665971726,1.5314181927887e-06,0,1.5314181927887e-06,4.59425457836611e-06,0.000615630113501059,7.46566368984494e-06,1.33999091869012e-06,5.59133811543047e-05,4.9099564096074e-05,1.9439419254364e-05,0,1.78361681818391e-05,2.04827183285489e-05,6.89138186754917e-06,2.04827183285489e-05,1.72284546688729e-06,0.000136296219158195,6.06824458892524e-05,1.91427274098588e-07,6.21259790603386e-06,3.50711172114814e-05,2.74556746169883e-05,2.0158627749527e-05,1.28256273646054e-05,1.15886799333202e-05,2.29712728918306e-05,6.12567277115482e-06,0.000198701510514334,8.42280006033788e-06,8.7865118811252e-05,0.000269363225884702,3.44569093377459e-06,0.000505760615896373,2.00406384065608e-06,2.46499852400698e-05,1.60325107252487e-06,3.3267459754891e-05,1.14856364459153e-06,5.99215088356169e-05,5.932028968342e-05,0.000121646675127824,0.000198803132993083,3.14579212681185e-05,8.81788089888676e-06,3.06677598019272e-06,0,3.34678661389566e-05,0,8.01625536262433e-07,5.61137875383703e-06,0.000145671859059154,8.31686493872274e-05,2.00406384065608e-06,6.57332939735195e-05,2.29712728918306e-06,3.4839763885943e-05,2.00406384065608e-07,2.58426820033094e-05,3.20650214504973e-06,1.10223511236085e-05,0,1.64333234933799e-05,1.33999091869012e-06,7.66693995048179e-07,5.92910022837258e-05,2.29712728918306e-06,2.22451086312825e-05,3.44698980592846e-05,1.10223511236085e-05,0.000141656182832955,3.06283638557741e-06,1.28256273646054e-05,2.84577065373164e-05,0,1.12942091718167e-05
"PCSI_0895",0.000485616643025549,4.47645307345434e-07,1.29817139130176e-05,4.40906901405501e-06,2.96065535751147e-05,0,2.05601066493852e-07,5.55122879533401e-06,6.99043626079097e-06,0.000583495826709552,1.56256810535328e-05,1.43920746545696e-06,5.17030329983977e-05,2.84254770164351e-05,5.37174368814521e-06,6.93890261408957e-05,7.16232491752695e-06,3.0634558907584e-05,5.1400266623463e-06,1.76816917184713e-05,0,7.48387882037622e-05,0.00018894738010785,3.08401599740778e-06,3.58116245876347e-06,1.1862600644654e-05,1.74581669864719e-05,3.49521813039549e-06,2.65063649003463e-05,6.16803199481556e-07,1.91208991839282e-05,1.43920746545696e-06,0.000105267746044852,8.22404265975408e-07,8.12124212650716e-05,5.40110954221739e-05,6.16803199481556e-07,5.44842826208708e-05,1.56675857570902e-06,1.83534576011628e-05,1.79058122938174e-06,1.32055365666903e-05,1.12384116399009e-05,0.000115261427499124,5.23745009594158e-05,4.72265799249433e-05,0.000104077533957813,2.61872504797079e-05,8.95290614690868e-07,1.10226725351375e-06,1.51001089840171e-05,5.39412595351248e-05,1.00720194152723e-05,5.61920958176839e-05,2.68674896069946e-05,6.28292334502839e-05,4.54359986955616e-05,2.60436879369994e-05,3.49163339729439e-05,1.43920746545696e-06,5.75682986182786e-06,8.95290614690868e-07,3.28961706390163e-06,1.07825398612992e-05,2.55157825186898e-05,2.2045345070275e-06,2.48443145576716e-05,6.78483519429712e-06,0.000179393995509363,0.000310404372082034,9.86779877586311e-06,1.36531818740357e-05,3.84974964317073e-05,1.00720194152723e-05,5.26338730224261e-05,4.52322346286475e-06,1.85040959844467e-06,6.10714347266942e-05,4.11202132987704e-07,1.91208991839282e-05
"PCSI_0896",0.000427235975851024,4.09818681871486e-07,9.0160110011727e-06,3.35305624726453e-05,1.26616009873711e-05,3.49588643956235e-05,1.32640385284787e-05,2.33752633613005e-05,1.55835089075337e-06,0.000193625098176106,8.37613603779936e-06,7.79175445376685e-07,6.35218956900804e-06,2.66382143216466e-06,8.19637363742972e-07,4.24162335736988e-05,9.22092034210844e-06,7.4021667310785e-06,1.16876316806503e-06,3.89587722688342e-06,7.1279485221946e-06,0.000246024646877688,5.33735180083029e-05,4.40234126637827e-05,5.53255220526506e-06,8.40128297836547e-06,3.07364011403615e-06,2.92190792016257e-06,8.57092989914353e-06,5.84381584032513e-07,8.18134217645519e-06,1.18824255419944e-05,0.000243492326680214,0.00020920860708364,5.08411978108287e-05,0.000116086871590901,2.92190792016257e-06,0.000505760615896373,0,8.19637363742972e-07,4.09818681871486e-07,1.4343653865502e-05,2.53232019747422e-06,4.48751456649277e-05,2.66382143216466e-05,7.31526347140603e-05,6.74151731678595e-05,1.22945604561446e-06,0,4.06431060274488e-06,8.19637363742972e-07,3.68836813684338e-06,5.28898296872538e-05,4.85635138017711e-05,8.81110166023695e-06,0.000475712961666303,1.22945604561446e-06,1.4343653865502e-06,6.76200825087952e-06,2.92190792016257e-06,0.000148627716205603,2.04909340935743e-07,3.11670178150674e-05,4.71291484152209e-06,1.12700137514659e-05,1.27009706335778e-06,9.42582968304418e-06,5.89987213390597e-05,1.01607765068622e-06,9.90675709419065e-05,2.33752633613005e-06,7.17182693275101e-06,9.22092034210844e-06,1.22945604561446e-05,1.01292807898969e-05,4.67505267226011e-06,1.94793861344171e-06,3.34002225725261e-05,0,5.37631057309912e-05
"PCSI_0898",0.000217815250801532,0,5.20493586330933e-05,0,5.90729862603767e-05,9.91157487590213e-07,3.96462995036085e-07,7.53279690568562e-06,2.97347246277064e-06,0.000419457848748178,2.83471041450801e-05,5.83162916482937e-06,0.000194053587077728,9.77343132170727e-05,1.30123396582733e-05,3.3379479992962e-05,1.18808318619017e-05,3.17170396028868e-05,3.96462995036085e-07,8.24774681057557e-05,0,0.000113586648077838,6.32358477082556e-05,4.95578743795106e-06,1.04664471164372e-05,8.76918542187985e-06,5.14836047349075e-05,5.94694492554128e-06,1.14974268560465e-05,1.58585198014434e-06,7.79049785245907e-05,2.83822063489015e-05,5.78835972752684e-05,3.56816695532477e-06,7.98872934997711e-05,5.43501743689469e-07,9.91157487590213e-07,6.36323107032917e-05,7.07192372732246e-06,4.4156097141668e-05,1.69726169455739e-06,4.80890813457927e-06,3.76639845284281e-06,3.93198959239129e-05,2.63075562656396e-05,4.97863430403501e-05,0.000109190502349859,2.20644020292461e-05,1.78212477928526e-05,1.63050523106841e-06,1.1032201014623e-05,5.77068976149513e-05,9.90069321825145e-06,2.65904332147325e-05,4.24315423639348e-06,1.52180488233051e-05,9.47182179542677e-05,8.48630847278695e-06,2.60246793165467e-05,5.94694492554128e-07,1.30832788361908e-05,3.96027728730058e-06,2.25983907170568e-05,2.54589254183609e-06,8.48630847278695e-06,0,3.98856498220987e-05,2.37877797021651e-06,5.43501743689469e-07,5.16326656504996e-06,3.96462995036085e-07,1.1032201014623e-05,3.42281108402407e-05,8.76918542187985e-06,5.01525688720648e-05,1.78408347766238e-06,2.18054647269847e-06,3.53596186366123e-05,0,6.34340792057736e-06
"PCSI_0899",0.000485616643025549,0,0.000209542680014713,0.000273761857089661,5.10492795054488e-05,3.49588643956235e-05,1.97101465272003e-06,1.85275377355683e-05,1.36525259974829e-05,4.75014531305527e-05,7.48985568033611e-06,5.83162916482937e-06,4.06321338911778e-05,4.14830686323543e-05,5.74380950294136e-06,6.93890261408957e-05,2.72147684304436e-05,2.56231904853604e-06,6.93606187862043e-06,5.71594249288809e-06,5.91304395816009e-07,5.06550765749048e-05,5.26260912276248e-05,1.61623201523042e-05,8.50934741176498e-06,2.08479011588242e-05,2.2124303270589e-05,6.8985512845201e-06,1.18260879163202e-05,5.12463809707208e-06,9.85507326360015e-07,5.91304395816009e-07,5.81449322552409e-05,5.34144970887128e-05,3.50840608184165e-05,4.17745734359143e-06,8.99469730480647e-06,0.000210504364910499,1.91460316764712e-06,4.4156097141668e-05,5.12752641451688e-06,4.23340033735308e-05,4.92753663180007e-06,1.14876190058827e-05,5.31834213235311e-06,5.70126276588254e-05,8.91354141382382e-05,1.10621516352945e-05,8.50934741176498e-06,1.30545541987232e-06,8.50934741176498e-06,1.59550263970593e-05,5.28898296872538e-05,5.02051497294134e-05,1.55295590264711e-05,0.000120624080796202,4.6163209708825e-05,1.95714990470595e-05,3.9355731779413e-05,5.91304395816009e-07,1.85275377355683e-05,2.12733685294125e-06,6.16927586301369e-05,8.50934741176498e-07,1.8720564305883e-05,1.38378274506466e-05,6.02036329382372e-05,2.36521758326404e-06,3.39418409166804e-06,1.87985580461614e-05,4.53333370125607e-06,2.08479011588242e-05,9.78574952352973e-06,7.65841267058848e-06,9.04695725598494e-05,1.97101465272003e-06,4.53333370125607e-06,4.87160139323545e-05,1.97101465272003e-07,2.93681183255284e-05
"PCSI_0901",3.07202627856235e-05,0,9.24105465909e-06,1.52334333238971e-06,2.1635338908039e-05,1.90900049188579e-06,1.48477816035562e-06,2.75744515494615e-06,8.48444663060353e-07,1.88778937530928e-05,8.9086689621337e-06,0,2.24782410626514e-05,4.24588997850081e-06,4.49564821253027e-06,9.99032936117838e-07,6.99323055282487e-06,1.27266699459053e-06,6.93606187862043e-06,2.12111165765088e-06,1.06055582882544e-06,0.000172870600098547,2.77865627152265e-05,4.5603900639494e-05,3.24685704238297e-06,6.74347231879541e-06,1.44859775737086e-05,8.06022429907335e-06,1.61204485981467e-05,1.15886799333202e-05,2.33322282341597e-06,1.69688932612071e-06,0.00030183418888372,2.35443393999248e-05,5.09066797836212e-05,2.53890555398284e-07,8.69655779636861e-06,0.000505760615896373,2.49758234029459e-07,2.74734057432405e-06,9.99032936117838e-07,2.4975823402946e-06,3.18166748647632e-06,8.49177995700162e-06,3.24685704238297e-05,6.76844814219835e-05,0.000124129842312641,1.74830763820622e-06,1.49854940417676e-06,1.77723388778799e-06,2.49758234029459e-07,4.49564821253027e-06,4.99516468058919e-07,2.4975823402946e-06,9.99032936117838e-07,0.000199557976543052,6.49371408476595e-06,9.99032936117838e-07,5.49468114864811e-06,4.24222331530176e-07,3.6058898180065e-06,2.49758234029459e-07,1.71810044269721e-05,2.49758234029459e-07,8.99129642506054e-06,1.52334333238971e-06,1.34869446375908e-05,2.33322282341597e-06,2.53890555398284e-07,7.61671666194853e-06,2.33322282341597e-06,1.02400875952078e-05,5.99419761670703e-06,2.24782410626514e-06,4.26343443187827e-05,3.18166748647632e-06,4.03011214953667e-06,3.22188121898003e-05,0,0.000105001508747529
"PCSI_0903",9.3921210540047e-06,0,2.06626663188103e-05,7.87186233280863e-06,1.65889274029625e-05,2.5804998182386e-05,2.0480157287608e-07,6.96325347778671e-06,8.19206291504319e-07,0.000251701133064702,5.73444404053023e-06,0,5.11348812940256e-05,1.89929559092095e-05,5.42655883120271e-06,2.08713801200104e-06,4.38298982520219e-06,2.0480157287608e-06,8.19206291504319e-07,3.46114658160575e-05,0,0.00013475943495246,0.000235931411953244,2.60097997552621e-05,6.88755543960344e-06,2.77589355596139e-05,2.73415079572137e-05,4.30083303039767e-06,8.19206291504319e-06,6.14404718628239e-07,1.49505148199538e-05,7.57765819641495e-06,0.000309659978188632,4.71043617614983e-06,4.58755523242418e-05,5.07862085987653e-07,6.55365033203455e-06,0.000505760615896373,8.34855204800417e-07,6.26141403600313e-06,1.25228280720063e-06,8.76597965040438e-06,2.45761887451296e-06,4.48734672580224e-05,3.88207670232194e-05,5.09261674928255e-05,0.000188468562483694,3.96556222280198e-06,1.94103835116097e-05,0,8.34855204800417e-07,9.41445086939676e-05,2.29585181320115e-06,8.34855204800417e-07,1.46099660840073e-06,2.81863457723148e-05,1.73232454996087e-05,2.50456561440125e-06,2.27498043308114e-05,4.09603145752159e-07,1.06496817895561e-05,1.66971040960083e-06,7.61861851099016e-05,3.75684842160188e-06,2.44195147404122e-05,5.56829298593496e-05,4.84216018784242e-05,2.25281730163688e-06,1.77751730095679e-06,4.31682773089505e-06,9.86779877586311e-06,1.3983824680407e-05,1.29402556744065e-05,5.0091312288025e-06,2.45761887451296e-05,4.09603145752159e-06,4.30083303039767e-06,6.10714347266942e-05,0,0.000105001508747529
"PCSI_0904",0.000208859103436782,2.50997340574166e-06,0.000116833874105245,0.000188660696432619,8.74503251300957e-05,3.49588643956235e-05,0,1.70219610958824e-05,8.93652957533824e-06,0.000693644914657206,2.97884319177941e-06,1.91497062328677e-06,0.000189563490835008,9.77343132170727e-05,2.82012799564386e-05,3.2654113633771e-05,1.80233744082502e-05,3.9363285034228e-05,3.82994124657353e-06,5.7449118698603e-06,2.97884319177941e-06,0.000204476307664287,5.63852461301103e-05,1.10642747123235e-05,2.8501302473598e-05,6.4060894249325e-05,6.12794729880507e-05,2.0158627749527e-05,1.55325394999927e-05,9.14930408903677e-06,4.7023167527375e-05,2.55329416438236e-06,2.97884319177941e-05,9.78762763013236e-06,0.000112303164058098,7.80310907694097e-05,4.89381381506618e-06,0.000109578874554743,7.4209473785573e-06,3.60467488165004e-05,3.39263518272945e-06,5.55986673389457e-05,3.40439221917647e-06,3.75310267089446e-05,0.000106575854621547,0.000230913823584807,0.000292833975375892,3.14579212681185e-05,2.18400889888208e-05,1.02672487854486e-06,1.48427789244413e-06,2.45966050747885e-05,1.69631759136473e-06,2.14160095909797e-05,2.68674896069946e-05,0.000105752662490121,9.47182179542677e-05,2.60436879369994e-05,7.19310526038358e-05,4.68103930136765e-06,0.000210859543075243,0,8.09503348180828e-05,1.27223819352354e-06,1.92956126017738e-05,5.64698683199675e-06,6.70537993159876e-05,5.89987213390597e-05,4.10689951417946e-06,0.000178906810086443,3.40439221917647e-06,4.74968925582123e-05,3.95689321217176e-05,1.93200969415321e-05,5.63852461301103e-05,3.40439221917647e-06,5.53213735616177e-06,4.87691307517359e-05,0,2.76606867808088e-06
"PCSI_0905",8.74473769412784e-06,6.39858855667891e-07,0.000257347313977238,1.301311018799e-06,8.02274769882525e-06,2.00568692470631e-07,8.62445377623714e-06,6.4181981590602e-06,1.36525259974829e-05,0.000589872524556126,9.6272972385903e-06,6.01706077411894e-07,4.24439707593034e-05,2.28216325188214e-05,5.54544341578839e-06,1.06643142611315e-06,2.09020559518178e-05,0.000107931543454963,3.00853038705947e-06,3.61023646447136e-06,0,0.000223032386027342,0.000112318467783553,2.26642622491813e-05,1.10908868315768e-05,3.19929427833946e-05,3.71118136287377e-05,3.81080515694199e-06,2.65063649003463e-05,3.00853038705947e-06,9.44678541536673e-05,2.83822063489015e-05,1.98563005545925e-05,6.55859624378964e-05,9.28633046139023e-05,4.6847196676764e-06,2.00568692470631e-07,0.000119137803327555,6.39858855667891e-07,9.59788283501837e-06,8.53145140890521e-07,4.47901198967524e-06,1.20341215482379e-06,4.54299787524203e-05,6.71851798451286e-05,0.000193237374411703,0.000292833975375892,5.11887084534313e-06,1.1517459402022e-05,2.602622037598e-07,0,1.89824793848141e-05,8.53145140890521e-07,1.27971771133578e-06,4.9055845601205e-06,1.79580920594262e-05,1.27971771133578e-05,2.77272170789419e-06,4.9055845601205e-06,6.01706077411894e-07,4.41251123435389e-05,4.26572570445261e-07,4.01137384941262e-06,3.41258056356209e-06,2.55943542267156e-05,5.56829298593496e-05,2.04754833813725e-05,4.09160132640088e-05,2.602622037598e-06,4.9449818714362e-06,5.61592338917767e-06,8.74473769412784e-06,3.83915313400735e-06,2.98600799311682e-06,0.000108708231319082,6.01706077411894e-06,2.00568692470631e-06,6.10714347266942e-05,0,2.20625561717694e-06
"PCSI_0907",0.000337260914203935,2.16054397311938e-07,0.000257347313977238,4.31759937157341e-06,2.49660636915234e-05,3.30129767821798e-06,1.85697994399761e-06,1.32051907128719e-05,6.80892646132458e-06,0.000621469287924534,4.53928430754972e-06,1.03165552444312e-06,6.33039384123977e-05,1.66361885930192e-05,6.913740713982e-06,6.93890261408957e-05,2.72147684304436e-05,4.12662209777247e-05,2.26964215377486e-06,3.30129767821798e-06,0,0.000114926425422963,0.000199522178427299,1.23798662933174e-06,1.49077534145237e-05,5.68223064930396e-05,6.39255016192998e-05,4.74561541243834e-06,2.18710971181941e-05,1.23798662933174e-06,1.2586197398206e-05,1.23798662933174e-06,0.000333843727709793,2.29027526426372e-05,0.000107085843437196,3.85885443834374e-05,7.22158867110182e-06,5.096378290749e-05,2.59265276774325e-06,0,4.32108794623875e-07,4.10503354892681e-06,9.49123082487668e-06,4.23466618731398e-05,0.000106575854621547,0.000230913823584807,0.000292833975375892,7.99401270054169e-06,6.26557752204619e-06,1.61909976434003e-06,2.16054397311938e-07,4.32108794623875e-07,4.10503354892681e-06,2.39820381016251e-05,2.68674896069946e-05,3.72392945798207e-05,9.50639348172526e-06,1.14508830575327e-05,9.72244787903719e-06,1.12872631938267e-05,0.00021667096783772,0,4.91068029634924e-05,2.80870716505519e-06,3.70758065347305e-05,2.15879968578671e-06,3.456870356991e-05,3.11559968381822e-05,0.000179762293383797,0.00017783112411668,9.86779877586311e-06,1.49077534145237e-05,6.04952312473425e-06,1.49077534145237e-05,2.68230436355211e-05,7.22158867110182e-06,5.77727093688146e-06,3.69453019403413e-05,2.06331104888624e-07,0.000105001508747529
"PCSI_0909",4.9575330954769e-05,2.25342413430768e-07,9.89253194961073e-05,2.90235238563208e-07,0.000106864665971726,0,6.11792795568826e-07,1.83537838670648e-06,7.95330634239473e-06,0.000833570456105414,7.74937541053846e-06,5.09827329640688e-06,0.000223849996789359,9.77343132170727e-05,3.22966614727481e-05,3.83082102832306e-06,4.9575330954769e-06,0.000107931543454963,2.24324025041903e-06,1.22358559113765e-06,0,0.00012154283538634,4.30294266216741e-05,2.42677808908967e-05,2.8501302473598e-05,2.65904047848307e-05,6.39255016192998e-05,6.11792795568826e-07,6.93365168311336e-06,1.83537838670648e-06,9.68131013737941e-05,1.4071234298083e-05,4.69041143269433e-05,4.0786186371255e-07,0.000112303164058098,0.000249021834687232,6.11792795568826e-07,1.42751652299393e-05,4.50684826861537e-06,8.11232688350766e-06,1.57739689401538e-06,4.73219068204614e-06,8.15723727425101e-07,0.000115261427499124,5.2504782329369e-05,0.000118304767051153,0.000144669829422553,2.07315020356307e-05,4.93072694729546e-05,0,3.60547861489229e-06,6.8053408856092e-05,1.37458872192769e-05,1.71260234207384e-05,2.25342413430768e-06,3.19258762419529e-05,5.79130002517075e-05,3.15479378803076e-06,2.54636927176768e-05,1.6314474548502e-06,9.40121595857429e-05,1.12671206715384e-06,2.24324025041903e-06,2.25342413430768e-07,1.80273930744615e-06,5.80470477126416e-07,1.87034203147538e-05,2.03930931856275e-07,2.2348113369367e-05,2.90235238563208e-07,3.67075677341295e-06,3.53787589086306e-05,2.83931440922768e-05,9.68972377752304e-06,6.60736219214332e-05,2.03930931856275e-07,1.22358559113765e-06,4.25897161384152e-05,0,1.22358559113765e-06
"PCSI_0910",1.82025329652009e-05,0,3.68187598614291e-05,2.76873949545363e-05,6.8992453375475e-06,8.4324109681136e-06,8.4324109681136e-06,3.06633126113222e-05,9.58228519103819e-07,0.000215218125390718,9.0073480795759e-06,1.91645703820764e-07,4.55063324130022e-05,2.06846965513647e-05,2.6890105516774e-06,1.86162268962282e-06,1.38587466894143e-05,6.13266252226444e-06,2.1081027420284e-06,6.51595392990597e-06,1.53316563056611e-06,0.000137793261047129,5.74937111462291e-05,2.93217926845769e-05,1.01355013101687e-05,2.29600131720148e-05,2.23394722754738e-05,3.06633126113222e-06,2.28058387546709e-05,5.36607970698138e-06,2.01227989011802e-05,2.22309016432086e-05,0.000391283248974275,8.89236065728344e-05,5.80686482576914e-05,0.000143564270134633,8.99469730480647e-06,0.000408205349138227,2.89585751719105e-06,5.7917150343821e-06,6.2054089654094e-07,6.41225593092304e-06,1.14987422292458e-06,1.79956859996872e-05,2.35805540685557e-05,5.75034564127937e-05,7.9015540826213e-05,4.55063324130022e-06,2.06846965513647e-07,2.56364768097558e-06,2.06846965513647e-06,9.41445086939676e-05,6.2054089654094e-07,2.48216358616376e-06,1.03423482756823e-06,0.000192017211305071,1.63409102755781e-05,4.34378627578658e-06,1.15834300687642e-05,1.14987422292458e-06,3.23881239457091e-05,8.27387862054586e-07,4.56116775093418e-05,6.2054089654094e-07,7.86018468951857e-06,5.56829298593496e-05,2.0477849585851e-05,5.89987213390597e-05,9.74186118770721e-06,6.53730158648773e-05,5.74937111462291e-07,9.10126648260045e-06,1.13765831032506e-05,4.75748020681387e-06,3.20048325380675e-05,4.98278829933986e-06,2.68303985349069e-06,4.48857915164613e-05,0,3.0854958315143e-05
"PCSI_0911",0.000130203497580531,0,1.35446591442834e-05,4.66276307050201e-06,3.63533105546182e-06,6.05888509243637e-07,1.21177701848727e-06,3.43336821904728e-06,4.64514523753455e-06,2.80728342616218e-05,4.8471080739491e-06,8.07851345658183e-07,0.000201859113698675,9.77343132170727e-05,8.73848977050541e-06,5.68001835082852e-06,1.96616019836372e-06,4.8471080739491e-06,6.93606187862043e-06,4.8471080739491e-06,0,0.000249424102971964,0.000249424102971964,3.63533105546182e-06,1.44185081213339e-05,4.32555243640018e-05,4.21632131426886e-05,3.23140538263273e-06,1.39354357126037e-05,9.49225331148365e-06,1.21177701848727e-06,4.24121956470546e-06,0.000391283248974275,2.22159120056e-06,3.51415335361309e-05,7.77127178417002e-07,2.01962836414546e-07,0.000103001046571418,7.4209473785573e-06,3.27693366393953e-05,3.7138581524648e-06,6.55386732787906e-06,6.05888509243637e-07,2.29385356475767e-05,6.09509661492753e-05,5.68001835082852e-05,0.000167123616860916,2.05354509606877e-05,1.31077346557581e-06,2.59042392805667e-07,6.7723295721417e-06,3.27693366393953e-05,3.05847141967689e-05,3.34247233721832e-05,5.68001835082852e-06,5.72483688100525e-05,6.51017487902653e-05,3.7138581524648e-06,1.52923570983845e-05,0,5.45299658319273e-06,2.18462244262635e-07,5.85692225602182e-06,0,4.80616937377798e-06,8.54839896258703e-06,6.70537993159876e-05,2.01962836414546e-07,0,2.59042392805667e-07,3.02944254621819e-06,2.38123846246272e-05,3.75755060131733e-05,6.11694283935379e-06,1.21177701848727e-05,2.62551687338909e-06,1.00981418207273e-06,6.10714347266942e-05,0,2.08021721506982e-05
"PCSI_0914",0.000201573775903267,0,0.000257347313977238,2.53980703054143e-07,2.27636614748522e-05,1.0926557507929e-06,4.00640441957398e-06,3.64218583597635e-06,2.73163937698226e-06,0.000565995678910724,8.92335529814205e-06,1.82109291798817e-07,0.000223849996789359,6.45588880708797e-05,1.71762179271148e-05,3.59318581923551e-05,2.07299181878972e-05,4.73484158676925e-06,1.82109291798817e-07,1.63898362618936e-06,5.82749733756215e-06,0.000438165684580115,0.000108719247203894,9.10546458994087e-07,1.77685013039119e-05,3.77087083227463e-05,5.46874984575954e-05,1.0926557507929e-05,1.25655411341184e-05,2.36742079338462e-06,8.92335529814205e-06,1.2929759717716e-05,0.000108355028620296,0.000298911127284721,5.04442738282724e-05,2.79378773359558e-06,4.1885137113728e-06,0.00014313790335387,1.18456675359412e-06,9.08167844422161e-06,5.12752641451688e-06,6.31768935250199e-06,2.18531150158581e-06,0.000115261427499124,2.68501797481335e-05,5.98206210565032e-05,0.000123984653542852,1.10559563668785e-05,9.47653402875299e-06,2.53980703054143e-07,5.33055039117356e-06,4.18546919603257e-05,3.158844676251e-06,1.28328064972697e-05,1.40173732508638e-05,1.11751509343823e-05,2.70476075403992e-05,2.60436879369994e-05,1.53993677967236e-05,1.12872631938267e-05,0.00021667096783772,4.33899288124141e-06,8.09503348180828e-05,9.67396182101868e-06,2.5863040786805e-05,1.52388421832486e-06,9.67396182101868e-06,6.19171592115979e-06,5.8415561702453e-06,0.000257790413599955,1.45687433439054e-06,5.13312259890787e-05,1.59916511735207e-05,9.47653402875299e-06,9.10546458994087e-05,8.92335529814205e-06,9.4696831735385e-06,1.97427792265687e-05,5.46327875396452e-07,0.000105001508747529
"PCSI_0915",1.46951791240285e-05,4.08199420111904e-07,2.42878654966583e-05,0.000273761857089661,2.70391083307493e-05,2.30120070899994e-06,3.6435677892499e-06,9.01303611024976e-06,2.87650088624992e-06,0.000301457292878992,2.30120070899994e-06,7.6706690299998e-07,0.000223849996789359,5.57192208452749e-05,2.06140707156511e-05,8.16398840223808e-07,2.72147684304436e-05,9.01303611024976e-06,1.91766725749995e-07,1.53413380599996e-06,2.68473416049993e-06,0.000178343054947495,5.04346488722486e-05,3.8353345149999e-07,2.8501302473598e-05,6.4060894249325e-05,5.06167280938761e-05,1.22730704479997e-05,1.34236708024996e-05,1.91766725749995e-06,1.13142368192497e-05,2.83822063489015e-05,0.000212861065582494,1.15060035449997e-05,4.44898803739988e-05,0.000116907781504728,1.91766725749995e-07,1.95602060264995e-05,7.4209473785573e-06,4.4156097141668e-05,5.12752641451688e-06,4.87798307033725e-05,1.72590053174995e-06,0.000115261427499124,5.18413263542118e-05,0.000230913823584807,0.000213488296718526,2.24509681061547e-05,2.85739594078333e-06,7.6744714335708e-07,0,1.81648741949797e-05,0,2.44919652067142e-06,1.61238770944202e-05,3.58142000233304e-06,9.47182179542677e-05,1.2858281733525e-05,7.19310526038358e-05,1.12872631938267e-05,4.83252148889987e-05,4.28609391117499e-06,6.28994860459983e-05,1.07825398612992e-05,3.70758065347305e-05,0,4.04117425910785e-05,9.20480283599975e-06,0,1.79071000116652e-06,1.91766725749995e-07,5.57037267728113e-05,2.20427686860428e-05,1.93200969415321e-05,1.74507720432495e-05,4.21886796649989e-06,5.36946832099986e-06,1.77566747748678e-05,0,3.8928645327249e-05
"PCSI_0916",1.96463878631012e-05,0,5.00297551397578e-05,9.85146071237468e-06,9.79686108570814e-06,2.39923128629587e-06,9.9967970262328e-07,4.194060024578e-05,1.39955158367259e-06,0.00065059155046723,2.99903910786984e-06,5.83162916482937e-06,0.000189382041145476,5.32280043267743e-05,1.8047263269593e-05,2.9698028165153e-06,9.13785482004708e-06,1.7994234647219e-05,0,4.79846257259174e-06,1.7994234647219e-06,0.000339291291070341,5.6381935227953e-05,2.61916082087299e-05,1.165076489556e-05,1.53059068235789e-05,3.03833672766566e-05,2.59916722682053e-06,7.19769385888761e-06,0,3.79878286996846e-05,2.83822063489015e-05,1.17962204909547e-05,1.53950674203985e-05,4.71848819638188e-05,3.3702365594966e-06,7.99743762098624e-07,0.000171545036970155,6.85339111503531e-07,7.76717659704002e-06,1.59912459350824e-06,1.82757096400942e-06,5.99807821573968e-07,8.47536034559367e-05,1.553435319408e-05,6.94476966323578e-05,7.2189053078372e-05,1.09654257840565e-05,1.96463878631012e-05,5.18497932230246e-07,1.82757096400942e-06,3.12971527586613e-05,5.0258201510259e-06,3.42669555751766e-06,6.85339111503531e-07,0.00010577357817497,2.9698028165153e-05,5.71115926252943e-06,1.64481386760847e-05,4.39859069154243e-06,8.69721341282253e-05,4.56892741002354e-07,1.7994234647219e-05,5.48271289202825e-06,7.53873022653884e-06,7.51822001733857e-06,1.94179414926001e-05,1.39955158367259e-06,0.000114069545090654,3.7850349052808e-05,3.39891098891915e-06,2.51291007551295e-05,1.25645503775647e-05,7.53873022653884e-06,3.53886614728641e-05,3.19897504839449e-06,3.99871881049312e-07,3.54091874276824e-05,0,5.99807821573968e-07
"PCSI_0919",0.000245682679884553,0,8.11700815374206e-05,1.29775813554397e-05,3.38936585526621e-05,3.49588643956235e-05,1.32640385284787e-05,4.194060024578e-05,1.34825603082413e-05,0.000100744686747692,1.23590136158878e-05,5.83162916482937e-06,2.03418939132709e-05,1.63920116000144e-05,2.96241173494236e-06,2.21193409542363e-05,2.60692232674927e-05,3.38936585526621e-05,1.87257782058907e-07,8.24774681057557e-05,5.6177334617672e-07,0.000143439461057123,8.20189085418012e-05,1.83512626417729e-05,2.76491761927953e-06,2.17243527229106e-06,3.75238819759365e-06,6.74128015412064e-06,1.47933647826536e-05,0,3.78260719758992e-05,3.18338229500142e-06,9.99956556194562e-05,0.000298911127284721,8.61385797470971e-05,2.79908617470267e-06,5.6177334617672e-06,0.000133327540825942,1.97494115662824e-07,6.51730581687319e-06,9.87470578314119e-07,6.12231758554754e-06,7.67756906441518e-06,2.1329364491585e-05,1.91569292192939e-05,7.56402462988615e-05,5.72732935422189e-05,1.57995292530259e-06,2.17243527229106e-06,7.37940900603432e-06,2.17243527229106e-06,5.33234112289624e-06,4.1473764289193e-06,9.28222343615272e-06,8.2947528578386e-06,0.000475712961666303,6.71479993253601e-06,3.94988231325648e-06,1.20471410554323e-05,9.36288910294534e-07,1.25462713979468e-05,4.33899288124141e-06,1.10482091414755e-05,2.17243527229106e-06,1.77744704096541e-05,7.63387138555275e-06,2.66617056144812e-05,5.89987213390597e-05,2.0356990361474e-06,1.1959731837366e-05,4.11967120529595e-06,3.94988231325648e-06,1.59970233686887e-05,5.72732935422189e-06,6.06715213870858e-05,5.24321789764939e-06,5.4304756797083e-06,1.63920116000144e-05,3.74515564117814e-07,1.72277159494194e-05
"PCSI_0920",4.09666490510076e-06,0,0.000257347313977238,2.58089254638233e-05,4.12766879585582e-06,0,0,1.23830063875675e-05,0,3.71490191627024e-05,0,0,0.000223849996789359,9.77343132170727e-05,2.66283218831549e-05,2.04833245255038e-06,2.04833245255038e-06,0.000107931543454963,0,2.06383439792791e-06,0,0,1.44468407854954e-05,0,2.8501302473598e-05,2.25316569780542e-05,6.39255016192998e-05,0,0,0,9.68131013737941e-05,0,0,6.19150319378373e-06,0.000111447057488107,5.8991829631596e-05,0,0,2.04833245255038e-06,2.45799894306045e-05,0,0,0,5.73533086714106e-05,5.73533086714106e-05,0.000192543250539736,0.000229413234685642,2.25316569780542e-05,3.68699841459068e-05,7.3739787039495e-06,0,0,6.14499735765114e-06,2.04833245255038e-06,0,7.74267763914698e-05,7.5788300744364e-05,2.04833245255038e-06,3.89183165984572e-05,0,3.71490191627024e-05,2.04833245255038e-06,0,0,1.22899947153023e-05,0,1.02416622627519e-05,0,2.58089254638233e-05,1.4747957407899e-05,4.12766879585582e-06,5.32566437663098e-05,3.89183165984572e-05,6.14499735765114e-06,8.25533759171164e-06,0,0,2.04833245255038e-06,0,0
"PCSI_0922",3.40560884395085e-05,0,4.29162090091367e-05,1.76638227911973e-05,1.40359388891111e-05,6.88555492673372e-06,1.32640385284787e-05,1.16524775683186e-05,0,2.11863228514884e-06,0,0,3.48867247429111e-05,5.53757535601764e-06,6.92196919502205e-06,3.0456664458097e-06,6.64509042722117e-06,1.32414517821802e-06,2.64829035643605e-07,1.85380324950523e-06,1.05931614257442e-06,1.74787163524779e-05,1.05931614257442e-06,1.32414517821802e-06,2.49190891020794e-06,4.15318151701323e-06,1.55052109968494e-05,0,0,1.32414517821802e-06,5.29658071287209e-07,0,4.79340554514925e-05,0.000298911127284721,5.77327297703058e-05,2.1329899219559e-05,5.8262387841593e-06,4.76692264158489e-05,5.53757535601764e-07,2.76878767800882e-06,1.38439383900441e-06,2.76878767800882e-06,5.29658071287209e-07,7.19884796282293e-05,3.65479973497164e-05,0.000149791413380277,9.77382050337114e-05,8.30636303402646e-07,3.0456664458097e-06,1.66639837652805e-06,2.76878767800882e-07,4.15318151701323e-06,4.706939052615e-06,4.43006028481411e-06,4.98381782041588e-06,0.000475712961666303,3.0456664458097e-06,1.10751507120353e-06,3.0456664458097e-06,1.0063503354457e-05,8.73935817623896e-06,1.66127260680529e-06,2.38346132079244e-06,3.32254521361058e-06,5.53757535601764e-06,4.33263577897292e-06,1.55052109968494e-05,2.70125616356477e-05,1.66639837652805e-06,4.23265187638124e-05,2.64829035643605e-07,3.40560884395085e-05,8.58324180182734e-06,8.86012056962823e-06,3.97243553465407e-06,2.64829035643605e-07,1.58897421386163e-06,3.32254521361058e-06,0,1.58897421386163e-06
"PCSI_0923",7.19590335386866e-05,0,0.000257347313977238,2.772198727838e-07,7.8633148174524e-05,0,1.05974593227121e-06,6.35847559362728e-06,5.29872966135607e-06,0.000426653712332391,3.81508535617637e-06,4.87483128844758e-06,0.000223849996789359,9.77343132170727e-05,3.22966614727481e-05,1.00162757306597e-05,1.81874480372505e-05,6.04055181394592e-05,6.35847559362728e-07,1.58961889840682e-05,0,0.000173162485333116,6.14652640717304e-05,1.27169511872546e-06,2.8501302473598e-05,6.4060894249325e-05,6.39255016192998e-05,1.42005954924343e-05,1.52603414247055e-05,2.11949186454243e-07,2.098296945897e-05,1.16572052549833e-05,1.12333068820749e-05,6.35847559362728e-07,8.20243351577919e-05,1.9405391094866e-06,4.23898372908485e-07,3.60313616972213e-06,7.4209473785573e-06,4.4156097141668e-05,5.12752641451688e-06,3.61113098710625e-05,1.69559349163394e-06,7.9866619641839e-05,0.000106575854621547,0.000230913823584807,0.000292833975375892,3.14579212681185e-05,4.93072694729546e-05,9.82372037689975e-06,5.79889647564507e-06,4.11194477363923e-05,9.75268952722126e-06,1.37064825787974e-05,1.18613791547286e-05,1.74648519853794e-05,9.47182179542677e-05,2.34591721060187e-05,7.19310526038358e-05,6.35847559362728e-07,2.33144105099667e-06,4.33899288124141e-06,1.27169511872546e-06,3.69020684813777e-06,2.97852409885406e-05,3.6038583461894e-06,3.16303444126095e-05,3.39118698326788e-06,5.54439745567601e-06,3.24347251157046e-05,2.33144105099667e-06,5.57037267728113e-05,3.13667582091711e-05,1.89782066475657e-05,8.41438270223344e-05,5.51067884781031e-06,1.16572052549833e-05,1.660593081662e-05,0,3.60313616972213e-06
"PCSI_0927",8.01740259338825e-05,1.93190423937066e-07,7.26395994003369e-05,1.2753699784539e-06,2.52952446395919e-05,0,7.27920709053004e-07,1.81980177263251e-06,5.45940531789753e-06,0.000833570456105414,1.03728701040053e-05,7.27920709053004e-07,0.000223849996789359,5.95026505726164e-05,2.37624221442592e-05,3.67061805480426e-06,1.10118541644128e-05,8.7714445440887e-05,1.81980177263251e-07,1.14647511675848e-05,7.1279485221946e-06,0.00019253502754452,7.69776149823552e-05,1.09188106357951e-06,2.00918040894549e-05,3.41947050368607e-05,4.28882741140287e-05,1.18287115221113e-05,2.09277203852739e-05,1.09188106357951e-06,9.68131013737941e-05,1.80160375490619e-05,6.15092999149789e-05,8.5530683313728e-06,9.60855335949966e-05,9.20817124443716e-05,5.45940531789753e-07,6.15092999149789e-05,1.7387138154336e-06,1.71939477303989e-05,5.12752641451688e-06,1.52620434910282e-05,2.54772248168552e-06,0.000115261427499124,0.000106575854621547,0.000149336197703352,0.000222748558799437,1.83530902740213e-05,7.53442653354559e-06,3.57103593967092e-06,1.93190423937066e-06,5.2547795310882e-05,3.86380847874133e-07,8.69356907716798e-06,1.60348051867765e-05,6.30032769356226e-05,6.00822218444276e-05,1.29437584037834e-05,4.25018932661546e-05,1.12872631938267e-05,0.00021667096783772,4.33899288124141e-06,3.6214055275387e-05,1.07825398612992e-05,2.95581348623711e-05,6.12177589657872e-06,4.09563698746581e-05,4.53130641385495e-05,0.000179762293383797,0.000183653276897362,9.09900886316255e-07,5.57037267728113e-05,2.12509466330773e-05,7.53442653354559e-06,0.000129933846565961,6.18732602695054e-06,7.09722691326679e-06,3.03308965581194e-05,3.63960354526502e-07,9.62675137722598e-05
"PCSI_0928",0.000116962558097364,2.10364313124756e-07,0.000257347313977238,5.41096992988736e-07,4.37169049368096e-05,0,0,4.194060024578e-05,7.61142541310523e-06,0.000833570456105414,3.31742383600002e-05,1.3661532792753e-06,0.000223849996789359,7.93073460480329e-05,3.22966614727481e-05,7.1523866462417e-06,2.14571599387251e-05,3.55199852611578e-05,5.85494262546557e-07,3.70813032946152e-06,0,6.01107442881131e-05,0.00016881751236759,0,1.83016952418537e-05,5.02770708368166e-05,6.39255016192998e-05,9.3679082007449e-06,1.93213106640364e-05,3.90329508364371e-07,6.7331840192854e-05,1.75648278763967e-06,7.80659016728742e-07,1.3661532792753e-06,8.07982082314248e-05,0.000160164709924666,1.95164754182186e-07,2.38101000102266e-05,1.47255019187329e-06,4.06003124330779e-05,2.73473607062182e-06,2.8399182271842e-05,9.75823770910928e-07,0.000115261427499124,4.03899481199531e-05,0.000174181651267298,0.000118224743976113,1.87224238681033e-05,3.80759406755808e-05,1.08219398597747e-06,4.20728626249511e-07,2.7557725019343e-05,2.73473607062182e-06,2.01949740599765e-05,3.99692194937036e-06,1.0280842866786e-05,6.35300225636762e-05,7.36275095936645e-06,3.8707033614955e-05,6.44043688801212e-06,8.66531508568904e-05,3.7865576362456e-06,6.44043688801212e-06,1.07825398612992e-05,1.99846097468518e-05,0,1.68291450499805e-05,7.80659016728742e-07,0.000179762293383797,2.84075921319086e-05,9.86779877586311e-06,4.96459778974423e-05,3.00820967768401e-05,1.30425874137349e-05,8.68483156110726e-05,9.16949724016112e-06,2.53714180436841e-06,1.30425874137349e-05,3.90329508364371e-07,0
"PCSI_0931",0.000485616643025549,2.50997340574166e-06,6.9876305200073e-05,1.29898610314102e-05,0.000106864665971726,0,0,1.35265282271591e-06,8.695625288888e-06,0.000833570456105414,8.30915305382631e-06,3.09177788049351e-06,0.000223849996789359,8.71490997439112e-05,3.22966614727481e-05,6.93890261408957e-05,1.17769053707988e-05,2.04830284582695e-05,1.93236117530844e-06,2.93718898646883e-05,0,0.000131980268273567,0.000117680795576284,5.79708352592533e-07,9.02896078427909e-06,2.37500924977776e-05,3.65084066494763e-05,1.83574311654302e-05,2.08695006933312e-05,7.72944470123377e-07,1.50724171674059e-05,2.83822063489015e-05,4.5990195972341e-05,7.72944470123377e-07,9.81639477056689e-05,0.000269363225884702,1.15941670518507e-06,2.45409869264172e-05,7.06614322247929e-06,4.4156097141668e-05,5.12752641451688e-06,4.75001849955552e-05,1.12384116399009e-05,0.000115261427499124,0.000106575854621547,0.000130527367859687,0.000252418338447454,3.14579212681185e-05,3.65084066494763e-05,1.52821894487179e-06,1.51001089840171e-05,2.43389377663175e-05,7.26242497865927e-06,5.61920958176839e-05,2.11984296674379e-05,6.24022735822649e-05,9.47182179542677e-05,2.60436879369994e-05,7.19310526038358e-05,5.79708352592533e-07,9.27533364148053e-06,2.15909931797978e-06,1.15941670518507e-06,1.04029330775389e-05,2.76757276213772e-05,6.87698525192307e-06,5.02481295820749e-05,1.35265282271591e-06,3.56584420470085e-06,0.000214460058597008,7.72944470123377e-07,5.57037267728113e-05,3.95689321217176e-05,8.44011551573915e-06,9.14006835920894e-05,6.76326411357955e-06,1.14009309343198e-05,4.9266720801175e-05,0,3.05313065698734e-05
"PCSI_0933",0.000238183182796789,2.50997340574166e-06,1.89617805963325e-05,0.000165874141546118,0.000106864665971726,1.50787487654274e-06,1.3193905169749e-06,1.28169364506133e-05,1.03666397762314e-05,0.000327962785648047,6.21998386573882e-06,5.83162916482937e-06,0.000126734349904059,5.55309288892595e-05,2.10901437244923e-05,2.10901437244923e-05,2.39924570810738e-05,0.000107931543454963,7.53937438271372e-07,3.92047467901114e-05,0,0.000142494175833289,9.89542887731176e-05,1.69635923611059e-06,1.54790045684347e-05,4.77914266050422e-05,6.39255016192998e-05,2.0158627749527e-05,2.65063649003463e-05,5.84301514660314e-06,9.02840082329968e-05,5.65453078703529e-06,0.00016605472077927,1.14975459336384e-05,0.000112303164058098,2.98076660349097e-05,8.85876489968862e-06,5.25871363194282e-05,6.57857694158475e-06,4.29542376774063e-05,5.12752641451688e-06,5.55986673389457e-05,7.91634310184941e-06,1.79943428108054e-05,2.47664073094955e-05,0.000172590900938047,0.000250759874008642,1.9155268153438e-05,7.15903961290105e-06,6.34792887780485e-06,8.90042762684996e-06,6.52053067445312e-05,4.06323869921411e-06,2.53468699808118e-05,1.31571538831695e-05,4.96794433915162e-05,4.50826008055661e-05,1.12222783121152e-05,4.43086505771444e-05,5.08907770833176e-06,4.22204965431968e-05,4.33899288124141e-06,1.01781554166635e-05,2.32185068526521e-06,2.14771188387032e-05,3.5879598004984e-06,4.50826008055661e-05,9.23573361882431e-06,2.23557495261823e-05,0.000194025826134644,1.13090615740706e-06,3.61821731787161e-05,2.86361584516042e-05,1.93200969415321e-05,7.50167751080015e-05,6.21998386573882e-06,1.30285068072427e-05,2.07031686102814e-05,1.88484359567843e-07,2.37490293055482e-05
"PCSI_1054",9.09825264209507e-05,1.97359059481455e-07,2.8222345505848e-05,1.27064609304281e-06,8.77890064387749e-06,5.48681290242343e-07,9.69336946094807e-06,7.31575053656458e-06,5.48681290242343e-07,3.45669212852676e-05,8.59600688046338e-06,3.65787526828229e-07,3.0393295160144e-05,4.34189930859201e-06,3.15774495170328e-06,7.89436237925819e-06,2.56566777325891e-06,3.10919397803995e-06,0,5.48681290242343e-07,3.65787526828229e-07,0.000260623612865113,0.000215083065774999,3.65787526828229e-06,7.30228520081383e-06,3.35510401118473e-05,1.7367597234368e-05,4.75523784876698e-06,1.62775449438562e-05,3.65787526828229e-07,9.32758193411984e-06,1.40828197828868e-05,0.000212156765560373,3.18235148340559e-05,3.52984963389241e-05,0.000170774834904953,1.09736258048469e-06,0.000228982991794471,9.86795297407274e-07,6.51284896288801e-06,3.9471811896291e-07,5.52605366548074e-06,1.46315010731292e-06,6.07865903202881e-05,5.62473319522146e-05,7.30228520081383e-05,0.000173083895165236,9.47323485510983e-06,1.97359059481455e-06,2.03303374886849e-06,9.86795297407274e-07,1.38151341637018e-05,5.92077178444365e-07,8.88115767666547e-06,6.71020802236946e-06,0.000389580092126924,1.24336207473317e-05,8.48643955770256e-06,6.90756708185092e-06,1.82893763414114e-07,9.14468817070572e-06,7.8943623792582e-07,6.58417548290812e-06,4.14454024911055e-06,2.32883690188117e-05,4.32019671634554e-06,1.24336207473317e-05,8.77890064387749e-06,7.62387655825684e-07,7.11561812103971e-06,0,9.67059391459129e-06,3.35510401118473e-06,2.96038589222182e-06,4.57234408535286e-05,5.85260042925166e-06,3.10919397803995e-06,3.09853723385884e-05,0,5.57825978413049e-05
"PCSI_1055",2.89174031143829e-05,0,0.000257347313977238,1.95287760583715e-05,7.27758348046113e-05,2.05581454250314e-07,1.85023308825283e-06,4.194060024578e-05,1.0484654166766e-05,0.000314950787911482,7.40093235301132e-06,5.83162916482937e-06,0.000223849996789359,9.77343132170727e-05,2.42049374216686e-05,5.14087166477918e-06,5.35507465081165e-06,1.87079123367786e-05,0,8.24774681057557e-05,0,0.000151513531782482,4.95451304743258e-05,8.22325817001257e-07,2.27055165194414e-05,6.4060894249325e-05,5.9334227130993e-05,2.01469825165308e-05,2.22027970590339e-05,2.05581454250314e-07,2.46697745100377e-05,1.64465163400251e-06,1.33627945262704e-05,4.11162908500629e-06,3.06316366832968e-05,1.60027470478322e-05,6.16744362750943e-07,1.64465163400251e-06,7.4209473785573e-06,4.4156097141668e-05,5.12752641451688e-06,5.55986673389457e-05,1.4390701797522e-06,9.27498929520577e-05,6.44750987957722e-05,8.54669914269539e-05,0.000205634866591167,3.14579212681185e-05,4.93072694729546e-05,1.08493200324286e-06,4.28405972064932e-07,3.29872598489997e-05,1.49942090222726e-06,3.42724777651945e-06,6.21188659494151e-06,0.000170876790510751,9.47182179542677e-05,1.2852179161948e-05,7.19310526038358e-05,6.16744362750943e-07,0,6.42608958097398e-07,0,2.35623284635712e-06,1.90640657568895e-05,9.49315502837504e-06,2.78463881842206e-05,3.70046617650566e-06,5.31616681589002e-05,3.5260290105393e-05,0,5.57037267728113e-05,3.95689321217176e-05,1.93200969415321e-05,2.13804712420327e-05,5.7562807190088e-06,1.30285068072427e-05,2.24913135334089e-05,2.05581454250314e-07,1.7680005065527e-05
"PCSI_1080",0.000237717210993819,0,7.51591825587858e-05,5.95690412958494e-06,9.2530246177568e-05,3.49588643956235e-05,9.42263199364236e-07,3.2036948778384e-06,1.88452639872847e-06,0.000462839683527713,4.33441071707549e-06,1.13071583923708e-06,8.73988458762471e-05,7.84103431274864e-05,3.22966614727481e-05,2.00806976302099e-05,1.79770054975213e-05,7.31196242706647e-05,0,1.69607375885563e-06,7.1279485221946e-06,0.000205601830101276,0.000140397216705271,4.72772267507764e-05,2.8501302473598e-05,6.4060894249325e-05,6.25370297626538e-05,2.0158627749527e-05,1.88452639872847e-06,1.31916847910993e-06,3.93866017334251e-05,1.13071583923708e-06,1.69607375885563e-06,9.42263199364236e-06,1.67722849486834e-05,1.19138082591699e-05,3.76905279745694e-07,4.01404122929165e-05,4.01613952604199e-06,4.4156097141668e-05,4.97236322271865e-06,1.95069634122039e-05,5.65357919618542e-07,6.61706798100251e-05,1.68295370615093e-05,0.000184168683979925,0.00011761551469123,3.14579212681185e-05,1.4917089668156e-05,5.69790829786385e-06,5.16360796205398e-06,6.75093929853725e-05,1.96982081515393e-05,7.26730009474264e-06,2.60092845496053e-05,0.000206160682049983,9.47182179542677e-05,2.06544318482159e-05,3.95876610424139e-05,4.33441071707549e-06,0.000208617072339242,0,1.33801374309722e-05,9.9447264454373e-06,3.70758065347305e-05,6.99288745646928e-06,1.52995791468266e-05,1.88452639872847e-06,0.000121210049245467,0.000310404372082034,1.31916847910993e-06,2.86867109002999e-05,1.51083344074913e-05,3.63365004737132e-06,9.0080361859221e-05,5.65357919618542e-07,6.21893711580396e-06,2.39055924169166e-05,7.53810559491389e-07,5.65357919618542e-07
"PCSI_1082",2.81391132030362e-05,0,9.03737942287295e-06,2.10534293931138e-06,5.35835263752104e-05,6.6979407969013e-06,2.56097736352108e-06,1.59568589573237e-05,2.95497388098587e-06,0.000238367893066193,1.28048868176054e-05,2.36397910478869e-06,7.25044303698671e-05,2.56743733604345e-05,1.12967242785912e-05,7.18882454092167e-06,1.17075142523581e-05,4.55065977671823e-05,3.93996517464782e-07,4.94465629418302e-05,1.37898781112674e-06,0.000438165684580115,0.000192073302264081,2.2654799754225e-05,5.95645461962081e-06,1.35560691343094e-05,1.51992290293772e-05,1.49718676636617e-05,2.1669808460563e-06,0,3.13227231384502e-05,2.02908206494363e-05,1.83208380621124e-05,5.02345559767597e-05,4.11726360750697e-05,4.52648731951948e-05,1.37898781112674e-06,3.68386743829571e-05,2.67013482948519e-06,1.2939884173659e-05,3.69710976390257e-06,1.31452791605425e-05,5.90994776197173e-07,7.10666654616827e-05,2.05394986883476e-06,0.000150965315359355,0.00010516223328434,8.21579947533905e-06,1.64315989506781e-06,2.63167867413923e-07,2.05394986883476e-07,2.01287087145807e-05,2.67013482948519e-06,1.84855488195129e-06,2.05394986883476e-06,0.00018316483572009,2.32096335178328e-05,4.313294724553e-06,2.56743733604345e-05,3.93996517464782e-07,3.32927057257741e-05,0,2.95497388098587e-06,1.07825398612992e-05,2.60851633342015e-05,4.21068587862277e-06,2.93714831243371e-05,1.59568589573237e-05,1.18425540336265e-05,0.000310404372082034,1.96998258732391e-07,3.0193063071871e-05,2.19772635965319e-05,5.34026965897038e-06,1.57598606985913e-05,9.84991293661955e-07,3.74296691591543e-06,3.14254329931718e-05,1.96998258732391e-07,5.12195472704217e-06
"PCSI_1083",0.000184872041029966,0,1.86034758269148e-05,5.50923347530461e-06,1.01378892774691e-05,2.09749433326948e-06,1.32640385284787e-05,1.32841307773733e-05,1.04874716663474e-06,4.50961281652937e-05,2.44707672214772e-06,2.09749433326948e-06,1.89910482399755e-05,5.42601378285015e-06,4.26329654366798e-06,1.35650344571254e-05,3.87572413060725e-06,7.69081255532141e-06,1.39832955551298e-06,2.09749433326948e-06,7.1279485221946e-06,0.000220586487382173,0.000112215946829917,1.64303722772776e-05,6.97630343509305e-06,1.78283310007934e-05,1.27898896310039e-05,3.49582388878246e-06,1.39832955551298e-05,3.49582388878246e-07,1.74791194439123e-06,1.04874716663474e-06,0.000352379047989272,2.1324525721573e-05,7.41114664421882e-05,1.00167881369175e-06,6.99164777756492e-07,0.000505760615896373,3.87572413060725e-07,3.87572413060725e-06,1.16271723918218e-06,1.16271723918218e-06,4.89415344429544e-06,1.82159034138541e-05,1.58904689354897e-05,3.99199585452547e-05,5.96861516113517e-05,3.87572413060725e-07,3.87572413060725e-07,2.50419703422937e-06,1.39526068701861e-05,9.41445086939676e-05,6.2011586089716e-06,1.16271723918218e-05,2.32543447836435e-06,0.000475712961666303,5.03844136978943e-06,2.32543447836435e-06,3.87572413060725e-07,6.99164777756492e-07,3.04136678324074e-05,3.87572413060725e-07,1.39832955551298e-05,2.71300689142508e-06,1.9766193066097e-05,7.01175169584223e-06,5.85234343721695e-05,1.60807898883993e-05,1.00167881369175e-06,2.50419703422937e-05,2.44707672214772e-06,3.48815171754653e-06,2.32543447836435e-06,3.48815171754653e-06,0.000157696230929161,1.74791194439123e-06,4.5445710554172e-06,2.55797792620079e-05,3.49582388878246e-07,3.39094917211899e-05
"PCSI_1085",0.000116700147247511,0,8.82060358908474e-05,1.03180407072501e-06,5.87388184351585e-05,3.94220257954084e-07,1.97110128977042e-07,2.22734445744057e-05,7.0959646431735e-06,0.000357951994222308,5.51908361135717e-06,2.56243167670154e-06,0.000211191648878799,5.2378881170337e-05,1.73897885485519e-05,4.818857067671e-06,2.72147684304436e-05,2.8383858572694e-05,0,8.24774681057557e-05,0,0.000150986358796414,0.000125164931900422,1.97110128977042e-07,4.60934154298965e-06,4.3998260183083e-05,3.35224839490157e-05,2.0158627749527e-05,2.56243167670154e-05,1.97110128977042e-07,2.46387661221302e-05,1.18266077386225e-06,4.33642283749492e-06,1.37977090283929e-06,5.97243690800437e-05,2.57951017681252e-06,0,4.92775322442605e-06,4.818857067671e-06,2.05325214187721e-05,5.12752641451688e-06,3.10082976528395e-05,7.0959646431735e-06,6.55783592252619e-05,1.23614159561995e-05,0.00012906156320371,9.72152034521454e-05,1.52946333017384e-05,4.93072694729546e-05,2.57951017681252e-07,0,8.79965203661661e-06,1.67612419745078e-06,1.0266260709386e-05,4.3998260183083e-06,6.70672645971256e-06,9.30248929585184e-05,2.72370182085752e-06,7.19310526038358e-05,1.57688103181633e-06,2.72011977988318e-05,2.30467077149483e-06,1.37977090283929e-06,6.49498126512178e-06,2.43038008630363e-05,3.09541221217503e-06,2.87036268813447e-05,1.02497267068062e-05,0.000102406554019457,1.80565712376877e-05,1.97110128977042e-07,5.57037267728113e-05,3.95689321217176e-05,6.91401231448448e-06,6.6229003336286e-05,4.13931270851788e-06,1.30285068072427e-05,1.88563972213213e-05,1.11175534466566e-06,1.97110128977042e-06
"PCSI_1088",9.1760010867577e-06,2.50997340574166e-06,2.09452198719469e-05,1.54857092712941e-06,0.000106864665971726,0,1.89388164489681e-07,3.40898696081426e-06,7.19675025060789e-06,0.000833570456105414,2.17796389163133e-05,2.27265797387618e-06,0.000155393583621397,7.3806965263051e-05,2.25410461479048e-05,7.9791313797893e-07,6.58278338832617e-06,4.86727582738481e-05,0,1.49616649946848e-05,0,0.000116284332996664,0.000192039598792537,5.68164493469044e-07,4.38852225888411e-06,2.79269598292625e-05,5.48565282360514e-05,2.0158627749527e-05,1.49616649946848e-05,0,9.68131013737941e-05,9.84818455346343e-06,2.27265797387618e-06,1.51510531591745e-06,4.64001002999719e-05,0.000269363225884702,0,1.40147241722364e-05,7.4209473785573e-06,4.4156097141668e-05,5.12752641451688e-06,5.4457571667062e-05,1.32571715142777e-06,5.98434853484197e-05,9.71459245489347e-05,0.000192895501106406,0.000250744203609879,3.14579212681185e-05,4.98695711236831e-06,2.83904669973726e-06,3.98956568989465e-07,2.99217426742099e-05,0,1.59582627595786e-06,1.79530456045259e-06,2.21961832888549e-05,9.47182179542677e-05,1.79530456045259e-06,7.18121824181037e-05,1.06057372114222e-05,4.94303109318068e-05,0,1.70449348040713e-05,8.77704451776823e-06,3.70758065347305e-05,5.16190309043138e-07,1.85514804580101e-05,3.40898696081426e-06,0.000179762293383797,3.76818925601491e-05,3.78776328979363e-07,4.38852225888411e-05,3.95689321217176e-05,6.38330510383144e-06,4.753642928691e-05,5.68164493469044e-06,1.30285068072427e-05,2.63311335533047e-05,3.78776328979363e-07,3.97715145428331e-06
"PCSI_1090",5.91365064498296e-05,0,2.51390007175389e-05,1.4845600803114e-05,5.07340226583782e-05,0,3.52319601794293e-06,2.81855681435435e-06,7.04639203588587e-07,0.000429125274985449,1.03347083192993e-05,1.17439867264764e-06,2.87302865343302e-05,1.02950193414683e-05,1.00556002870156e-05,9.57676217811006e-07,3.35186676233852e-06,1.29183853991241e-05,1.17439867264764e-06,3.2883162834134e-06,7.1279485221946e-06,0.000290781111347557,7.96242300055103e-05,5.16735415964963e-06,5.02780014350778e-06,3.2800410460027e-05,2.80120293709719e-05,2.0158627749527e-05,7.51615150494492e-06,4.93247442512011e-06,1.57369422134784e-05,6.10687309776775e-06,0.000391283248974275,5.94245728359708e-05,3.89900359319018e-05,3.6289246407612e-06,1.40927840717717e-06,0.000505760615896373,1.19709527226376e-06,2.22659720641059e-05,1.19709527226376e-06,3.39975057322907e-05,1.6441581417067e-06,3.11244770788577e-06,1.60410766483343e-05,5.76999921231131e-05,8.78667929841598e-05,6.70373352467704e-06,1.43651432671651e-06,5.9382403212456e-06,0,1.43651432671651e-06,2.15477149007476e-06,4.07012392569677e-06,0,0.000313077225825671,1.43651432671651e-05,1.43651432671651e-06,1.41257242127123e-05,1.12872631938267e-05,0.00021667096783772,2.39419054452751e-07,4.81503455785534e-05,2.63360959898027e-06,1.98717815195784e-05,1.94642321640828e-05,1.02950193414683e-05,1.78508598242442e-05,1.45156985630448e-05,0.000194972223880897,0,1.84352671928619e-05,7.4219906880353e-06,8.14024785139355e-06,1.10393475228879e-05,3.99295548700199e-06,7.75103123947445e-06,1.89141053017674e-05,0,4.34527508879628e-05
"PCSI_1091",8.52281172131902e-06,0,1.57983827029328e-05,7.76154264282079e-07,4.3528258000991e-05,0,7.50487206913638e-07,7.50487206913638e-07,5.25341044839547e-06,0.000570182655452637,3.31742383600002e-05,1.12573081037046e-06,8.10706480808395e-05,6.11147962455559e-05,2.12030925749888e-05,0,4.57321604558582e-06,1.48221223365444e-05,0,6.96076884412399e-05,0,0.000438165684580115,0.000262295278816317,1.8762180172841e-07,5.82045678529104e-06,1.24724073970522e-05,3.07652715793955e-05,1.65107185521e-05,1.31335261209887e-05,0,7.99268875363025e-05,4.12767963802501e-06,1.68859621555569e-06,3.75243603456819e-07,1.51973659400012e-05,1.29359044047013e-06,0,6.37914125876593e-06,2.49448147941045e-06,4.19904382367425e-05,3.74172221911567e-06,1.35117746801399e-05,3.75243603456819e-07,0.000115261427499124,2.63999289904272e-05,8.9385586345541e-05,0.000103313107938916,1.22645339404347e-05,4.57321604558582e-06,1.55230852856416e-06,0,4.98896295882089e-06,0,1.45511419632276e-06,0,7.76154264282079e-06,7.15084690764328e-05,6.23620369852611e-07,2.43211944242518e-05,7.50487206913638e-07,6.37914125876593e-06,6.23620369852611e-07,5.62865405185229e-07,1.07825398612992e-05,2.20345864014589e-05,2.58718088094026e-07,1.20566604838172e-05,2.81432702592614e-06,0.00017670445416822,2.61305268974967e-05,1.8762180172841e-07,1.64220030727854e-05,1.16409135705821e-05,8.10706480808395e-06,9.71880932953162e-05,5.25341044839547e-06,1.21954171123466e-05,1.35117746801399e-05,9.38109008642048e-07,6.19151945703752e-06
"PCSI_1111",6.88276174777932e-06,2.08568537811494e-07,4.40079614782253e-05,4.38762668626817e-06,0.000106864665971726,0,1.34347310059773e-06,3.0707956585091e-06,5.1819676737341e-06,0.000517812917916097,1.53539782925455e-06,4.60619348776365e-06,0.000115546969947568,4.25479817135449e-05,1.8979736940846e-05,6.25705613434483e-07,5.83991905872185e-06,0.000107931543454963,0,8.24774681057557e-05,0,0.000352373801813919,0.000287761160684722,3.83849457313637e-07,1.62683459492966e-05,6.15277186543909e-05,3.39966716632736e-05,2.0158627749527e-05,2.07278706949364e-05,0,3.85768704600205e-05,1.28589568200068e-05,7.86891387492956e-06,1.72732255791137e-06,6.06482142555547e-05,0.00012698307821435,9.59623643284093e-07,1.84247739510546e-05,1.66854830249196e-06,2.12739908567724e-05,1.45997976468046e-06,2.56539301508138e-05,3.83849457313637e-07,0.000115261427499124,4.31736873269794e-05,0.000148709367459596,0.000227965411827963,2.14825593945839e-05,3.33709660498391e-05,2.32286118684786e-06,2.08568537811494e-07,3.58737885035771e-05,1.45997976468046e-06,2.08568537811495e-06,4.58850783185288e-06,1.6260028307935e-05,7.48761050743265e-05,3.33709660498391e-06,6.75762062509242e-05,1.53539782925455e-06,1.09397095334387e-05,8.34274151245978e-07,3.0707956585091e-06,1.07825398612992e-05,3.12852806717242e-05,1.2904784371377e-06,1.7311188638354e-05,1.28589568200068e-05,8.07839501648199e-05,0.000280291916546308,1.91924728656819e-06,3.98365907219955e-05,3.46223772767081e-05,5.00564490747587e-06,7.8305289291982e-05,6.71736550298865e-06,1.30285068072427e-05,3.19109862851587e-05,0,5.56581713104774e-06
"PCSI_1113",1.74251528185902e-05,4.10003595731535e-07,4.79704207005895e-05,2.55736031314366e-06,3.98855964355896e-05,3.89127770103313e-07,5.8369165515497e-07,2.52933050567154e-06,6.22604432165301e-06,0.000705294083312256,2.10128995855789e-05,5.8369165515497e-07,0.000223849996789359,7.93356957740519e-05,3.01352642862678e-05,1.02500898932884e-06,2.72147684304436e-05,5.05866101134307e-05,0,8.24774681057557e-05,0,0.000231141895441368,0.000252349358911999,1.94563885051657e-07,1.1480100680483e-05,4.67404099133949e-05,6.39255016192998e-05,2.0158627749527e-05,2.58769967118703e-05,5.8369165515497e-07,9.68131013737941e-05,2.25694106659922e-05,1.14792692180477e-05,1.3619471953616e-06,4.37768741366228e-05,0.000155743243070449,1.94563885051657e-07,2.41259217464054e-05,4.10003595731535e-06,2.78802445097444e-05,4.30503775518111e-06,1.84501618079191e-05,1.75107496546491e-06,0.000104550916911541,2.68552355204155e-05,0.000110085965453917,7.81056849868573e-05,1.41451240527379e-05,4.93072694729546e-05,2.30162428182929e-06,0,2.29602013609659e-05,0,1.64001438292614e-06,2.87002517012074e-06,2.42949229748647e-05,8.0155702965515e-05,1.64001438292614e-06,7.19310526038358e-05,5.8369165515497e-07,8.75537482732455e-06,4.33899288124141e-06,1.55651108041325e-06,1.07825398612992e-05,1.61951420313956e-05,5.11472062628731e-07,2.21401941695029e-05,7.00429986185964e-06,9.7946899993402e-05,0.000158812075446221,0,5.57037267728113e-05,3.32102912542543e-05,1.20951060740803e-05,4.04692880907446e-05,5.44778878144639e-06,1.30285068072427e-05,1.80401582121875e-05,5.8369165515497e-07,1.67324941144425e-05
"PCSI_1117",2.08530198068933e-05,0,7.91642418595024e-05,5.11919534439899e-07,3.94381771228064e-05,1.11617482423037e-06,7.44116549486913e-07,1.48823309897383e-06,1.11617482423037e-06,0.0006737975355604,4.83675757166493e-06,0,0.000119711780372906,2.66455253088081e-05,3.22966614727481e-05,0,1.27435121042126e-05,3.75778857490891e-05,0,8.24774681057557e-05,1.86029137371728e-06,0.000298762794618996,0.000161101232963917,8.5573403190995e-06,1.00403428699857e-05,4.55677099483965e-05,3.20518637772619e-05,2.0158627749527e-05,1.3022039616021e-05,0,9.68131013737941e-05,9.30145686858641e-06,5.9529323958953e-06,1.86029137371728e-06,3.05087785289634e-05,1.0238390688798e-06,0,5.32043332883143e-05,7.72334066921975e-07,3.0121028609957e-05,4.24783736807086e-06,7.72334066921975e-06,0,6.33313934876019e-05,2.31700220076592e-05,0.000106582101235232,0.000147901973815558,4.24783736807086e-06,8.49567473614172e-06,5.11919534439899e-07,0,2.12391868403543e-05,3.86167033460987e-07,7.72334066921975e-07,1.15850110038296e-06,3.27628502041535e-05,5.13602154503113e-05,3.86167033460987e-07,2.16253538738153e-05,3.72058274743457e-07,2.15793799351205e-05,0,1.63705640887121e-05,4.63400440153185e-06,1.27435121042126e-05,0,1.11988439703686e-05,0,0.000164326170555207,3.37866892730333e-05,0,2.16253538738153e-05,8.88184176960271e-06,3.47550330114889e-06,4.83675757166493e-05,2.97646619794765e-06,1.07896899675602e-05,6.10714347266942e-05,1.11175534466566e-06,1.59985058139686e-05
"PCSI_1118",1.23904092132795e-05,2.50997340574166e-06,0.000115897981564215,0.000121555986807792,3.73011833347729e-05,2.53503187712049e-06,7.24294822034425e-07,8.14831674788728e-06,1.08644223305164e-06,0.000706187451483564,7.78616933687007e-06,1.81073705508606e-06,6.95769132745698e-05,4.72741766906666e-05,2.59245485077849e-05,0,3.04994688326881e-06,1.93748864894209e-05,1.81073705508606e-07,6.21082809894519e-05,7.24294822034425e-07,0.000250243861012894,0.000287761160684722,1.62966334957746e-06,1.92527897006344e-05,5.24209620561827e-05,4.36523647667849e-05,1.33994542076369e-05,1.72020020233176e-05,2.53503187712049e-06,5.3778890536056e-05,1.81073705508606e-06,0.000105928117722535,3.0782529936463e-06,4.99763427203753e-05,4.81211329218475e-05,5.43221116525818e-07,1.95559601949295e-05,7.4209473785573e-06,1.08654357716451e-05,1.90621680204301e-06,1.67747078579785e-05,9.05368527543031e-07,0.000112657413000742,5.81396124623117e-05,0.000117422955005849,0.000168700186980806,1.20091658528709e-05,2.74495219494193e-05,3.75946350951934e-06,0,2.9165117071258e-05,1.90621680204301e-07,1.3343517614301e-06,9.53108401021503e-07,0.000276195252499354,7.91079972847848e-05,4.95616368531182e-06,4.00305528429031e-05,4.88899004873237e-06,0.000105928117722535,1.71559512183871e-06,1.72020020233176e-05,9.14984064980643e-06,2.80213869900322e-05,4.26072531078858e-06,3.58368758784085e-05,5.89987213390597e-05,0.000160905038207428,3.63414805920203e-05,1.81073705508606e-07,1.98246547412473e-05,2.55433051473763e-05,1.90621680204301e-05,4.47252052606257e-05,4.88899004873237e-06,1.30285068072427e-05,9.53108401021503e-06,1.11175534466566e-06,1.7020928317809e-05
"PCSI_1119",2.85817091241678e-05,0,5.02949455130705e-05,1.66008764709414e-06,3.81741135764481e-05,8.2538623949077e-07,6.19039679618077e-07,4.74597087707193e-06,4.53962431719923e-06,0.000606039846346098,6.60308991592616e-06,1.85711903885423e-06,0.000114769963769914,4.18755273214552e-05,3.19051636734896e-05,2.65876363945747e-06,5.09596364229349e-06,5.73643436446085e-05,0,8.24774681057557e-05,0,0.000244933366568886,0.000287761160684722,8.2538623949077e-07,1.92760363860667e-05,4.7636181873613e-05,3.23482909467326e-05,2.0158627749527e-05,2.65063649003463e-05,4.12693119745385e-07,9.68131013737941e-05,5.36501055669e-06,1.58886851101973e-05,3.30154495796308e-06,4.39518172528835e-05,1.66008764709414e-06,2.06346559872692e-07,1.15554073528708e-05,3.54501818594329e-06,4.0324581865105e-05,4.87440000567203e-06,7.31160000850804e-06,1.23807935923615e-06,8.64098182823678e-05,5.49477818821211e-05,0.000107901491034649,9.92605092064122e-05,8.64098182823678e-06,1.92760363860667e-05,8.3004382354707e-07,8.86254546485823e-07,8.77392001020965e-05,6.20378182540076e-06,3.54501818594329e-06,1.55094545635019e-06,3.54152031380083e-05,7.71041455442666e-05,9.74880001134406e-06,2.74738909410605e-05,4.12693119745385e-07,4.95231743694462e-06,4.43127273242912e-07,1.65077247898154e-06,1.07825398612992e-05,2.43720000283601e-05,0,2.2377927298767e-05,2.06346559872692e-06,1.10672509806276e-05,4.20555537263849e-05,2.06346559872692e-07,2.19348000255241e-05,6.86847273526513e-06,7.09003637188659e-06,5.3031065887282e-05,7.84116927516231e-06,1.30285068072427e-05,2.5258254574846e-05,8.2538623949077e-07,1.21744470324889e-05
"PCSI_1122",3.69900028486323e-05,0,0.000129263977346036,8.44198768390742e-06,4.79177524952248e-06,2.35902781514953e-05,5.1603733456396e-06,1.08736438354549e-05,1.47439238446846e-06,5.23409296486302e-05,7.74056001845939e-06,3.68598096117114e-07,1.40722836924145e-05,3.01548936266024e-06,3.21652198683759e-06,8.24233759127132e-06,4.22168510772434e-06,1.32695314602161e-05,0,1.65869143252701e-06,7.1279485221946e-06,0.000332291183649578,0.000130483726025458,2.26687829112025e-05,5.42788085278843e-06,2.63352737672328e-05,1.12578269539316e-05,3.13308381699547e-06,1.40067276524503e-05,4.42317715340537e-06,1.4559624796626e-05,1.84299048058557e-06,3.2436632458306e-05,0.000203281850008588,1.52968209888602e-05,3.06981370323906e-06,1.47439238446846e-06,0.000260783153002858,1.00516312088675e-06,8.04130496709397e-07,2.01032624177349e-07,1.6082609934188e-06,5.52897144175671e-07,4.12116879563566e-05,2.15104907869764e-05,4.48302751915489e-05,0.000123434031244893,4.02065248354699e-07,3.41755461101494e-06,2.04654246882604e-06,8.04130496709397e-07,3.41755461101494e-05,3.59848397277455e-05,1.50774468133012e-05,8.04130496709397e-07,8.03267919014221e-05,2.61342411430554e-06,2.61342411430554e-06,2.41239149012819e-06,7.37196192234228e-07,2.10100914786755e-05,0,1.41910267005089e-05,7.23717447038458e-06,7.03614184620723e-06,5.1163561720651e-06,1.14588595781089e-05,1.27166343160404e-05,1.53490685161953e-06,6.67684480454496e-05,7.37196192234228e-07,3.21652198683759e-06,1.40722836924145e-06,2.61342411430554e-06,3.05936419777205e-05,4.60747620146392e-06,2.39588762476124e-06,3.43765787343267e-05,0,0.000105001508747529
"PCSI_1128",0.000361935547958079,4.04623306828484e-07,0.000250664138580246,5.50063023470914e-07,5.25063313884599e-06,3.88935788062666e-07,8.94552312544132e-06,2.52808262240733e-06,2.333614728376e-06,0.000444164669967565,1.750211046282e-06,1.166807364188e-06,1.41618157389969e-05,1.09248292843691e-05,7.68784282974119e-06,2.04334769948384e-05,8.6994010968124e-06,2.11970004494153e-05,2.52808262240733e-06,1.24459452180053e-05,9.72339470156665e-07,0.000184355563541704,0.000113180314326236,9.72339470156665e-07,4.45085637511332e-06,1.35548807787542e-05,8.49708944339816e-06,5.05616524481466e-06,2.65063649003463e-05,1.36127525821933e-06,1.90578536150706e-05,1.36127525821933e-05,0.000181049609343171,1.55574315225066e-05,3.46152851375773e-05,7.23332875864252e-05,7.77871576125332e-07,0.000181827480919296,2.02311653414242e-06,7.89015448315543e-06,1.01155826707121e-06,3.70230325748063e-05,4.66722945675199e-06,5.82657561833016e-05,3.82369024952917e-05,4.10692656430911e-05,0.000106011306389063,2.63005149438514e-06,6.47397290925574e-06,2.75031511735457e-06,1.49710623526539e-05,4.2687758870405e-05,2.60982032904372e-05,4.67339919386899e-05,7.68784282974119e-06,0.000475712961666303,7.48553117632695e-06,1.39595040855827e-05,1.27456341650972e-05,1.36127525821933e-06,4.86169735078333e-06,8.09246613656967e-07,1.4001688370256e-05,6.67628456266998e-06,3.37860461201784e-05,2.75031511735457e-07,2.48843333699517e-05,2.52808262240733e-06,5.50063023470914e-07,6.32572476991551e-06,3.88935788062666e-07,1.07225176309548e-05,1.27456341650972e-05,7.08090786949846e-06,3.34484777733893e-05,9.16949724016112e-06,4.27829366868933e-06,3.54045393474923e-05,3.88935788062666e-07,0.000105001508747529
"PCSI_1129",0.000485616643025549,3.82658600988675e-07,5.85467659512673e-05,3.83526464476628e-06,3.78243024780374e-05,4.72803780975467e-06,1.32640385284787e-05,3.05503981553379e-05,1.09108564840492e-06,1.43659610373315e-05,3.81879976941723e-06,1.27293325647241e-06,4.28577633107316e-05,2.86993950741506e-06,3.22966614727481e-05,6.93890261408957e-05,1.45410268375697e-05,2.18217129680985e-06,7.27390432269949e-07,0,3.63695216134975e-06,0.000210033987317948,7.63759953883447e-06,1.4911503861534e-05,1.91329300494338e-05,5.83554366507729e-05,2.35335039608035e-05,1.14563993082517e-05,9.81977083564431e-06,8.00129475496944e-06,7.27390432269949e-07,1.09108564840492e-06,0.000391283248974275,0.000298911127284721,7.18298051866575e-05,2.81252740616194e-06,1.81847608067487e-06,0.000117109859595462,5.73987901483013e-07,3.0612688079094e-06,1.72196370444904e-06,7.6531720197735e-06,1.12384116399009e-05,9.94912362570555e-06,1.7602295645479e-05,0.000192285946996809,0.000103700480867931,2.48728090642639e-06,1.10970994286716e-05,9.82372037689975e-06,9.1838064237282e-06,2.65947727687129e-05,5.28898296872538e-05,5.61920958176839e-05,2.68674896069946e-05,1.94320075334825e-05,3.63525670939241e-06,2.60436879369994e-05,6.1225376158188e-06,6.72836149849703e-06,7.51030621318723e-05,9.56646502471688e-07,1.40022658211965e-05,2.29595160593205e-06,3.70758065347305e-05,7.67052928953257e-07,6.70537993159876e-05,5.30995015557063e-05,5.11368619302171e-07,4.09094895441737e-06,0,5.57037267728113e-05,3.0612688079094e-06,1.93200969415321e-05,1.10927040921167e-05,2.18217129680985e-06,6.91020910656452e-06,1.05231115271886e-05,0,3.81879976941723e-05
"PCSI_1130",0.000211479214980941,0,1.53989719646316e-05,6.03479178157916e-06,3.22723007649342e-06,3.49588643956235e-05,1.32640385284787e-05,2.74314556501941e-05,0,5.24424887430181e-06,4.43744135517845e-06,0,1.2832476637193e-05,1.02659813097544e-06,1.02659813097544e-06,2.7718149536337e-05,1.53989719646316e-06,1.45225353442204e-05,8.06807519123355e-07,4.03403759561678e-07,8.06807519123355e-07,6.05105639342516e-05,7.2612676721102e-06,4.72772267507764e-05,6.67288785134038e-06,8.21278504780354e-06,7.69948598231582e-06,0,2.01701879780839e-06,4.03403759561678e-07,2.42042255737007e-06,0,7.14024654424169e-05,0.000298911127284721,2.21872067758923e-05,1.20695835631583e-06,8.99469730480647e-06,0.000397756106927814,0,5.13299065487721e-07,0,4.10639252390177e-06,4.03403759561678e-07,3.59309345841405e-06,4.10639252390177e-06,6.00559906620634e-05,3.38777383221896e-05,5.13299065487721e-07,5.13299065487721e-07,4.82783342526333e-06,0,0,5.28898296872538e-05,5.61920958176839e-05,6.15958878585266e-06,0.000103798418643162,0,2.05319626195089e-06,1.53989719646316e-06,2.82382631693174e-06,3.34825120436192e-05,0,8.09503348180828e-05,0,1.95053644885334e-05,1.56904586321058e-05,1.02659813097544e-05,1.21021127868503e-06,2.05182920573691e-05,9.65566685052666e-06,4.03403759561678e-07,2.56649532743861e-06,2.05319626195089e-06,1.02659813097544e-06,1.41191315846587e-05,4.03403759561678e-07,4.03403759561678e-07,9.23938317877899e-06,0,1.65395541420288e-05
"PCSI_1134",1.22460817909358e-05,0,4.38280821991385e-05,1.34315772620589e-06,2.35282576368138e-05,0,9.96960069356518e-07,4.78540833291129e-06,1.79452812484173e-06,0.000124021832627951,2.33288656229425e-05,1.59513611097043e-06,7.79882050896435e-05,2.77148166847493e-05,1.07421770095928e-05,1.07421770095928e-06,4.08202726364525e-06,1.73471052068034e-05,0,3.13045461777947e-05,7.1279485221946e-06,0.000438165684580115,0.000287761160684722,7.97568055485215e-07,5.37108850479638e-06,3.91015243149177e-05,6.39255016192998e-05,7.97568055485214e-06,2.65063649003463e-05,0,3.98784027742607e-06,7.37750451323823e-06,1.19635208322782e-05,1.99392013871304e-06,4.6657731245885e-05,2.68631545241179e-07,1.99392013871304e-07,7.19805170075406e-05,0,8.80858514786607e-06,1.28906124115113e-06,5.80077558518009e-06,1.79452812484173e-06,2.87890343857086e-05,1.41796736526624e-05,0.000120312382507439,0.000185195131645379,7.94921098709864e-06,4.93072694729546e-05,4.56673626910004e-06,0,1.52538913536217e-05,1.28906124115113e-06,3.22265310287783e-06,4.72655788422082e-06,6.28597815864358e-05,3.39452793503131e-05,8.80858514786607e-06,1.91210750770751e-05,1.79452812484173e-06,4.02771868020033e-05,0,1.19635208322782e-05,2.57812248230226e-06,2.25585717201448e-05,2.14905236192943e-06,1.28906124115113e-05,1.39574409709913e-06,1.28943141715766e-05,3.27730485194238e-05,0,2.12695104789937e-05,3.00780956268597e-06,3.22265310287783e-06,0.000157696230929161,9.16949724016112e-06,8.57385659646606e-06,1.46093607330462e-05,7.97568055485215e-07,9.17203263807997e-06
"PCSI_1135",0.000190124720168546,0,3.50175540938817e-06,2.60596641222011e-06,7.32079794385757e-06,2.17697412541028e-05,5.97222990156802e-06,4.194060024578e-05,5.77957732409808e-07,8.28406083120725e-06,1.54122061975949e-06,1.92652577469936e-07,1.44189928621866e-06,4.11971224633902e-07,1.64788489853561e-06,2.9455942561324e-05,1.70968058223069e-05,9.82528145096674e-06,0,9.24732371855693e-06,0,1.07885443383164e-05,2.1191783521693e-06,2.56227928035015e-05,2.05985612316951e-07,4.11971224633902e-07,6.17956836950853e-07,2.1191783521693e-06,2.15770886766328e-05,0,3.85305154939872e-06,0,2.17697412541028e-05,5.97222990156802e-05,1.25224175355458e-05,1.30298320611005e-06,9.6326288734968e-07,1.5219553620125e-05,8.23942449267804e-07,2.05985612316951e-07,0,1.23591367390171e-06,7.12814536638764e-06,2.88379857243731e-06,2.67781296012036e-06,2.76020720504714e-05,2.14225036809629e-05,0,4.11971224633902e-07,9.82372037689975e-06,4.11971224633902e-07,1.23591367390171e-06,5.97358275719158e-06,9.06336694194584e-06,2.67781296012036e-06,1.27692354198785e-05,6.17956836950853e-07,2.47182734780341e-06,4.11971224633902e-07,1.92652577469936e-06,2.1191783521693e-06,2.47182734780341e-06,9.6326288734968e-07,1.02992806158475e-06,9.06336694194584e-06,1.82417648855407e-06,5.76759714487462e-06,1.8109342282174e-05,0.000179762293383797,1.74599749618747e-05,1.92652577469936e-07,8.23942449267804e-07,4.11971224633902e-07,2.05985612316951e-06,8.66936598614712e-06,1.92652577469936e-06,1.34856804228955e-06,5.97358275719158e-06,1.11175534466566e-06,5.97222990156802e-06
"PCSI_1136",3.91706564778193e-06,0,7.27455048873788e-05,0.000273761857089661,3.26485099094506e-06,5.02284767837702e-07,1.07991225085106e-05,9.54341058891633e-06,7.53427151756553e-07,0.000309156274604105,7.28312913364668e-06,1.50685430351311e-06,3.77717044607544e-05,1.59480529945407e-05,2.79790403412995e-06,0,7.27455048873788e-06,6.52970198189012e-06,1.25571191959425e-06,4.77170529445817e-06,0,0.000225525860759128,0.000222009867384264,5.02284767837702e-06,1.09118257331068e-05,2.09842802559746e-05,1.98651186423227e-05,4.01827814270161e-06,1.33105463476991e-05,1.0045695356754e-06,9.79455297283518e-06,1.50685430351311e-05,6.07764569083619e-05,1.63242549547253e-05,4.94750496320136e-05,8.42785537300751e-06,0,0.000151941142270905,5.5958080682599e-07,3.07769443754295e-06,5.12752641451688e-06,1.79065858184317e-05,3.51599337486391e-06,4.44866741426662e-05,2.12640706593876e-05,3.35748484095594e-05,8.75743962682675e-05,3.07769443754295e-06,3.35748484095594e-06,3.12142791592871e-07,0,8.39371210238986e-06,2.51811363071696e-06,2.79790403412995e-07,0,2.15378526199081e-05,3.91706564778193e-06,1.39895201706498e-06,1.67874242047797e-05,7.53427151756553e-07,1.15525496602671e-05,3.63727524436894e-06,2.26028145526966e-06,1.07825398612992e-05,2.18236514662136e-05,2.49714233274297e-06,8.95329290921585e-06,2.31050993205343e-05,1.24857116637148e-06,1.12371404973434e-05,1.0045695356754e-06,1.17511969433458e-05,2.35023938866916e-05,2.79790403412995e-06,4.06850661948538e-05,3.76713575878276e-06,4.01827814270161e-06,4.19685605119493e-06,2.51142383918851e-07,9.79455297283518e-06
"PCSI_1137",1.39773876927992e-05,2.44049626382208e-06,8.54173692337729e-05,7.41228029537937e-06,6.68568830703972e-05,0,4.11426972740906e-07,6.17140459111359e-06,3.4971292682977e-06,0.000269484667145293,8.43425294118857e-06,4.11426972740906e-06,5.28034646172414e-05,3.3723221100087e-05,1.26462079125326e-05,6.65589890133295e-07,3.32794945066648e-06,2.4068477905343e-05,8.22853945481812e-07,3.31198713056429e-05,0,0.000246650470158173,0.000287761160684722,2.05713486370453e-07,9.31825846186614e-06,4.19321630783976e-05,2.37393727480875e-05,2.0158627749527e-05,9.87424734578174e-06,0,1.93370677188226e-05,0,5.16340850789837e-05,1.02856743185226e-06,4.95769502152792e-05,0.000269363225884702,0,3.43541522238656e-05,1.55304307697769e-06,2.55142791217763e-05,5.12752641451688e-06,2.95078184625761e-05,2.87998880918634e-06,8.89671819811505e-05,3.94916668145755e-05,6.45622193429297e-05,0.000141992509895103,1.50867041763547e-05,3.21701780231093e-05,3.70614014768968e-06,4.43726593422197e-07,5.36909178040858e-05,0,1.10931648355549e-06,2.21863296711099e-07,0.000183983385903166,4.03791200014199e-05,2.44049626382208e-06,5.52439608810635e-05,8.22853945481812e-07,2.67427532281589e-06,8.87453186844394e-07,2.87998880918634e-06,8.87453186844394e-06,1.1315028132266e-05,2.38251866637194e-06,2.41830993415097e-05,9.46282037304084e-06,2.64724296263549e-07,1.03242475542784e-05,4.11426972740906e-07,2.37393727480875e-05,2.2630056264532e-05,1.99676967039989e-06,0.000132890912195313,9.16949724016112e-06,1.30285068072427e-05,9.98384835199943e-06,1.11175534466566e-06,2.05713486370453e-05
"PCSI_1138",0.000485616643025549,0,2.62185618744261e-05,0.000273761857089661,3.53756898259516e-05,2.08092293093833e-05,1.32640385284787e-05,1.39989360808579e-05,1.70257330713136e-06,1.64582086356032e-05,1.13504887142091e-06,0,6.8996215459016e-06,2.16845248585479e-06,2.56271657419202e-06,6.93890261408957e-05,2.72147684304436e-05,1.70257330713136e-06,3.78349623806969e-07,1.70257330713136e-06,1.51339849522788e-06,8.15343439304018e-05,1.32422368332439e-05,3.14030187759784e-05,2.95698066252926e-06,7.68814972257607e-06,2.95698066252926e-06,2.64844736664878e-06,1.07829642784986e-05,1.89174811903485e-07,1.89174811903485e-07,0,0.000391283248974275,0.000298911127284721,5.31581221448792e-05,2.32064447907075e-06,5.67524435710454e-07,0.000505760615896373,9.85660220843086e-07,3.94264088337235e-06,1.97132044168617e-07,2.54300336977516e-05,1.12384116399009e-05,5.91396132505852e-06,3.80464845245431e-05,7.39245165632315e-05,4.13977292754096e-05,0,7.88528176674469e-07,5.15698773126834e-07,1.10393944734426e-05,2.32615812118968e-05,5.28898296872538e-05,5.61920958176839e-05,1.91218082843559e-05,0.000291369806816661,1.97132044168617e-06,5.51969723672128e-06,7.29388563423884e-06,0,9.45874059517423e-07,0,1.51339849522788e-06,1.37992430918032e-06,3.37095795528336e-05,1.80494570594392e-06,1.28135828709601e-05,3.68890883211795e-05,2.57849386563417e-07,1.67602101266221e-05,5.67524435710454e-07,5.51969723672128e-06,2.56271657419202e-06,6.30822541339575e-06,1.07829642784986e-05,1.51339849522788e-06,5.10771992139408e-06,6.10714347266942e-05,0,0.000105001508747529
"PCSI_1139",0.000134131240148777,2.50997340574166e-06,3.99322012656665e-05,7.65350422288693e-06,5.13561697101311e-05,1.98286369537186e-07,1.32640385284787e-05,1.26903276503799e-05,1.13023230636196e-05,0.000204829819731913,3.76744102120653e-06,3.17258191259497e-06,4.99664467119109e-05,1.26963921972888e-05,1.45394168710888e-05,7.78165973382219e-06,7.37209869519997e-06,2.12166415404789e-05,1.98286369537186e-07,3.56915465166934e-06,2.18115006490904e-06,0.000263126012375845,0.000191544632972921,1.58629095629749e-06,1.82254662186888e-05,6.4060894249325e-05,3.05122973773554e-05,1.32851867589914e-05,2.2406359757702e-05,3.96572739074371e-07,5.75030471657839e-06,7.93145478148743e-06,9.1806589095717e-05,7.33659567287587e-06,5.35373197750401e-05,0.000151222686886697,1.58629095629749e-06,0.000157241091042988,1.22868311586666e-06,1.96589298538666e-05,1.43346363517777e-06,5.55986673389457e-05,2.7760091735206e-06,1.08533675234888e-05,8.29361103209996e-05,0.00013474558170671,0.000292833975375892,2.6007125952511e-05,3.48126882828887e-06,2.90305332592263e-06,1.43346363517777e-06,5.63146428105553e-05,1.22868311586666e-06,2.12971740083555e-05,1.69967831028221e-05,6.91454519447026e-05,2.98979558194221e-05,1.65872220641999e-05,5.77481064457331e-05,1.18971821722311e-06,1.78457732583467e-05,8.1912207724444e-07,9.12117299871054e-06,1.63824415448888e-06,3.70758065347305e-05,1.68904920780953e-05,1.92493688152444e-05,3.23206782345613e-05,3.16696726464287e-06,0.000285027053817858,3.96572739074371e-07,4.15704454201554e-05,2.12971740083555e-05,1.93200969415321e-05,0.000157696230929161,9.16949724016112e-06,1.30285068072427e-05,1.96589298538666e-05,9.91431847685929e-07,0.000105001508747529
"PCSI_1162",0.000465096183415636,1.56400566091849e-06,0.000156400566091849,4.4672886638699e-05,1.83438604494804e-05,0,5.98169362483057e-07,3.38962638740399e-06,6.97864256230233e-06,0.000262995129705051,6.97864256230233e-06,9.96948937471761e-07,0.000112803908293746,3.63631316163549e-05,1.97455714690959e-05,2.42420877442366e-05,2.72147684304436e-05,8.57376086225715e-06,3.98779574988705e-07,4.78535489986445e-06,1.99389787494352e-07,6.63967992356193e-05,9.27162511848738e-05,3.19023659990964e-06,2.36555856213922e-05,6.4060894249325e-05,4.22281528447992e-05,1.43560646995934e-05,2.65063649003463e-05,0,4.5859651123701e-06,0,3.1104806849119e-05,3.78840596239269e-06,3.09054170616246e-05,0.000110398512957705,1.99389787494352e-07,0.000140370410396024,7.4209473785573e-06,3.16711146335994e-05,2.93251061422217e-06,5.55986673389457e-05,1.12384116399009e-05,4.59426662894806e-05,4.2423653552414e-05,0.000230913823584807,0.000292833975375892,3.14579212681185e-05,4.2423653552414e-05,7.44548110644984e-06,4.88751769037028e-06,4.84841754884732e-05,3.71451344468141e-06,2.36555856213922e-05,2.68674896069946e-05,4.18487386328043e-05,5.92367144072878e-05,2.60436879369994e-05,7.19310526038358e-05,1.99389787494352e-07,6.18108341232492e-06,3.91001415229622e-07,7.17803234979668e-06,4.10551485991104e-06,3.70758065347305e-05,5.56829298593496e-05,3.16711146335994e-05,1.57517932120538e-05,0,6.41851819521538e-06,5.98169362483057e-07,5.57037267728113e-05,2.7956601188918e-05,1.93200969415321e-05,5.96175464608113e-05,9.16949724016112e-06,1.05676587372007e-05,2.63925955279995e-05,1.11175534466566e-06,2.11353174744013e-05
"PCSI_1165",1.03944996087888e-05,2.50997340574166e-06,1.46467949032934e-05,1.03240134258059e-05,7.69405571569927e-05,8.94657641360381e-07,1.02885628756444e-05,2.68397292408114e-06,1.36525259974829e-05,0.000495193004492971,2.37084274960501e-05,4.92061702748209e-06,6.70917702021825e-05,3.02385443164766e-05,3.22966614727481e-05,1.41743176483484e-06,1.13394541186787e-05,3.44443191923747e-05,0,1.56565087238067e-05,0,0.000196824681099284,0.000287761160684722,8.94657641360381e-07,1.08669768637338e-05,2.12614764725226e-05,1.84266129428529e-05,2.0158627749527e-05,2.65063649003463e-05,8.94657641360381e-07,2.23664410340095e-05,1.34198646204057e-06,7.91772012603937e-05,1.52091799031265e-05,6.48626789986276e-05,0.000269363225884702,8.94657641360381e-07,2.32610986753699e-05,3.30734078461463e-06,4.20504756901003e-05,2.83486352966968e-06,4.34679074549351e-05,4.4732882068019e-07,9.49679282439343e-05,0.000106575854621547,9.7802791773604e-05,0.000292833975375892,1.51192721582383e-05,5.19724980439442e-06,1.72066890430098e-06,0,5.3389929808779e-05,2.36238627472473e-06,1.41743176483484e-06,1.41743176483484e-06,8.89012267222175e-05,5.57523160835037e-05,1.41743176483484e-06,2.74036807868069e-05,0,8.94657641360381e-07,1.41743176483484e-06,4.4732882068019e-07,1.07825398612992e-05,2.92935898065867e-05,5.73556301433661e-07,2.22064309824125e-05,1.92351392892482e-05,5.73556301433661e-07,8.14449948035799e-05,0,1.7954135687908e-05,2.03165219626327e-05,3.30734078461463e-06,0.000131067344459296,9.16949724016112e-06,1.30285068072427e-05,3.77981803955958e-05,8.94657641360381e-07,9.48337099842003e-05
"PCSI_1166",5.58093518716216e-05,4.22798120239557e-07,0.000116269483065878,5.77484944787025e-05,0.000106864665971726,0,1.44957998419958e-06,2.93539946800415e-05,1.36525259974829e-05,0.00037725319088794,5.79831993679831e-06,5.83162916482937e-06,0.000170387642456542,9.77343132170727e-05,2.02943097714988e-05,2.9595868416769e-06,9.72435676550982e-06,0.000107931543454963,5.43592494074842e-06,4.31250045299375e-05,0,0.000334490581354053,0.000112704843771517,7.24789992099789e-07,2.9595868416769e-06,2.11399060119779e-06,4.65077932263513e-05,0,3.62394996049895e-07,0,6.05199643403324e-05,2.83822063489015e-05,1.41334048459459e-05,9.78466489334715e-06,0.000112303164058098,0.000269363225884702,2.17436997629937e-06,1.0147059889397e-05,4.22798120239557e-07,3.38238496191646e-06,1.69119248095823e-06,8.45596240479115e-07,3.62394996049895e-07,2.28310984929361e-05,0.000106575854621547,0.00019152754846852,0.000292833975375892,1.60663285691032e-05,4.93072694729546e-05,4.51160113114864e-07,0,8.03316428455159e-06,9.30155864527026e-06,5.45409575109029e-05,1.26839436071867e-05,6.18089354967363e-05,2.5790685334613e-05,7.61036616431203e-06,9.72435676550982e-06,0,1.7032564814345e-05,0,0,0,3.38238496191646e-06,0,1.26839436071867e-05,3.26155496444905e-06,1.35348033934459e-06,9.02320226229727e-07,9.86779877586311e-06,1.98715116512592e-05,2.28310984929361e-05,1.01471548857494e-05,0.000157696230929161,0,3.62394996049895e-07,1.69119248095823e-06,0,0
"PCSI_1181",7.72321177902513e-06,0,7.72321177902513e-06,1.48369839379051e-05,3.04955449820724e-06,3.81194312275905e-07,0,9.52985780689763e-07,2.09656871751748e-06,0.000136467563794774,2.66836018593134e-06,9.52985780689763e-07,1.48202171975888e-05,3.13103180230749e-06,4.80091543020481e-06,2.08735453487166e-07,6.05332815112781e-06,6.36594501500762e-05,0,3.6213459666211e-06,1.90597156137953e-07,0.000239390028109269,0.000287761160684722,3.81194312275905e-07,1.87861908138449e-06,2.92229634882032e-06,6.6795345115893e-06,3.04955449820724e-06,1.71537440524157e-05,0,9.68131013737941e-05,0,1.90597156137953e-07,1.33418009296567e-06,1.90597156137953e-05,6.09376126021102e-06,0,3.43074881048315e-06,0,2.71356089533316e-06,8.34941813948663e-07,6.26206360461497e-07,1.14358293682772e-06,1.89949262673321e-05,3.04753762091262e-05,7.53534987088669e-05,0.000217502342533627,2.08735453487166e-07,1.46114817441016e-06,9.82372037689975e-06,0,1.25241272092299e-06,1.25241272092299e-06,2.29608998835882e-06,6.26206360461497e-07,4.7690305514695e-06,1.87861908138449e-06,4.17470906974332e-07,8.34941813948663e-07,0,2.85895734206929e-05,2.08735453487166e-07,9.52985780689763e-07,1.87861908138449e-06,9.1843599534353e-06,1.58967685048983e-06,4.80091543020481e-06,1.01016492753115e-05,7.94838425244916e-07,7.94838425244916e-06,1.33418009296567e-06,3.75723816276898e-06,4.17470906974332e-07,4.59217997671765e-06,5.6607355372972e-05,9.16949724016112e-06,3.43074881048315e-06,1.14804499417941e-05,1.11175534466566e-06,3.2401516543452e-06
"PCSI_1205",0.000366798177537055,2.05856120046306e-06,3.74283854629648e-06,1.54321265496106e-06,6.61372689800932e-05,8.98604198099093e-07,1.79720839619819e-06,5.57134602821437e-06,1.07832503771891e-06,3.43266803673853e-05,1.25804587733873e-06,1.79720839619819e-07,3.27498372800942e-05,6.36282552870402e-06,4.49140625555578e-06,5.76397136129658e-05,3.55569661898166e-06,1.07832503771891e-05,0,4.13357931125583e-06,0,1.49168296884449e-05,4.24141181502772e-05,3.59441679239637e-07,2.80712890972236e-06,1.49713541851859e-06,5.61425781944472e-06,5.03218350935492e-06,2.53406383863944e-05,0,2.15665007543782e-06,0,3.59441679239637e-07,6.8293919055531e-06,5.08609976124086e-05,5.14404218320352e-06,1.79720839619819e-07,5.03218350935492e-06,7.48567709259296e-07,1.30999349120377e-06,7.48567709259296e-07,5.4271158921299e-06,1.12384116399009e-05,4.30426432824095e-06,1.87141927314824e-05,3.64926758263907e-05,2.58255859694457e-05,2.80712890972236e-06,7.48567709259296e-07,2.57202109160176e-06,1.49713541851859e-06,3.74283854629648e-07,7.48567709259296e-06,5.61920958176839e-05,7.29853516527814e-06,3.03498488809008e-05,5.05283203750025e-06,1.49713541851859e-05,3.74283854629648e-06,1.79720839619819e-07,5.03218350935492e-06,0,0,5.61425781944472e-07,1.2725651057408e-05,1.0288084366407e-06,7.67281901990778e-06,7.18883358479274e-06,0.000179762293383797,4.39815606663901e-05,0,7.48567709259296e-06,4.49140625555578e-06,3.36855469166683e-06,7.31463817252661e-05,9.16949724016112e-06,6.64967106593329e-06,2.24570312777789e-06,1.11175534466566e-06,7.18883358479274e-07
NA,0,0,0,0,0,0,0,0,0,0,0,0,0,0,0,0,0,0,0,0,0,0,0,0,0,0,0,0,0,0,0,0,0,0,0,0,0,0,0,0,0,0,0,0,0,0,0,0,0,0,0,0,0,0,0,0,0,0,0,0,0,0,0,0,0,0,0,0,0,0,0,0,0,0,0,0,0,0,0,0
