PCSI_ID,PRSS1_ep,TP63_ep,CEACAM6_ep,KRT5_ep,KRT19_ep,KRT20_ep,CLDN3_ep,AGR2_ep,TFF1_ep,GATA6_ep,KRT81_ep,SPP1_ep,VCAM1_ep,S100A2_ep,INS_ep,S100P_ep,MUC16_ep,PDX1_ep,MMP7_ep,CA9_ep,TSPAN8_ep,CAV1_ep,REG4_ep,ANXA2_ep,S100A4_ep,Fibronectin_caf,p-MLC2_caf,Decorin_caf,Col1A2_caf,CD74_caf,Tenacin_caf,YAP_caf,Periostin_caf,ColIV_caf,CD34_caf,CTGF_caf,SERPINE1_PAI-1_caf,FGG_caf,Cleaved_Col1_caf,p-FAK_caf,NR2F2_caf,MYH11_caf,CD36_caf,CXCL12_caf,ESM1_caf,CCL21_caf,PGP9.5_caf,p-SMAD2_caf,CXCL13_caf,PDGFRb_caf,HLA-ABC_caf,CD105_ENG_caf,PDGFRab_caf,FN-EDA__humanized__caf,HIF1A_caf,PNAD_caf,FN-EDB__humanized__caf,HLA-DR_im,CD303_CLEC4C_im,CD79A_im,CD15_im,CD66b_im,CD278__iCOS__im,CD20_im,CD68_im,CD4_im,CD8a_im,CD24_im,CD11c_im,CLEC9A_im,FOXP3_im,TIGIT_im,IgM_im,PD-L1_im,CD103_im,CD3_im,GranzymeB_im,CTLA-4_im,iNOS_im,Arginase_im,gamma_delta_TCR_im,NKp46_im,CD14_im,CD1c_im,PD1_im,MPO_im,CASP3,CD31,CD45,CDH1,CLU,DNA1,DNA2,FAP,MKI67,PDPN,S100A9,SMA,VIM,panCK
PCSI_0004,0.560952738,-0.542476572,-0.676354443,-0.034651909,1.059415283,0.738635385,1.764263606,-0.785500973,0.415850303,1.58246205,2.184444422,0.344462114,0.783314392,0.160001412,-0.506773495,-0.347932152,-0.28314084899999997,2.214495619,0.149992969,-0.110366486,2.074047244,0.347302149,0.192444842,-0.71915044400000006,2.366142222,0.126125366,1.052274825,1.405071519,-0.262720335,-0.517723321,0.200834967,0.415381049,1.823195913,0.049233749,0.112216271,-0.49622466,0.710249253,-0.566558615,-0.521126477,-0.540431731,-0.507151135,0.289005838,-0.801495341,-0.326880822,0.262947072,-0.321628275,1.31337352,-0.224656283,-0.869409755,1.119396067,-0.436650598,1.633283839,1.202339665,-0.356228698,-0.479749703,-0.220602827,-0.413145382,-0.472460018,-0.964222483,-0.239567356,-0.566392846,-0.398437969,-1.00153451,-1.305406962,-0.646990275,-0.449253509,-0.310040193,-0.562732064,-0.384397234,-0.556930703,-0.886132545,-0.798837892,1.321865906,-0.655078269,-0.42295545,-5.35e-5,-0.807187486,-0.441199427,-0.4608183,-0.439250791,-0.429899344,-0.38067427,-0.300481055,-0.436708589,-0.486124574,-0.624923046,2.365754637,0.149336719,-0.069903386,0.017234824,-0.063928495,-0.217302211,-0.206694517,0.792111551,0.293458065,1.91869734,-0.440487223,0.163836733,0.346348577,-0.48952859
PCSI_0015,0.284847367,0.786879167,-0.928566127,0.359495904,0.775826122,-0.165179819,0.268760667,-0.842282589,-0.434905218,-0.403317188,0.027431897,1.16002863,-0.332117657,0.427339723,-0.525772668,-0.285407519,0.208115683,-0.129850751,-0.639625562,1.021015132,0.069755304,0.618510238,-0.20277322,-0.667701525,-0.021260009,1.665231342,1.251990668,1.833382503,0.25508912500000003,-0.741954322,1.286297924,0.595531482,1.823195913,1.537870092,0.378424206,1.388659434,0.21639952,0.565012,1.461933951,0.040472945,0.33214397,0.135338675,-1.103147087,0.001572736,-0.291145727,-0.011073621,0.163347912,-0.679174653,1.883033987,-0.912748262,-0.252366601,-1.250150978,-0.371691918,1.34878092,-0.38980981,-0.030403958,1.449319019,-0.954041494,-1.01583914,1.849408802,-0.602897488,-0.370504013,-0.966403101,-1.207345934,-0.795687427,-0.744829756,-0.816251298,-0.369252335,-0.447332934,-0.574049038,-0.874047665,-0.595596951,-0.379768983,-0.672236338,-0.3925534,0.129095624,0.354375441,0.151023884,-0.476522934,-0.496530831,-0.135165947,-0.496066017,-0.481024744,-0.445218885,-0.453918563,-0.496382745,0.261541649,-0.694558426,-0.483006787,-0.552486821,0.920312949,-1.07870385,-1.080244909,0.092219457,-0.335427305,1.91869734,-0.375140225,0.766266125,-0.33771529,-0.026698804
PCSI_0018,-0.449103765,-0.682621803,-0.429484219,-0.255505022,-0.874614692,-0.39124469,-0.99017429,-0.682438459,-0.696233466,-0.938708804,-0.820330086,-0.64585855700000006,-1.15097873,-0.120352082,-0.646776386,-0.264407969,-0.404116336,-0.823484346,0.021956283,-0.448637856,-0.76333527,-0.602345284,-0.358632092,-0.863953283,-0.775366057,0.096009126,-0.655651355,-0.936258776,-0.478449803,-0.413403697,-0.27842124,-0.613370665,-0.33031229,-0.730687117,-0.349346788,-0.945195537,-0.708450149,-0.229726714,-0.447588062,-0.758370078,-1.068873242,-0.606702969,-1.191954175,-1.213387,-0.666865337,-0.714526317,-0.575695316,-1.066716476,-0.091391991,-1.240098896,-0.617533806,-0.79884812,-1.100836096,0.12152644,-0.39180865,-0.262244706,-0.141174737,-0.823746068,-0.939021041,-0.52636227,-0.5987094,-0.303915671,-0.644072661,0.218485519,-0.601148087,-0.789638377,-0.81718954,-0.918039457,-0.388279546,-0.262281495,-1.029609301,-0.831090085,-0.522866246,-0.774626287,-1.318879981,-1.158224877,-0.796323145,-1.373829101,-0.685722312,-0.564503412,-1.274742975,-0.88237035,-0.706688963,-1.12683845,-0.581959236,-0.61778159,-0.798871238,-1.157669661,-0.912868364,1.70698274,-0.707632427,-1.506570704,-1.508072965,-0.726783655,-0.782760252,-0.332722248,-0.444490038,0.149078613,-1.026673606,-0.653630803
PCSI_0019,0.391458437,-0.30640057,-0.846790706,-0.218915655,-0.507035189,-0.222817874,0.887321937,0.478747001,0.774939788,0.75506641,-0.11227918,-0.454996239,-6.96984e-4,-0.30763076,-0.477450113,1.172341145,1.002427354,-0.146834316,0.490028295,1.559344996,-0.059022216,2.007367184,-0.213513933,0.729910722,-0.292277654,-0.373435505,1.637895491,-0.120404515,-0.534261397,0.736127582,-0.039648553,1.59998863,-0.389681271,0.445614442,0.218131154,0.710768773,0.942917613,0.543500263,0.893171329,0.26183831,0.625520016,1.046604496,0.001570346,0.621557882,1.357071997,0.313609518,-0.397712154,1.283539653,0.045389949,0.473981929,0.071016483,-0.580179683,0.893895861,-0.388298304,-0.346362577,-0.115172764,1.329469451,0.429556195,1.203694455,0.315961424,2.065983308,-0.191317902,0.857829434,0.7273384,-0.524391406,-0.295646615,0.387957943,0.277957322,-0.253342554,-0.351955725,0.351190451,-0.374485846,-0.347799866,2.018764532,1.090284625,1.321456647,0.492464807,0.527499599,-0.320789129,0.059219513,0.193134379,1.745154453,-0.068722835,1.085786455,0.291396232,-0.20204205,0.136684902,-0.134522969,-0.404068637,0.201152182,-0.213679169,1.298187428,1.299068715,0.861043153,-0.094102214,1.91869734,-0.346575533,0.609540033,0.269356733,-0.544794492
PCSI_0072,0.263273983,-0.611963168,0.330134545,-0.160578379,0.120436452,-0.119750234,0.30431851,-0.188859729,0.30228363,0.037871988,0.471052659,0.265587394,-0.141362985,1.620662854,0.453307751,-0.394420968,-0.447493835,0.443430237,1.009695687,-0.366674723,0.558138632,-0.824070942,-0.116916536,-0.562745685,0.699974334,-0.210469829,0.071570626,-0.574740314,-0.861789148,-0.652130182,-0.225308406,-0.149621033,-0.327137264,-1.015277095,-0.504939138,-1.306317561,-0.697015877,-0.209598,-0.576321494,-0.83720353300000006,-1.012210818,-0.543449482,-0.189265637,-0.811568037,-0.372957438,-0.265075763,0.840236649,-0.400873436,-0.346766673,-0.218260591,-0.630405805,-0.102564697,-0.223784277,-0.047932976,-0.392559452,-0.232413328,-0.064512385,-0.584522605,-0.912042987,-0.693693558,-0.488977538,-0.307174369,-0.990018701,-1.367590264,-0.237513559,-0.680770429,-0.498599585,-0.742746205,-0.323751731,-0.565464048,-0.847529389,-0.986487988,-0.575244344,-0.600905212,-0.178118407,0.48261969,-0.634233174,-0.625289076,-0.310079676,-0.378514224,-0.872089455,-0.493067625,-0.127413551,-0.874499846,-0.652648174,-0.482687208,0.605472903,-0.250788838,-0.387566981,-0.922162509,-0.39972161,-0.438208785,-0.433994767,0.301073788,-0.315965915,-0.156983216,-0.291189072,-0.079728112,0.195952306,-0.292530907
PCSI_0073,-0.72811348,2.056143408,0.606966841,-0.181762659,0.234881972,-0.160408068,0.231539868,1.068589631,-0.070890905,0.286215835,0.378638965,1.417399097,0.824733208,-0.19074261,-0.472532499,0.508483306,0.350903337,0.242687691,0.558603444,-0.122148407,0.196792091,0.146409738,-0.120582287,1.595190684,0.858655027,-0.240218211,1.603403109,-0.84664712,-0.922241509,1.911071754,0.317083177,1.132408582,-0.348814666,-0.136576198,-0.396833465,1.706638817,0.792044072,-0.474248414,0.133633224,-0.272834631,0.229958096,0.093880848,0.607111789,0.198936684,0.236528682,0.006777374,-0.402533024,0.416800521,-0.521719369,0.483205198,0.339555485,0.033275998,0.150162688,0.247732045,0.632738473,-0.066735071000000007,0.895735692,1.051175467,0.71002608,0.232789463,0.042152238,0.355152254,0.367947249,0.160111297,0.654814623,0.051608901,-0.327752884,0.253455858,-0.274572773,-0.033630086,0.621246467,0.242097142,-0.365268477,0.2494508,0.985393383,1.408727288,0.500248442,0.891805708,0.198779058,0.542781377,0.062366041,0.812234387,0.567793448,0.497376247,0.32673626,0.471973053,0.390650068,0.887558947,0.297424414,-0.423146703,-0.420577966,0.989221613,0.989814236,1.795382061,0.032794871,0.739397133,0.585451535,1.156453334,0.067864709,0.938154098
PCSI_0074,-1.317440844,1.980932028,-0.846288823,-0.24619468,-0.841196965,-0.214603448,-0.797847587,-0.788173713,-0.544373312,-0.769439093,-0.572176309,-0.791789896,-1.230900029,-0.374883946,0.299096811,-0.487587385,-1.166113889,-0.551162571,-0.933038087,-0.55868783,-0.469598073,-1.052017883,-0.282281995,-1.636558914,-0.461206142,-0.514139828,-1.058720881,-0.29567039,-0.40404361,-1.08334775,-0.488175825,-1.129633502,-1.144282132,-1.440981977,-0.792369283,-1.588604706,-1.085670419,-0.505177378,-1.295902253,-1.349336596,-1.266352538,-0.843360469,-0.026617242,-1.105993317,-0.711809645,-0.773776791,0.46559602,-1.226097982,-0.724042904,-0.411835741,-1.14452052,0.150037027,-0.5488871,-0.652230064,-0.415947954,-0.283282784,-0.720604558,-1.019289378,-1.224974603,-1.344863445,-0.541379425,-0.34710691,-0.912128906,-0.346829006,-0.776328157,-0.919275687,-0.920058912,-1.239063368,-0.580826214,-0.574620637,-1.383901615,-1.26129408,-0.279567237,-0.857511242,-1.461641404,-1.097123817,-1.518531972,-1.449490783,-0.619095104,-0.687368729,-1.283563478,-1.394061498,-1.021979419,-1.270886336,-1.429364827,0.462186555,-0.666893067,-1.052069442,-0.878272051,-1.122227826,-0.470902813,-0.967300327,-0.973603705,-1.132253585,-0.820167553,-0.886362262,-0.534860508,0.118534666,-0.540122158,-1.162433803
PCSI_0076,-0.974249487,-0.964555424,-0.434390018,-0.245115458,-0.72474485,-0.345054572,-0.808246722,-0.170826223,-0.128207794,-0.421428678,-0.65184975,-0.935202023,-0.897053054,-0.39028553,-0.340556115,-0.396174819,-0.779128129,-0.699329893,-1.13262847,-0.617290674,-0.624454252,0.13262625,-0.10776665,-0.919210938,-0.679720452,-0.609622937,-0.930705039,-0.561045499,-0.485127633,-1.000777717,-0.465578065,-1.154428339,-0.785651354,-1.446545235,-1.223475568,-1.588914575,-0.979929192,-0.036779256,-0.375500743,-1.172530121,-1.404563649,-0.724201951,-1.10835576,-1.257649987,-0.606057861,-0.762440989,-0.824298944,-1.388262482,-1.01953621,-0.574289667,-0.934655046,-0.348961905,-0.461222969,-0.627923825,-0.496548532,-0.278645692,-0.976178969,-0.816852984,-1.63718627,-1.303597925,-0.656693491,-0.415231273,-1.668943526,-1.715602127,-0.751425499,-0.962718481,-0.888486616,-1.464250297,-0.433908548,-0.716674819,-1.497908364,-1.630741303,-0.638900004,-1.118770779,-1.504782201,-1.099902302,-1.40434858,-1.526873439,-0.709048854,-0.656338165,-1.360601413,-0.968598155,-1.006984138,-0.884180067,-1.297797792,-0.466800013,-0.92642247,-0.880101803,-0.734976567,-0.564333825,-0.465210591,-0.847381004,-0.882705864,-1.159053911,-0.835527928,-0.370607551,-0.563228331,-0.150147906,-1.417551061,-0.826969112
PCSI_0079,-0.385558146,2.056143408,-0.927609353,0.359495904,-0.034425777,-0.257979154,0.18898961,-0.865195672,-0.537964456,-0.561954345,-0.095058163,-0.525007186,0.353232575,0.737741339,-0.442084681,-0.502963978,0.525529693,-0.17530456,-0.663621107,-0.377517857,-0.200654115,-0.509668469,-0.205165919,-0.691808809,-0.226289647,0.727373467,-0.873903537,0.379097158,0.133651015,0.478195024,1.286297924,1.59998863,1.703682188,1.456044226,0.231895114,0.027347032,0.96312836,0.135628677,0.295570395,0.148169284,0.75681061,0.429885398,-0.570212438,0.250308143,0.560953442,0.220961227,1.508847159,0.952661902,1.883033987,-0.049323105,0.833613507,1.166516199,0.688565935,0.099361853,-0.402481846,-0.138294148,1.272161279,1.311495054,0.200159486,1.625350064,-0.628006125,-0.343633041,0.276843085,-0.451844864,-0.563191081,0.390675521,0.834382271,0.578563053,-0.167393669,-0.243178385,0.633985695,0.477435574,-0.21781244,-0.435231026,0.72790074,-0.035456126,0.601713293,0.501778844,-0.047553198,-0.030905731,1.50754719,1.764870079,0.983115481,0.601280077,1.112788296,-0.490549878,-0.068559667,1.972387009,0.097025871,-0.450734984,-0.118955962,1.247799882,1.271645057,-0.170222536,0.024785483,1.91869734,-0.420714093,0.753596202,-0.15418545,0.103663669
PCSI_0080,0.218030502,1.328545218,-0.142928088,-0.010146588,2.12922233,0.582132605,2.128119917,-0.510039805,0.956534522,2.226012625,2.184444422,1.417399097,1.893286492,0.064186158,0.6079596,-0.25932252,0.329727855,2.219484066,1.114851721,0.147358422,2.074047244,-0.266370621,0.475402238,0.062211111,2.369311153,-0.755877469,0.843243703,-0.636160122,-0.998608792,0.448000343,-0.376696065,0.317294543,-0.634640122,0.054945112,0.693219194,-0.074797339,-0.032855143,-0.939912106,-0.652893336,0.728556837,-0.046745556,-0.040252683,1.077829356,-0.335819329,0.398357429,0.042235911,-0.259939411,0.11730641,-0.505690622,0.165030187,0.146236691,1.027129932,0.115388443,-0.617199062,0.346539175,-0.195105762,-0.202663815,1.08083233,0.9097176,0.093023545,0.252876204,0.062754563,0.514904876,0.491693276,0.163577273,0.830428647,1.097869292,0.68106797,0.571838455,0.363721996,0.637747488,0.900527046,-0.209078494,0.709155645,0.947845803,1.195525935,0.426426589,0.83763991,1.264196702,1.344545396,0.879797986,0.912530377,0.628967907,1.058575999,0.743891659,0.75976251,2.365754637,1.931990758,1.247432255,-0.083581861,1.070019407,1.174858158,1.182490752,0.903123184,0.933506819,0.552115365,0.440009547,-0.317984036,0.723920265,1.122697903
PCSI_0081,0.150098532,-0.546025259,-0.703292532,-0.245981521,-0.809012073,-0.378520809,-1.007296267,-0.812807687,-0.689871661,-0.918480215,-0.754207898,-0.669124717,-1.010821026,-0.320320387,-0.473499697,-0.494664715,-0.521101752,-0.778886268,-0.54099622,-0.613829124,-0.744711632,-0.691551079,-0.345806375,-0.612950768,-0.696392343,-0.170869678,0.679490848,0.175560589,-0.068522511,-0.195093194,-0.355976396,-0.050946173,-0.230453006,-0.530284557,-0.138087664,-1.045814299,-0.451771074,0.786528817,0.040090912,-0.655833618,-0.712097717,-0.180875646,-0.573836541,-0.512403014,-0.051224553,-0.227238114,0.496629544,0.01163492,-0.884545483,-0.167985477,-0.61930125,-0.412081817,0.214610241,-0.283951021,-0.427018717,-0.262096065,-0.345371671,-0.223743999,-0.536464611,-0.702764622,-0.54549965,-0.301765602,-0.394383526,0.186775975,-0.340995137,-0.316162424,-0.457007252,-0.512794577,0.177046817,-0.363008412,-0.709115127,-0.616608746,-0.249715884,-0.378457134,-0.507976864,0.238623138,-0.972812523,-0.790388707,-0.151744668,-0.436674158,-0.846667881,-0.320185324,-0.272338983,-0.505906831,-0.690841391,-0.703051392,-0.736723967,-0.764665007,-0.2900556,-1.119371283,-0.803669702,-0.84111113,-0.845657591,0.483803418,-0.705230373,0.417055379,-0.455260231,0.792861859,0.094348606,-1.138331286
PCSI_0082,0.269033035,-0.135736687,-0.904484738,-0.205416529,-0.449997685,-0.247542381,-0.424323749,-0.198109182,-0.515738338,-0.41435799,-0.081069979,-0.728007335,-0.186410937,0.388033659,-0.545577304,-0.492400162,1.084275894,-0.240693933,-0.823371768,-0.534508078,-0.277342025,1.973645044,-0.234504454,-0.139571265,-0.132144956,0.513362783,1.56967614,-0.617275745,-0.747936075,-0.193120512,1.286297924,0.970895744,1.823195913,1.300759765,1.380216501,0.197247795,1.579299354,0.668129717,1.461933951,-0.109282909,1.281623992,1.046604496,-0.041405299,1.094322273,1.117526778,0.831326101,0.087943425,1.840922516,-0.009481001,0.725438409,0.174464748,-0.367260775,-0.196299798,0.471694457,-0.386819114,-0.204067139,0.208538704,-0.448828352,-0.269092972,-0.560749155,-0.61434137,-0.332232931,-0.547537389,0.773642793,-0.629482952,-0.307853788,-0.13165686,0.564650334,-0.163613895,-0.276486875,0.160404626,-0.016791297,-0.257740713,-0.353426558,0.62545263,0.456289391,-0.023943775,0.426890879,0.062417499,-0.26908027,0.021092849,1.764870079,0.253844784,1.528302859,0.189546846,-0.588803714,0.060092817,0.377039124,-0.224387884,-0.277768037,-0.511282648,0.089361113,0.085978058,0.279825136,-0.455784268,0.443489536,-0.449663143,1.315451242,0.764188132,0.062087661
PCSI_0083,-0.46498641,0.299891078,-0.867971131,-0.223426989,-0.678297802,-0.216066954,0.00957694,-0.827484663,-0.56592478,0.053259659,-0.006213859,1.417399097,1.291420596,0.808043173,0.974299237,-0.416708803,1.312746229,0.128159627,-0.190156402,-0.399194994,0.07910139,0.134056003,-0.15482384,0.451023943,-0.182018022,-0.874412574,-0.550830164,-1.111781175,-1.392364755,1.690891648,-0.243767951,1.59998863,-1.054372056,0.643863655,0.864483215,1.706638817,0.886861338,-0.946863039,-0.15714651,0.992222313,0.695467169,0.926203781,1.499972758,0.252627446,1.096736047,0.831326101,0.851303732,1.840922516,0.810295776,-0.185148676,2.077674597,0.439420222,-0.021069267,-0.566187453,1.3265364609999999,-0.140118048,0.452907677,1.011775105,1.563225102,1.206521509,-0.212846635,0.157239758,1.396317728,0.729839795,1.059997539,1.617378727,1.626361165,1.727786017,0.567003879,0.535262445,1.761784709,1.493175611,-0.11102062,0.677976766,1.526034659,1.747063627,1.560819236,2.043169707,0.409654918,1.344545396,1.74668104,1.764870079,1.24542344,1.528302859,1.81366683,0.656111411,0.659291995,1.972387009,1.570477832,-0.367123462,-0.009661421,1.671858363,1.675420325,-0.775651616,1.141406652,0.453542722,0.593737301,-1.02936658,1.453148579,-0.030025125
PCSI_0084,-0.457552822,-0.377195922,2.089243325,-0.163653204,-0.594343083,-0.290821609,-0.369020761,-0.210950403,-0.464652994,-0.723261725,-0.297564626,-0.644576224,-0.592828061,-0.294346865,-0.252558639,-0.354208322,1.328433185,-0.215459675,0.107140168,-0.393499622,-0.238844936,-0.698500575,-0.260119972,-0.50299309,-0.276729172,-0.537492012,0.038904786,-0.67941665,-1.232901915,-0.71661469,-0.342710243,0.392502201,-0.022138125,-0.407392053,-0.834966547,-0.274437095,-0.769672247,-0.939105338,-0.428102384,-0.80819356,-0.661126909,-0.304592908,-1.043737434,-0.638751613,-0.477138365,-0.28164069,-0.64180843,-0.630241697,-0.791973587,-0.652328346,-0.20771923,-0.950407921,-0.498594245,-0.353354131,0.841213972,-0.156365958,0.129524625,-1.100341325,-0.474976842,-1.103483837,0.210956526,0.434081461,-0.438339126,-1.004205009,0.581946426,-0.969418331,-0.875501234,-0.90603028,-0.293345634,-0.263885227,-0.915917581,-1.104099898,-0.60366227,0.132194009,0.020209616,1.632358694,-0.573767512,0.232887192,-0.200220942,0.166733564,-0.531268854,-0.803357806,-0.714272781,-0.309878756,-1.023188733,1.460119721,-0.185728917,-0.515069376,-0.540446618,-0.822575255,-0.580358714,0.324765801,0.312978929,1.511264191,-0.63326776,-0.054225855,1.395750955,0.780964954,0.355409438,-0.503483805
PCSI_0085,0.071216358,-0.785811684,0.613507927,-0.210062915,-0.684597062,-0.340915716,-0.56722499,1.103939164,1.459362754,-0.49894934,-0.698566119,-0.268712889,-0.853948299,-0.387911965,-0.739468848,0.016526603,-0.423153913,-0.711865992,-0.858606638,-0.568738422,-0.747335435,-1.012857557,0.553994848,-1.023083308,-0.749551172,-0.649370435,-1.019089003,-1.203619172,-0.795807638,-1.042120838,-0.406920629,-0.715082046,0.266633675,-1.316585346,-0.988126609,-1.075403033,-0.519137382,-0.836165141,-1.12181141,-0.83242459,-1.147684247,-0.446832434,-1.046452658,-1.158167335,-0.570850219,-0.726422524,-0.990668614,-0.991260887,-0.658101121,-0.391153818,-0.40233781,0.579313819,-0.522120708,-0.567264953,-0.476845232,-0.2790292,-0.7110266,-0.933780322,-0.085904424,-0.235914094,2.065983308,-0.242142998,0.190278154,1.497332307,-0.295782267,-0.622762852,-0.727742165,-0.475376609,-0.377790877,-0.240207387,-0.602548513,-0.615029485,-0.47085476,2.018764532,-0.907173807,-1.217603477,-0.799669977,-0.870171307,-0.455729878,-0.497368143,-0.937752915,-0.63498991,-0.668233851,-0.961558548,-0.778877636,-0.457045644,-0.680518746,-0.88271246,-0.919399968,-0.390136801,-0.869303376,-0.81390285,-0.816587507,-1.092347994,-0.36321525,-0.400868269,-0.498960665,-0.597371569,-1.279072308,0.148458967
PCSI_0086,-1.182590168,-0.665912666,0.433811913,-0.197205945,-0.278005187,-0.239283881,-0.257840115,-0.733776176,-0.405970969,-0.225220808,0.121067206,0.790430488,-0.249359208,-0.253119409,-0.57185471,-0.378175799,-0.213211643,0.078492053,-0.255703789,-0.223851354,0.075595997,-0.665794318,-0.197101551,-0.321606778,0.190090859,1.665231342,-0.459849847,-0.803634199,-0.177817388,-0.706613896,1.027966004,0.306181459,1.373977412,-0.199395423,-0.245662717,-0.892121365,0.440525086,-0.487457965,0.120567127,-0.160468872,-0.581551416,-0.122841104,-0.300486711,-0.613206634,-0.277974565,-0.454340261,-0.676261524,-0.388347536,-0.538647355,-0.548216438,-0.908167882,-0.21694033,-0.238605123,1.34878092,-0.443759874,-0.218004534,1.360846071,-0.173339734,-0.578568789,0.019144798,-0.605168314,-0.328360233,-0.648918573,-0.080168666,-0.270915762,-0.525615299,0.337751773,-0.57884114,-0.103599348,-0.42653647,-0.659344637,-0.888076191,-0.202129046,-0.513681445,-0.210430982,0.028698527,-0.502979464,-0.766638019,0.020027749,-0.188708837,-0.716356984,-0.1201212,-0.25446067,-0.135480735,-0.611803567,-0.614593186,0.107826482,-0.030680122,-0.366055798,0.341677717,-0.580906076,-0.698231348,-0.698653127,0.078145668,-0.515601785,-0.482261318,-0.46295441,1.102395224,-0.364222073,0.110576908
PCSI_0087,-1.450308513,-0.244327854,-0.749442894,-0.146437768,1.05490647,0.212914207,0.964548848,-0.655425427,0.158876824,0.768883583,1.378190908,0.001332691,0.462846819,-0.194497002,1.152934392,-0.356727252,-0.243167535,1.266790356,0.050478806,-0.176094922,1.494790161,-0.238355032,0.03765279,0.005923333,1.37980745,-0.576295778,-0.622720254,-0.00171389,-0.037796185,-0.531906603,-0.450377524,-0.788814127,-0.657771025,-0.814693053,-0.63156723,-0.971550735,-0.945526716,-0.927416512,-0.970965319,-1.14280751,-1.06629868,-0.44026299,-0.31849451,-0.502383343,0.036112791,-0.401679549,0.808859459,-0.239533273,-0.802767906,-0.351306671,-0.79135381,-0.520784659,0.179707574,-0.61197378,-0.481247171,-0.273692288,-0.777513758,-0.202350892,-0.707195417,-0.882801149,-0.602413497,-0.360216269,-0.827853587,-0.588421239,-0.55943514,-0.631987614,-0.568471946,-0.973975365,-0.379151606,-0.512523534,-0.697164677,-0.764343888,-0.086609539,-0.859256689,-1.041448993,-0.885637813,-1.072837808,-1.047155252,-0.442761996,-0.587901,-0.734370465,-0.485126381,-0.711251092,-0.70783132,-0.842723852,-0.755174027,1.33179464,0.386751368,-0.229131408,-0.841327492,0.638833199,-0.880330751,-0.881887723,8.27566e-4,-0.114904982,0.026451682,-0.452175783,1.777472674,0.811763534,-0.555141366
PCSI_0096,-1.210084669,0.196924208,-0.673979796,-0.081338185,1.232862354,0.239245506,2.128119917,-0.650504867,0.629356163,2.223629029,2.184444422,0.648915896,1.893286492,-0.026261233,-0.306735977,-0.286174696,0.882480508,2.219484066,0.303252086,0.300573161,2.074047244,-0.057093341,0.393694261,-0.187181345,2.369311153,-0.810264429,-1.20426814,-1.235106263,-1.374419952,0.670626623,-0.132706165,-0.259083699,-0.264399028,0.776657039,1.467739838,1.706638817,0.142693158,1.644117432,1.418997944,-0.460713198,0.743919803,0.055995796,2.038940112,-0.616420568,-0.374577453,-0.108903706,-0.350048046,-0.443154891,0.844975761,-0.034269421,0.655413827,-0.693852447,-1.046436075,-0.499564305,-0.308672064,-0.185917889,0.190172083,1.971898635,0.634924355,0.183973944,-0.454482096,-0.304486426,-0.03764475,-0.076969362,1.346618678,0.800667632,0.532860065,1.457432141,0.571838455,-0.218233463,0.377663999,0.974489863,-0.120162342,-0.158327462,0.587763006,-0.142563448,1.181672203,2.037032325,1.426808321,1.344545396,1.617671684,1.713108176,0.944758645,0.820149718,1.81366683,-0.369647444,2.365754637,1.972387009,0.807277727,0.234916872,1.644674079,0.956574866,0.953616388,0.191235376,0.537833595,-0.062865974,-0.288103485,-1.522235809,-0.997444081,-0.888068455
PCSI_0098,-1.181055485,1.488228564,-0.783162981,-0.123831694,2.12922233,0.08239311,1.672609695,-0.228987812,0.532023037,1.688068048,1.943831777,0.21739535,1.892061809,-0.134101623,-0.16853322,0.978238623,0.075447961,1.800252968,0.324705932,0.036998905,1.873559847,0.320063666,0.234048494,-0.022566534,1.723218726,-0.586631035,-0.356227097,0.373893275,-0.380193941,-0.024780852,-0.442348579,-0.042791094,-0.502747644,-0.835038571,-0.874672061,-0.197499715,-0.784972448,-0.854843227,-1.009728547,-0.683896933,-0.574320436,0.259929774,-0.135351104,-0.562738523,-0.247309489,-0.474001459,0.002254495,-0.946851317,-0.196984481,-0.012658512,-0.366401696,1.13674024,0.644639245,-0.588331849,-0.348840349,-0.224846307,-0.46273283,0.246921197,-0.290905584,-0.739820923,-0.376744033,-0.309857462,-0.616927542,-0.410996207,-0.455409759,-0.500322893,-0.291599445,-0.842035068,-0.505578373,-0.380167489,-0.774533776,-0.374616995,-0.454875815,-0.463270186,-0.645302439,-0.449840008,-0.665404695,-0.521339969,-0.610811956,-0.459051021,-0.569229118,-0.244149225,-0.55190733,-0.413359504,-0.532905071,-0.519964417,1.880917065,0.401263499,-0.02553126,-0.6829523,0.252063347,-0.647910072,-0.645686559,-0.003976037,0.279607738,1.025131492,-0.278761403,0.243163245,-0.628569459,0.915330875
PCSI_0099,-0.252928875,-0.221096815,-0.653691721,-0.211371455,-0.594156839,-0.187283226,1.594173797,0.458306371,-0.064489008,2.226012625,0.038556372,-0.282985635,0.739986158,-0.286375894,-0.56185309,0.248079782,1.253941357,1.010142929,-0.236024917,-0.111865557,0.036273171,-0.433862871,-0.068327504,-0.818807308,-0.017113055,-0.858589508,-0.212694791,-0.953069754,-1.236871181,1.984882047,-0.351003628,0.57028839,-0.376110181,0.108642224,-0.367489627,0.5491767,0.243826081,-0.791549642,-0.292010001,0.434338374,0.344038251,0.758301713,0.625891501,-0.172569049,1.357071997,0.545909155,-0.767240808,1.840922516,0.111835349,-0.102862793,1.011988319,-0.541500027,0.184333875,-0.515126568,1.274813207,-0.082433324,0.201921533,2.027948308,1.682588333,0.939610535,-0.271412684,0.233959215,0.219998655,-0.486962967,0.558626867,0.669713549,0.944237536,0.651541822,0.363595001,0.0574285,1.167011116,0.977026528,-0.427838985,0.008689356,1.322718867,0.664331769,0.908378623,1.271712641,0.092079977,0.6463438,1.335064843,1.764870079,0.273883514,1.528302859,1.48170664,0.382766743,0.173678203,0.850737857,1.064985874,0.834032496,0.309981998,1.671858363,1.675420325,-0.566401461,0.414605838,1.91869734,0.721489748,-0.179416487,-0.400978026,-0.430800208
PCSI_0102,-1.261568958,-0.856806619,-0.857910411,-0.247770726,-0.613317955,-0.337442903,-0.409904568,-0.356283488,-0.542594278,-0.577193148,-0.503614772,-0.752792093,-0.924298359,-0.360380232,-0.717019069,-0.170055998,-0.750564628,-0.43537568,-0.901684463,-0.466572652,-0.324365038,-1.381514472,-0.301161512,-1.506481185,-0.360355348,-1.1106483,-1.203390802,-1.886094276,-1.556738412,-0.163016182,-0.438978179,0.020183264,-1.430352204,-1.544574094,-1.333871834,-1.363340685,-0.561433353,-1.048913153,-1.366402967,-0.989112554,-0.649901904,-0.526469733,-1.308797084,-1.563044655,-0.626856842,-0.687013986,-1.427401823,-0.074232791,-1.045647498,-1.765625355,0.022295178,-1.104897021,-1.62024782,-0.654636359,0.074656243,-0.20158475,-0.613851071,0.704581072,-0.099688054,-0.925690767,0.342037818,-0.051356964,-0.079701104,0.594600206,-0.568943378,-0.888544421,-0.183987772,-1.135173982,-0.232611826,-0.398901899,-0.511746173,-0.319934116,-0.567226858,-0.084793685,-0.603967667,-1.140904803,-0.885163936,0.377292374,-0.464953764,-0.372407088,-1.080579932,-0.976479829,-1.08419744,-0.574469364,-0.546503251,-0.059836325,-0.213319465,-0.878459568,-0.510769555,-0.429508967,-0.944233641,1.242154487,1.219101331,-1.282333686,-0.310932578,0.034190006,-0.198330603,-1.541113592,-1.76239484,-0.60081498
PCSI_0103,-1.163503912,-0.546945825,-0.783617341,-0.133565582,2.12922233,0.072824705,1.524404809,-0.150315923,0.719509298,1.955593013,1.902764759,0.13964829,1.274174331,-0.145143978,-0.572085972,0.511753532,0.539062443,1.869299702,-0.074659043,0.946331849,2.043319988,-0.542006947,0.147394871,-0.521545032,1.874851608,-0.788755807,-0.573320073,-1.06832205,-1.261534047,1.925155456,-0.327199368,0.116695523,-1.134252013,0.492162125,-0.32136524,0.253917493,0.440342454,-0.966534893,-0.30658674,-0.032214865,0.981545441,1.046604496,-0.529678601,-0.409237566,1.257219655,0.831326101,-0.246911963,1.251320743,-0.360091658,0.681522163,0.494216061,-0.213380512,1.104662534,-0.616100436,-0.114188402,-0.153399641,-0.09098106,1.607059514,1.477665525,1.849408802,0.389185699,-0.187037953,0.525995001,1.765850936,-0.337784015,1.167042641,1.305228893,0.371655328,0.544224556,0.035810026,0.974214831,1.220140348,-0.407634197,1.050489362,0.974874009,1.007382237,0.326360835,2.043169707,-0.302143333,0.010058474,0.872227778,1.5396209810000001,0.152464613,1.528302859,1.81366683,-0.155919564,1.786456791,0.923995203,1.570477832,-0.466973619,0.06074012,1.671858363,1.675420325,0.083532199,1.190247946,-0.254069154,-0.191467167,-0.279438602,-0.453769899,0.155032104
PCSI_0104,1.696488776,-0.797318706,-0.531588359,-0.245134565,-0.825885274,-0.399490422,-0.982803891,-0.666755124,-0.327900347,-0.876006611,-0.869126037,-0.979860617,-1.298398167,-0.406444131,-0.790711478,0.018116099,-0.935275258,-0.880440852,-0.694012045,-0.574327265,-0.752635204,-0.298240663,-0.34077382,-1.082154913,-0.777119842,-0.761562926,-1.094324073,-0.252034346,-0.512358124,-0.99718232,-0.465826201,-1.05743661,-0.493011868,-1.423889184,0.354205761,-1.559828232,-0.916884061,-0.250134101,-1.23592312,-1.085432885,-1.191678671,-0.798292127,-1.091351138,-1.14679466,-0.71697099500000006,-0.834965344,-0.325548532,-1.005980217,-1.072317469,0.074617029,-0.892485148,1.724021275,0.14266387,-0.65734367,-0.503012985,-0.253383939,-0.693839295,-0.773316413,-0.704138194,-0.843904512,-0.59571517,-0.298366463,-0.239760935,1.159942376,-0.763201609,-0.109391458,-0.323847246,-1.182792623,-0.424902688,-0.399164934,-0.549465934,-0.831023648,-0.235113295,-0.584149064,-1.056115972,-0.845425879,-1.232882888,-1.487871755,-0.699611481,-0.633469609,-1.219078715,-0.921411917,-0.461570135,-0.983270035,-1.051718013,-0.517344787,-0.888377648,-1.109981817,-0.717267023,-0.692715069,-0.989303988,-0.239152456,-0.225443076,-1.162362622,-0.819606379,-0.730448367,-0.550717374,-1.362022683,-0.961204283,-0.962419477
PCSI_0105,-0.905322267,-0.523840148,0.132786535,-0.212410296,-0.440080504,-0.16891182800000001,-0.45329364,-0.326559539,-0.293408234,-0.147111755,-0.287692138,-0.533952065,-0.535392583,-0.341113581,-0.390619955,-0.31656857,-0.291966598,-0.227856485,-0.764955786,-0.537275494,-0.207423063,-0.524101644,-0.164968625,-0.619300528,-0.136741415,-0.421774689,0.88406293,1.833382503,-0.480206471,-0.301207855,-0.386912319,0.233565268,0.28343039,0.383362241,1.245926793,-0.113805674,0.046760194,-0.615373602,0.517027568,-0.0137411,0.273188867,0.069946342,0.008153057,-0.404751231,0.646189426,-0.128948925,0.706551075,1.224058004,0.243128505,1.298835922,-0.391368486,1.724021275,1.663186062,-0.525334105,-0.418062768,-0.219168705,-0.439374655,0.044824657,-0.463110329,-1.001253382,-0.626365073,-0.352233848,-0.784576331,-0.532123835,-0.589541551,-0.286641713,-0.464241191,-0.717665711,-0.327253973,-0.441600106,-0.51322586,-0.531694726,-0.560854927,-0.35649963,-0.192669251,0.883711689,-0.797071988,-0.495941508,-0.40434295,-0.397331677,-0.726675105,-0.442422766,-0.455366736,0.486830257,-0.615990058,-0.706453585,-0.212509293,-0.486614392,-0.293299493,-0.619515212,-0.437963342,0.474570033,0.451932095,-0.236327209,-0.544872117,0.514251009,-0.475685532,0.437273487,0.552612155,-0.550034975
PCSI_0107,-1.219775255,-0.680826101,-0.555650411,-0.225967173,-0.499913267,-0.327310673,-0.716068974,-0.473640563,-0.626188906,-0.575675212,-0.411759717,-0.849772262,-0.734300269,-0.338687982,-0.742328025,-0.146567004,-0.148598008,-0.55906239,-0.661462781,1.298516892,-0.49944467,-0.064189254,-0.279239777,0.03405884,-0.483386566,0.224900054,1.07581481,-0.326784722,-0.453544806,0.390856296,-0.394499331,0.238676472,0.004852481,-0.870838906,-1.029513509,-0.378694639,-0.098922715,-0.98771993,-0.716057956,-0.346949539,-0.382769828,0.567346971,-0.693556236,-0.588158787,0.88234344,-0.076896979,-0.554642065,0.817371121,-0.176559056,0.009456612,0.228347336,-0.510012845,0.102519392,0.04282044,-0.410956925,-0.200655523,0.379019723,1.586703979,0.379509099,0.628733198,-0.470937999,-0.32602272,0.225418577,0.902264733,0.13766063,0.774751961,-0.467943344,-0.517678854,-0.14750637,-0.288105758,0.627514504,1.148180272,1.313455138,0.26081409,0.289331227,1.108574634,-0.411328917,0.108506823,1.426808321,-0.341789112,-0.64701424,-0.015688965,-0.395152562,0.494950842,0.464831228,-0.621936548,-0.527780509,-0.087258491,0.43127978,-0.95480534,-0.900422273,0.123176946,0.11516547,0.48871269,-0.363427947,1.91869734,-0.510748308,0.498622887,-0.433354336,-0.506604804
PCSI_0108,-0.992699247,-0.777641582,-0.317692967,-0.230033493,-0.575373313,-0.312832316,-0.37293497,-0.600288636,-0.492963277,-0.427757914,-0.339287217,-0.489081411,-0.879752467,-0.352672342,-0.744881624,-0.518228417,-0.749591176,-0.324225176,2.01321235,-0.539224082,-0.252564745,-0.109358109,-0.183005275,-0.712343001,0.164179964,-0.667537672,-1.108781184,0.244880667,0.883848746,-0.876285527,-0.476474079,-1.168540908,-0.232082677,-0.784718776,-0.309259388,-1.405436822,-0.947200257,-0.831553732,-1.117444187,-1.104688133,-1.193789165,-0.893010249,-0.744211806,-1.189624565,-0.786819965,-0.767383114,-0.661417478,-1.246109866,-0.609133271,-0.703706468,-1.137353053,-0.451017398,-0.528779933,-0.624258729,-0.471712872,-0.293149314,-0.900819658,-0.770784485,-1.047977723,-1.131455566,-0.585854889,-0.354383698,-0.965310386,-0.578180825,-0.820980313,-0.988443355,-0.784377677,-0.978903791,-0.464808715,-0.576933393,-0.898502496,-1.21364593,-0.562288807,-0.912082551,-1.302445375,-1.080152607,-1.324436007,-1.35076621,-0.599758113,-0.478177995,-1.233490482,-1.263161665,-0.98331899,-0.961741876,-1.190800398,-0.830645951,-0.340263083,-1.007605939,-0.724040631,-0.35013,-0.758352105,-1.471211768,-1.483051391,-0.843085517,-0.717607746,-0.576915839,-0.522652181,-0.31225219,-0.946750683,-0.77751595
PCSI_0111,-0.987160265,1.249426877,-0.500576771,-0.153655602,2.12922233,-0.012506712,0.946455319,0.038786077,0.106022626,1.172626768,1.440071201,1.381234517,1.764117862,-0.177653967,0.190131047,-0.285055388,0.156415371,1.215797129,0.841716187,0.107591216,1.219265539,0.344885858,0.070339327,0.205124334,1.136593774,-0.574369203,-0.19667064,0.814805252,-0.855474469,0.125230436,-0.412010165,0.003680146,-0.60162821,0.331165825,1.458661428,-0.15615504,-0.139766311,0.497192367,0.175407913,-0.066244887,0.096413451,0.180030178,1.290103852,0.259331396,-0.099586241,0.076688819,0.563510825,0.308905755,-0.560700699,0.834888907,0.338310463,1.121047158,1.315902525,-0.606802943,0.152644649,-0.21075387,-0.201087724,0.033563256,0.214357164,0.23457456,0.013207523,0.13548207,0.203853418,-0.133877556,-0.096001508,1.205319682,1.620717361,0.5090677,-0.049877673,0.153235125,0.126343824,-0.024956647,-0.171213749,0.092662094,0.778490266,0.281013688,-0.043508967,0.667599223,1.426808321,0.133216998,0.354406611,0.539066605,0.137984333,1.398655043,0.935105504,0.244832396,1.345548853,1.402099548,1.268090826,-0.202376029,0.523269129,0.530177727,0.508348745,0.265716668,0.08605626,0.240869282,0.378786962,-0.107007734,0.718710304,1.2704344889999999
PCSI_0132,-1.17925153,-0.795765646,-0.790358504,-0.197444546,-0.37457748,-0.270632825,-0.711084609,-0.16838425,-0.650355868,-0.905915189,-0.670812573,-0.916178346,-1.291930138,-0.349622699,2.129859396,0.135678275,-0.817172836,-0.784618025,-1.240040246,0.006483098,-0.71304088,-1.220149781,-0.34108583,-0.153799545,-0.682911966,-1.081019464,-1.211908042,-1.749216311,-1.432624552,-0.922014496,-0.494650009,-1.220086911,-1.266972661,-2.044898419,-1.613565172,-1.817251008,-0.771023025,-1.036075844,-1.970009014,-1.450669677,-1.868845451,-0.859493548,-0.74202055200000006,-1.599101259,-0.613585793,-0.844612125,-1.260191009,-1.669166727,-0.860049596,-1.504788219,-0.853487249,-0.930011184,-1.529583433,-0.68696738,-0.483009309,-0.258719494,-1.176297453,-0.793413082,-1.205526957,-1.524549442,-0.614428721,-0.343020849,-1.027514932,-0.421764162,-0.869251263,-1.081549289,-0.814979925,-1.307424514,-0.579684757,-0.584119906,-1.234775149,-1.271199594,-0.599442843,-0.90992176,-1.455928122,-1.277904232,-1.393820708,-1.471802767,-0.680016117,-0.602578657,-1.423394726,-0.856132358,-1.060811964,-0.921815591,-1.155828405,-0.530185518,-0.946627576,-1.178979344,-0.930351936,-0.486110019,-0.333691372,-0.501288213,-0.518962939,-1.268389168,-0.924143784,-1.272166257,-0.534235184,-1.79649133,-1.706573663,-0.427726573
PCSI_0141,-0.729626375,0.504060396,1.292479476,-0.200926624,-0.007371761,-0.283270803,-0.843681861,-0.632097144,-0.66701173,-0.940475605,-0.485348471,-0.815060785,-0.263372951,-0.378234154,-0.73143107,-0.201252808,0.511472298,-0.65647871,-0.621348262,-0.605940851,-0.721637987,-0.357155168,-0.332741206,-0.153910713,-0.715604368,0.189724188,0.162368894,-0.525598379,-0.16180122,-0.817257818,-0.257316824,-0.084007808,1.823195913,-0.397210256,-0.379699779,0.01170504,0.231417464,1.500253581,0.417168615,-0.518649082,-0.569688128,0.170353935,-0.546721803,-0.508030387,0.306198595,-0.123236355,0.120991819,0.280427665,-0.809953599,-0.810635689,-0.266991167,-0.956104799,-0.814177533,-0.003156059,1.058351417,-0.225357035,-0.230220527,-0.669665278,-0.239960627,-0.387889892,-0.337998955,0.29178777,0.065361107,0.922480891,-0.032392824,-0.504064527,-0.24148018,-0.725523592,-0.059939497,0.135584361,-0.326429082,-0.656108615,-0.185411479,-0.18852849,-0.387964977,-0.027236109,-0.8522478,-0.770668201,-0.378519861,-0.060045923,-0.890496052,-0.308041868,-0.614550394,-0.374826411,-0.583757489,0.385403819,-0.672448741,-0.344583997,-0.26483533,-0.91251217,-0.581061683,0.283230168,0.287903354,-0.102502902,-0.705282046,-1.019931312,0.187268717,1.777472674,0.005168703,0.188588967
PCSI_0142,-1.090648174,-0.517673466,-0.014562507,-0.136461669,0.772899422,-0.160024943,0.834004867,1.681680167,1.459362754,0.333475467,0.715407184,0.619977772,0.4886047,-0.26017789,-0.653352405,0.728020277,0.514256621,0.412540904,0.935103082,0.010563695,0.595398754,0.454368698,0.502831349,0.976064741,0.426318668,0.448349715,-0.167177425,-0.773076099,-0.579779238,-0.536349693,-0.079541086,1.259089942,1.226544046,-0.288875796,-0.530020651,0.398336474,1.109939893,0.991779224,1.05558773,-0.332955912,-0.07074504,0.424107025,1.64155525,-0.229753892,0.174547106,0.442814766,-0.915487583,0.351731722,0.013793524,-0.278486793,0.04840088,-0.782642266,-0.133218785,0.224078852,-0.360275539,-0.115992725,1.449319019,-0.517825953,-0.068836826,0.184883959,-0.140233997,-0.32719398,-0.349214884,-0.221327176,1.346618678,-0.342135705,-0.006792229,0.134318667,0.00943543,-0.297421522,0.620236586,0.541700133,-0.03532062,0.234231447,1.106849364,1.336147347,0.847471034,0.596313476,0.793111725,-0.026023051,0.057764048,0.820418324,-0.281159439,0.704222284,-0.106749762,-0.367495607,0.552564783,0.078912055,-0.305998171,1.70698274,-0.475993051,1.033009941,1.008083734,1.916489699,0.381147535,0.75183268,-0.374231956,1.498022881,-0.922726147,0.86218517
PCSI_0143,-1.017206279,0.210161041,0.057812927,-0.115399724,1.371687458,0.02938807,1.349552439,-0.57231004,0.168603347,1.270617524,1.705608604,1.417399097,1.840274579,0.069270289,2.129859396,-0.354262384,0.611653593,1.500126523,1.189676169,0.158799799,1.653402922,-0.056495252,0.098910964,0.856962741,1.537875577,-0.119741751,0.422938947,-0.145477292,-0.343217406,0.692840819,0.045693874,-0.16913973,-0.694722935,0.094645428,-0.10871587,0.739634412,-0.13860659,0.569482318,0.479312762,0.04300268,0.069846355,-0.042196654,0.387086814,0.397250014,0.625841995,0.264893122,1.497077639,1.168532836,0.551161582,-0.064321688,-0.326524536,0.2944918,-0.182650939,-0.010921121,0.073451921,-0.197014921,0.06426414,0.008306874,0.42260721,0.500764189,-0.102611616,-0.044885509,0.108907106,0.148163033,0.183678513,0.38095917,-0.026258737,0.773607996,0.012749899,0.051695273,0.649436848,0.457094164,-0.425509818,-0.299137542,0.049056203,-0.5523526,0.650435678,0.338586628,0.126033485,0.105266908,0.908486815,0.574851498,1.192596705,0.593000247,0.550069344,0.024718008,1.809459185,0.887703252,0.785576039,0.592331997,1.644674079,0.415866438,0.408466349,0.697031366,0.511695732,0.505304171,0.090242836,0.706798528,1.205483019,0.880600342
PCSI_0144,-1.265151806,0.864033305,-0.84510772,0.359495904,0.238810705,-0.053191419,0.905414912,-0.734402327,0.081348307,0.73676445,1.273376216,0.527359162,0.470628824,1.620662854,-0.092275174,-0.362890925,-0.117528947,1.205411427,-0.161360408,0.227327764,1.258177153,-0.74752297,0.04052057,-0.545934409,1.247343411,1.665231342,-0.609621819,1.340336379,0.299525776,-0.599481411,0.436949753,-0.79559103900000006,1.823195913,-0.293583201,-0.862839879,-0.181348248,0.012521402,1.631838312,1.456341902,-0.712942622,-0.917397871,-0.713662748,-1.297525007,-0.704254069,-0.80119729,-0.713847114,-1.175760517,-1.470933734,1.883033987,-1.444253599,-0.936097339,-1.595880836,-1.329338883,1.34878092,-0.39021322,-0.24729492,1.096325635,-1.074848486,-1.058553735,0.202148105,-0.588862851,-0.340440748,-0.837511273,-0.706350831,-0.456890445,-0.825974684,-0.914456636,-0.057960407,-0.410518967,-0.508401114,-1.064084668,-0.821571442,0.128352967,-0.819002002,-1.026803735,-1.003455286,-0.139956038,-0.634533704,-0.1315676,-0.548447304,-0.70218054,-0.758674743,-0.532494412,-0.681288447,-0.69941082,-0.709103043,1.472282822,-0.364937407,-0.425211723,0.077720288,1.644674079,-1.687911887,-1.688539666,0.02316424,-0.028715872,0.387730954,-0.421709926,-0.979289591,-1.008676092,-1.119288974
PCSI_0145,-0.976912345,0.357301331,-0.927910619,-0.234991327,-0.894153598,-0.262391889,-0.476725131,-0.854714616,-0.648606128,-0.555066087,-0.304381789,-0.813958113,0.669052219,-0.312771848,-0.673093359,-0.49215417,1.079362024,-0.41232973,-0.776310579,-0.567120062,-0.307455072,-0.003765684,-0.143132027,0.942255049,-0.252127346,0.218816544,0.807397196,-0.241235206,-0.776033448,1.984882047,0.138969438,0.160756682,-0.28858885,1.127148845,0.142368511,0.843631913,-0.037506146,-0.687213647,0.05955806,0.699260962,0.472086905,0.494432529,1.139116757,1.585574168,1.357071997,0.608941846,0.8680436,1.824972027,0.034224178,0.027803678,2.077674597,-0.31185549,0.077081613,0.666211726,-0.098963328,-0.133964259,0.739615979,2.027948308,1.888954247,1.849408802,-0.450650127,-0.106741556,2.13641568,0.748317824,1.346618678,1.617378727,1.626361165,1.727786017,0.571838455,0.310713437,1.761784709,2.014036135,1.321865906,0.916870884,1.526034659,2.060136265,1.560819236,2.043169707,0.252281895,0.368268322,1.63665983,1.764870079,1.24542344,1.528302859,1.81366683,-0.069368922,-0.199123728,1.89674509,1.570477832,-0.951145655,-0.682510825,1.671858363,1.675420325,0.692469243,1.251899393,0.916233002,-0.110417407,0.143364401,1.587897791,-0.951374669
PCSI_0149,0.237809011,-0.493995239,2.089243325,-0.144507119,-0.583967757,-0.362104809,-0.885280575,-0.625795275,-0.677110689,-0.87121326,-0.663389842,-0.516190496,-0.767318478,-0.315259952,-0.746364865,-0.286637651,0.964086082,-0.609902006,0.17132786,-0.568393018,-0.738750037,-0.981708038,-0.346036856,0.191042996,-0.734044789,0.449423067,0.041765972,-1.151616375,-0.033532336,-0.932787529,-0.213560834,-0.345962155,0.832678113,-1.016235307,-1.202092947,-0.259331966,-0.471653188,-0.571229203,-0.371258311,-0.310562713,-0.671380152,-0.199676473,-1.145459714,-0.792735011,-0.46955696,-0.677884213,-0.917062742,-0.041433021,-0.92355539,-1.617553279,-0.993577038,-1.40326017,-1.563278652,0.018099187,-0.174389549,-0.218091496,0.076207897,-1.027955244,-0.925334829,-0.617890146,-0.509472966,-0.229141519,-0.676153159,-0.236509741,-0.296683078,-0.851643653,-0.635420062,-0.717021318,-0.002477481,-0.073019003,-1.012237557,-1.055823703,-0.480899306,-0.740522623,-1.014756194,-0.922589262,-1.010344972,-1.024034497,-0.576409245,-0.417910397,-1.024988872,-1.004729173,-0.806648641,-0.779073936,-1.030794196,-0.342581785,-0.668850278,-0.899531731,-0.764603936,-0.307850491,-0.885373217,-1.017307987,-1.015526134,-0.191459146,-0.506303317,-0.889097359,-0.202447927,0.449080827,-0.588409235,-0.134852384
PCSI_0161,-1.157208013,-0.310571743,-0.876772685,-0.207396066,-0.582140487,-0.247367104,0.336824044,1.681680167,1.459362754,0.089190138,-0.014390287,1.417399097,-0.177867904,-0.308667304,-0.708254929,-0.301503599,-0.129654638,-0.240564894,-0.706564029,0.077813036,0.081054491,-0.212809584,-0.168256077,-0.395347039,-0.071597889,-0.022920332,-0.695811485,-0.812455488,-1.065426262,1.464085309,0.148914891,-0.567038254,-1.289043501,-0.618370835,-0.977888556,0.949411441,-0.572923116,-0.824544536,-0.33330398,-1.010211652,-0.752666262,-0.418918265,-0.296609329,-0.650445683,-0.327410767,-0.299369958,-0.357907803,-0.810351509,0.212452303,-1.025647851,0.800471536,-0.91105219,-0.902058344,0.140063675,-0.194688006,-0.096586341,-0.107332292,-0.037413517,-0.013653004,0.243485335,-0.116873804,-0.287324388,-0.003638067,-0.430608867,0.052823364,-0.253942647,0.335258544,0.491612038,-0.25984326,-0.138491695,0.260182798,0.553167678,-0.206763383,-0.307802251,0.422202126,-0.288184782,0.478402411,0.511201396,-0.343474723,-0.135498844,-0.084795012,0.228202089,0.296942438,0.126334906,0.265498188,-0.263364057,-0.00133033,0.734932583,-0.006244457,-1.04447969,1.248212344,0.120270218,0.11704104,-0.864945971,-0.287517424,0.212392978,-0.135683485,0.004126101,0.413508183,-0.94465126
PCSI_0164,0.082035026,-0.536778812,-0.549402227,-0.214454113,-0.369592713,1.037610403,2.029938128,1.681680167,-0.314525673,0.657854897,0.138706843,-0.288962768,0.420251286,-0.321572084,-0.707084996,-0.193231676,-0.218643105,0.022882941,-0.879782224,1.642127503,0.237882639,-0.969485645,-0.173823258,-0.979049603,-0.120895379,-0.835285285,-1.010173553,-1.592175505,-1.434967724,-0.418233167,0.269738619,1.59998863,-0.957501688,-0.003826686,-0.842172361,1.019396838,0.969981245,-0.677260269,0.0419279,-0.140613017,-0.466976235,0.174412238,-0.130689332,-0.813539555,1.357071997,0.362003636,-1.138280069,0.975270232,-0.309472937,-0.969396871,-0.081651871,-1.326825264,-1.245757934,-0.513155709,-0.202708355,-0.186962548,-0.14501384,-1.086230005,-0.780092547,-1.007366971,-0.041201113,-0.207891861,-0.809940094,-1.115525393,-0.686120151,-0.893782445,-0.666110203,0.965831851,-0.215547395,-0.396409208,-0.301936542,-0.721634639,-0.39866912,0.249629865,0.82544129,1.826610388,0.505089587,0.667399887,-0.390997721,0.030073055,0.260866342,0.445764729,-0.304164866,0.245538269,-0.249373808,-0.136219469,0.134539305,-0.377550406,-0.60121616,0.543050208,-0.21658154,1.024736287,1.013235491,-0.668945609,1.314084516,1.076074321,-0.30986103,-1.6990232220000001,-1.361109346,0.880849154
PCSI_0165,-0.980883282,2.056143408,0.790634115,-0.152911111,0.325389571,0.244556594,0.230645638,-0.332890671,-0.234829813,0.053948963,0.557946268,0.008862314,0.396790804,-0.233644666,-0.276572484,-0.20910129,1.328433185,0.642124192,-0.279871499,-0.384225171,0.463332277,0.591849456,-0.110742419,0.857397938,0.46049056,0.402659262,1.179554912,0.089650245,-0.095086372,-0.029406908,-0.326270217,0.446704,0.940889021,0.169430172,0.143013258,0.068723,-0.022327935,0.125544982,0.41291363,0.053854736,-0.012301209,0.984960656,-0.451992852,0.58185076,0.365686749,-0.036422122,0.297374172,0.669683274,-0.546754878,0.031893861,1.216449844,-0.519982849,0.025084267,0.168424702,-0.355043573,-0.205806077,0.477431974,0.673831887,-4.11554e-4,-0.440629783,-0.569937304,-0.274354562,-0.332591325,-0.298966485,-0.36561542,-0.085916113,-0.055544416,-0.512358309,0.082596869,-0.257453704,-0.166493791,-0.122787329,-0.325586451,-0.16490538800000001,0.43899021,1.099312151,-0.040545598,0.092566623,-0.285076489,-0.229051914,-0.063555209,0.421523436,-0.44721473,0.311140379,-0.214374875,-0.541923976,0.496146341,0.073584688,0.207907022,-0.424899429,-0.418463683,-0.143518223,-0.147248534,1.789104633,-0.187970546,0.02930686,-0.282211439,1.777472674,1.061840608,-0.071603551
PCSI_0167,-0.289830883,-0.545652561,-0.475269651,-0.235236019,0.823974589,-0.311180837,-0.210647903,0.55291723,-0.23461245,-0.124945615,-0.558757886,-0.598238116,-0.147118992,-0.36772255,-0.48384446,0.715817892,-0.071633861,-0.574634352,-0.442222265,1.642127503,-0.37059511,1.206738404,-0.286388518,1.579285661,-0.71308325,0.066020684,-0.443187375,0.75652814,0.36155085,-0.535521753,-0.34503167,0.57599921,0.152801553,-0.19113728,-0.798829655,-0.310792797,-0.251452019,-0.214276172,-0.388033091,-0.436031152,-0.220945409,0.034093049,-0.695168293,0.045774129,0.16940207,-0.17672081,0.006800282,-0.182700646,-0.052402584,0.188265619,-0.667446299,0.272926375,0.69637715,0.127333868,-0.345350373,-0.208838887,0.225625893,-0.141730775,0.284331294,0.025321182,1.944893954,-0.233457944,0.453432249,1.155656152,-0.383570791,-0.541013834,-0.370501793,-0.17060239,-0.401474989,-0.225063665,-0.457697068,-0.452630172,-0.307726997,1.380367262,-0.3497109,-0.138388014,-0.406781017,-0.494304056,-0.522483624,-0.281827544,0.083316875,-0.291501957,-0.338229368,-0.348329466,-0.178433705,-0.694201354,-0.535227728,-0.728045795,-0.672821301,0.771163967,-0.809348556,-0.171846395,-0.175620561,-0.365107898,-0.10355278,0.904263759,-0.345279771,1.777472674,-0.290304332,0.422040009
PCSI_0168,NA,NA,NA,NA,NA,NA,NA,NA,NA,NA,NA,NA,NA,NA,NA,NA,NA,NA,NA,NA,NA,NA,NA,NA,NA,NA,NA,NA,NA,NA,NA,NA,NA,NA,NA,NA,NA,NA,NA,NA,NA,NA,NA,NA,NA,NA,NA,NA,NA,NA,NA,NA,NA,NA,NA,NA,NA,NA,NA,NA,NA,NA,NA,NA,NA,NA,NA,NA,NA,NA,NA,NA,NA,NA,NA,NA,NA,NA,NA,NA,NA,NA,NA,NA,NA,NA,NA,NA,NA,NA,NA,NA,NA,NA,NA,NA,NA,NA,NA,NA
PCSI_0170,-0.386104119,-0.489309342,-0.660132552,-0.209127348,-0.340852185,-0.261662825,-0.335843146,-0.84389879,-0.331856221,-0.265694515,0.055185381,-0.489040067,-0.827474343,-0.328043013,-0.426692271,-0.376947662,-0.871130355,0.039472779,-0.809108618,-0.485980606,0.049754176,-0.833660225,-0.211346077,-1.513072389,0.048395278,-0.728857864,-1.008426972,-1.054764282,-0.753685722,-1.143292472,-0.490863203,-1.113904981,-0.556589522,-1.680562272,-1.367381868,-1.617270968,-0.801263459,-0.558841656,-1.233259435,-0.927170389,-1.518046934,-0.896080644,-0.419483952,-1.472030271,-0.541535049,-0.772079378,-0.635325092,-1.448644848,-1.11737859,-1.708216296,-1.241884678,-0.97091345,-1.327125606,-0.663280393,-0.505489992,-0.291680403,-0.943320789,-0.926449475,-1.317389761,-1.440842525,-0.4390335,-0.370966935,-1.130166321,-0.799205975,-0.822200884,-0.956433444,-0.826225393,-1.161129509,-0.488286937,-0.618279575,-1.363882748,-1.407851078,-0.468575186,-0.934429455,-1.417295602,-1.117595114,-1.527434409,-1.500500558,-0.459892701,-0.501487347,-1.532553808,-1.249090696,-0.980737555,-1.280820673,-1.39414249,-0.273337587,-0.072785986,-0.915022511,-0.844876657,-0.137953973,-0.534192973,-1.205353515,-1.202263266,-1.075897661,-0.668513013,-0.785867407,-0.52808273,-0.730580144,-0.8625676,-0.803572409
PCSI_0171,-1.031967208,1.20697257,-0.670040301,-0.086827252,1.467911518,0.215160057,2.128119917,-0.240381276,0.697109224,2.226012625,2.184444422,0.63780745,1.651181522,-0.010338205,1.187752978,-0.080500267,0.233144662,2.219484066,0.541341807,0.153544932,2.074047244,0.021967567,0.333806311,0.420483809,2.369311153,-0.522146741,-0.936600835,0.100491567,0.236785904,-0.553402884,-0.451120907,-0.549203047,-1.098504158,0.530264401,1.792667533,-0.545790024,-0.344009477,0.108838949,0.464937773,-0.263846447,-0.249076015,-0.4352018,1.459296808,-0.225712253,0.066828583,-0.138303356,1.308547571,0.313182855,-0.657573148,1.114679419,-0.63245452,0.935487776,0.946030869,-0.616221157,-0.38072234,-0.262740228,-0.683783716,0.59812888,-0.335804491,-0.360180268,-0.602016038,-0.343834867,-0.5853071,-0.418608266,-0.386435848,-6.92615e-4,0.107792656,-0.060622622,-0.089783782,-0.342684504,-0.478417303,-0.123024149,-0.365982215,-0.579611903,-0.410302034,-0.032544661,-0.511022044,-0.219025745,-0.275532576,-0.165531843,-0.216630413,-0.312258495,-0.057395688,-0.173187037,-0.470755731,-0.672474268,2.365754637,1.335950227,0.329666009,-0.082685541,1.541699715,-0.683178572,-0.681023125,0.683108163,0.516932446,0.200734194,-0.387698084,-0.107684028,0.573419251,-0.333337851
PCSI_0175,-1.477601336,-0.797523784,0.846327169,-0.209115784,-0.202571956,-0.306145304,-0.572187904,-0.433580161,-0.310065425,-0.575876,-0.313693758,0.759650469,-0.657208261,0.079688421,-0.558067987,-0.223556893,-0.306629211,-0.423178045,0.610063982,-0.188501481,-0.295102962,-0.303814244,-0.266069773,-0.549655706,-0.053336459,1.665231342,-0.03409329,1.648297537,0.936999601,-0.795240276,-0.252085778,-0.944899408,1.819339368,0.63469428,0.078854238,0.077196503,-0.456929506,1.503244375,1.461933951,-0.447138971,-0.439656696,-0.334556764,-0.684024024,-0.734758245,-0.696750214,-0.43224247,-0.658557217,-0.120925612,0.261108261,-0.417824545,-0.961706511,-0.588809948,-0.600100436,0.221441154,-0.410406893,-0.26405944,0.802256555,-0.871230548,-0.946160749,0.539891239,-0.548129489,-0.306854271,-0.765839964,-0.651804591,-0.06019551,-0.822414554,-0.532278978,-0.446771333,-0.274307908,-0.504533246,-0.805304057,-0.828446586,0.961824521,-0.733900178,-0.672026636,-0.709745998,-0.737574474,-0.930013528,0.077434328,-0.580461927,-0.663830737,-1.052238664,-0.620804943,-1.026292866,-0.741350648,-0.434960304,-0.254203961,-0.991239703,-0.742352083,0.198739634,0.847581544,-1.876288798,-1.87753861,-0.450149877,-0.290706326,0.232336832,-0.471845976,0.084257329,-0.720724575,-0.414235827
PCSI_0177,-1.256143951,-0.645708311,-0.358794111,-0.218676208,-0.230130047,-0.274493805,0.081296861,0.725154392,0.202616001,0.396500559,-0.290033969,-0.649968684,-0.105641966,-0.339195539,-0.649762403,0.428638391,-0.304388743,-0.366686539,-0.593232561,0.769105934,-0.161829434,-0.351215936,-0.0465908,-0.073260557,-0.369288073,-0.723628122,0.070301302,-0.348979664,0.155034179,-0.108663494,-0.400044085,-0.352219241,-0.22286246,-0.595777353,-0.262985694,1.108542629,-0.257343678,0.020433755,-0.242297298,-0.123066215,-0.347942738,-0.070635423,-0.11922384,-0.556113186,0.484334075,-0.163352055,-0.391083458,-0.400149777,-0.399782774,0.034790043,-0.280650686,0.041078972,-0.224423033,-0.497453445,-0.449272745,-0.244785234,-0.632586329,-0.624037925,-0.213143334,0.893936202,-0.353443045,-0.333606475,-0.393804002,0.132913493,-0.573316898,-0.41776665,-0.06997159,-0.124559314,-0.345332948,-0.37970031,0.078078913,-0.252484623,-0.299598989,-0.173986307,-0.207814785,-0.189179142,0.147640579,-0.026305556,-0.403048901,-0.274361813,-0.339474289,-0.124187635,-0.551876646,0.995594049,3.67031e-4,-0.720475948,-0.368446605,-0.035422878,0.001175094,1.70698274,-0.65381125,-0.296210255,-0.308805786,-0.694722471,-0.246355109,-0.499374897,-0.523267212,0.003788775,-0.945216774,0.324703834
PCSI_0207,0.303290465,-0.61653949,0.761723854,-0.180133407,-0.580408228,0.264602501,-0.64700635,-0.130376335,-0.350122276,-0.830569898,-0.438493547,0.232562191,-0.445029058,1.620662854,1.161269475,-0.282445353,0.524067347,-0.50045254,0.686782771,0.450371666,-0.494831938,-0.780581316,-0.279440465,-0.083840779,-0.171445932,0.469600603,-0.179217221,-0.933560528,-0.740940355,-0.54182629,1.268224335,-0.152058744,0.631521699,-0.552675129,-0.958059703,0.530510763,-0.443016772,-0.42085097,-0.114505247,-0.81751573,-0.773203179,-0.372917519,-0.975261462,-0.287021241,-0.188572428,-0.395481823,-0.96341808,-0.636574531,-0.316297088,-1.055202078,-0.529221747,-1.053049272,-1.004162513,0.581881055,-0.45605965,-0.192880616,0.315836159,-0.584639404,0.027156773,-0.346971417,-0.569479878,-0.295392417,-0.047242169,1.018481754,0.111987369,-0.560530982,-0.608197027,-0.676213618,-0.151927206,-0.363031289,-0.273048038,-0.505047496,-0.447600219,-0.298396514,-0.38428583,-0.216490333,-0.476438699,-0.404888371,0.274419422,-0.451965476,-0.831224816,-0.635088161,-0.075796629,-0.657739635,-0.788278002,-0.529682949,-0.450141518,-0.591764554,-0.584706343,-1.167379353,-0.689165186,0.109312427,0.099319578,-0.102449641,-0.610495598,-0.546244897,-0.479282622,-0.4750539,0.639552345,-0.145107005
PCSI_0208,-1.100321001,1.543201573,1.218236917,-0.18810745,-0.152197226,-0.273999235,-0.263936017,-0.152086937,-0.136778827,-0.332088193,-0.197152519,-0.040316941,-0.682489896,-0.338782386,-0.478469555,-0.140846619,-0.590304334,-0.226545752,-0.183553345,1.03154103,-0.046108799,-0.263539293,-0.234675937,-0.299612603,-0.125839859,-0.426996975,-0.014001405,0.255709898,-0.251091493,-0.80046413,-0.369718174,-0.434996964,-0.501956209,-0.414222612,-0.55443931,0.393107457,-0.899031499,-0.924578072,-0.168596002,-1.002444994,-0.668642673,-0.357889218,-0.96630061,-0.80964753,-0.643228415,-0.593185573,-0.407831453,-0.464523449,-0.628132253,-0.727256241,-0.894167556,-0.740947217,-0.532295549,-0.315448722,-0.4206968,-0.242339149,-0.475957332,-0.820547927,-0.980708582,-0.784201238,-0.545243403,-0.336085666,-0.847494879,-0.576954745,-0.555286689,-0.793696028,-0.800951494,-1.075531572,-0.395059486,-0.485416501,-1.002229868,-0.879864148,-0.328194762,-0.508999746,-0.608327136,0.265153118,-0.853156899,-0.771863165,-0.544719084,-0.571300288,-0.935465399,-0.99366163,-0.838567913,-0.835667201,-1.013864097,-0.683635001,-0.142279175,-0.734501976,-0.695702181,1.478936748,-0.750267421,-0.501459513,-0.497026108,-0.586665345,-0.369255773,0.083703368,-0.455739697,1.147380205,-0.31481204,-0.33152195
PCSI_0209,0.616058135,-0.269431209,0.798934671,-0.204647885,-0.092467022,-0.317912483,0.461934308,1.681680167,0.224739855,-0.391632612,-0.448847536,-0.36534184200000003,0.321785535,-0.353475501,-0.538112955,-0.229569554,0.115829697,-0.396324947,2.01321235,-0.144455509,-0.551174409,-0.715557734,0.553994848,0.095118261,-0.355813507,-0.413480032,-1.131341952,-0.60947915,-0.54712479,-0.186490491,-0.264232243,-0.051761243,-0.227283059,-0.428872338,-0.657292688,-0.170687039,0.362495626,1.081847001,0.456742675,-0.323952906,-0.121156544,0.045982883,-0.544860995,-0.495514998,-0.171004718,-0.304353244,-0.631720384,-0.667940023,1.883033987,-0.359624747,0.357867502,-0.18984581,-0.770423866,-0.444542326,-0.393877972,-0.175327901,-0.154420681,-0.76916244,-0.407273306,-0.260351049,-0.586680779,-0.289001883,-0.195115772,0.119904123,0.388298902,-0.434222907,-0.476969849,1.199098311,-0.226251971,-0.250498552,-0.355065634,-0.365053475,0.318869741,-0.63848257,-0.521652997,-0.838915837,-0.388204974,-0.294860475,-0.329228651,-0.246316761,-0.220361651,0.048072975,0.24662218,-0.534691416,-0.282988814,-0.624839254,-0.342788014,-0.62644711,-0.703095549,0.133703061,-0.378605359,-0.499160794,-0.492872068,-0.891836533,0.301198429,0.352649311,-0.397393978,-0.308152618,-1.131354504,1.102291228
PCSI_0211,-0.454164811,-0.788546965,-0.396823582,-0.205057813,0.717133423,-0.14345843,0.222830342,-0.084647575,-0.045874364,0.185659192,0.185211074,-0.190271568,0.263442335,-0.312447507,1.0123447270000001,-0.233997058,-0.299560967,0.298870443,0.615609587,0.318335523,0.206388472,-0.263659066,0.244952332,-0.167892186,0.091777688,-0.043851985,-0.966102317,0.064457009,0.400347137,-0.400178013,-0.3637407,-0.050212512,-0.045008441,-0.144518524,-0.457424118,-0.717499478,-0.099625392,-0.362699424,-0.287833549,-0.348151476,-0.044405493,0.160032459,0.046435428,-0.251502806,0.224716536,-0.206627681,0.892481516,-0.4117228,-0.438287665,0.071500425,-0.469443503,-0.023701395,0.109835881,-0.518134732,-0.476959539,-0.242651023,-0.565800393,0.104516868,-0.74640549,-0.371604895,-0.552260062,-0.386100402,-0.949045169,-1.030316955,-0.326789957,-0.382423479,-0.525558489,-0.468980061,-0.313168168,-0.535153199,-0.610287578,-0.842639685,-0.160565676,-0.877741433,-0.595295547,-0.618889238,-0.561450932,-0.640681105,-0.473348535,-0.259325672,-0.476309125,-0.52273185,-0.433652188,-0.486674867,-0.6074876,-0.664667123,0.084078397,-0.05442262,-0.452411645,-0.419928661,0.030211389,-0.00966042,-0.012812708,-0.542004669,-0.406977147,-0.43464245,-0.499672425,0.27852673,-0.34239373,0.385420122
PCSI_0214,-1.010602323,-0.751426627,2.089243325,-0.191104723,-0.43346767,-0.364528972,-0.595609915,0.004794584,-0.295888223,-0.865029917,-0.506863174,0.110776226,-0.63006373,-0.388711799,-0.741082076,0.023737486,-0.466992861,-0.685734359,0.741954005,-0.186364734,-0.486839456,-0.042701767,-0.272123829,0.971081023,-0.723366286,0.794294661,-1.126110482,-1.355518923,-0.748285852,-0.920190657,1.16491941,-0.114596191,0.728038873,-0.81054085,-1.155932988,-0.171559477,1.624532641,0.249604751,-0.089886135,-0.947320002,-0.677090849,-0.25349633,-0.984526447,-0.893372135,-0.883556759,-0.656254437,-1.244145048,-1.627415435,0.50491368,-0.946796278,-0.633788512,-1.256520349,-0.902387237,1.137462342,-0.406905288,-0.170992101,1.449319019,-0.950819318,-0.651183089,-0.114904531,0.208522798,-0.288670285,-0.506677138,0.076928006,-0.213730559,-0.811272301,-0.780879614,-0.711223179,-0.174547284,-0.478127865,-0.719383064,-1.010667513,-0.497746881,-0.109534134,-0.356922329,0.102594123,-0.646312907,-0.680675253,-0.110376399,-0.470190188,-1.115954446,-0.685252968,-0.602903142,-0.627494869,-0.914414852,-0.269299726,-0.771593665,-0.911382724,-0.825714409,-0.629936902,-0.602919145,0.667605493,0.651401573,-0.565983318,-0.679635643,-0.630319043,-0.396770938,0.557391563,-1.300790188,0.567931367
PCSI_0216,0.299905826,-0.783277489,-0.593813338,-0.210081718,-0.135904938,-0.250410421,0.038201004,-0.082779021,0.36730198,0.156002857,-0.064159909,-0.205433698,-0.203656294,-0.326884742,-0.426305843,-0.362152443,-0.450461126,0.00666354,-0.778603773,-0.486466458,-0.017963884,-0.627649031,-0.019962459,-0.157266878,0.005713987,-0.705349854,-1.015286178,-0.754584669,-0.629552808,-0.094215874,-0.384125456,-0.563175085,-0.793382067,-0.669527743,0.181936343,-1.227808781,-0.226437382,0.126198783,-0.567008376,-0.753583411,-0.814313749,-0.602038808,0.870389412,-0.685108392,-0.587775873,-0.491401836,-0.446486573,-0.216017755,-0.935715455,0.075505613,-0.718246169,0.448443812,0.408988366,-0.573253381,-0.466063503,-0.246429768,-0.810505608,-0.218119928,-0.918524822,-1.022723417,-0.641929281,-0.385137232,-1.034873107,-1.22973981,0.035098026,-0.242010527,-0.559273529,-0.90898331,0.051984572,-0.509327384,-0.626833456,-0.922747494,-0.132068153,-0.868464537,-0.89737212,-0.647623964,-0.882215197,-0.953047692,-0.379625552,-0.469389279,-1.010271021,-0.307657949,-0.445252657,-0.229263208,-0.819986438,-0.625316635,-0.137484229,0.160464072,-0.097377953,-0.877107263,-0.467748697,-0.120985545,-0.129695767,-0.112836079,-0.28987841,-0.433053153,-0.484483185,-0.866097617,-0.416116852,-0.681450166
PCSI_0218,-1.165756093,-0.448034225,2.089243325,-0.134915894,0.210338197,-0.144576075,0.462895461,-0.16837521,-0.087491178,0.02087567,0.638783098,0.661246881,0.264123774,-0.264037104,-0.672740218,0.142922393,0.033076059,0.387172571,-0.320449512,0.398449017,0.635380495,-0.109484327,-0.102285145,0.551003327,0.522755512,0.737122659,-0.300674162,-0.635586692,0.127308803,-0.685914766,-0.264857834,-0.073306058,1.147639638,-0.239541786,-0.809617426,0.193921035,-0.195958201,-0.27582116,-0.249479881,-0.54150266,-0.071642006,0.288548709,-0.09254813,0.084710046,-0.414710788,-0.283364208,-0.512205485,-0.550260776,-0.702060498,-0.042149088,-0.404827129,0.432197398,-0.283888693,0.684278749,1.313643468,-0.194575536,1.104791123,-0.700160766,0.16686862,0.30360774,0.06742023,0.717863391,0.171140746,0.204213916,0.416048263,-0.227184016,-0.079826701,-0.393586158,-0.060350359,0.542355087,-0.315537844,-0.546997532,-0.483504,-0.052345754,-0.148275689,-0.422129644,0.020639436,-0.186573993,0.253061147,0.35412019,-0.13994227,0.168919814,-0.403846398,0.323940368,-0.336254958,1.040953079,0.583524218,0.366921139,0.059084298,0.09877314,-0.368627478,-0.069782719000000007,-0.081695736,0.135602954,-0.192225647,0.741598229,1.249471605,0.8048162,0.382803356,-0.015400784
PCSI_0224,-0.025749916,-0.111140131,0.010630511,-0.216040181,-0.975335591,-0.3485275,-0.884032176,-0.802789131,-0.670360182,-0.638411003,-0.652360381,-0.536628028,-0.387676115,-0.127990797,-0.436021551,-0.266572031,0.188475112,-0.565657542,0.695141299,-0.600656739,-0.701126528,-0.727241959,-0.316241368,-0.344643681,-0.573094332,0.136943474,0.379076702,-1.220078185,-0.747321197,-0.042429303,-0.306183637,0.186092776,0.087199351,-0.784994268,-0.693886246,-0.074223723,-0.291050447,0.438193069,0.455551217,-0.06590103,-0.434563267,-0.114844342,-0.266872704,-0.297391657,-0.190889847,-0.202018701,-0.439510982,0.385238153,-0.674256328,-0.669737026,0.221959566,-0.292910121,-0.072971337,0.369377618,0.868988243,-0.244362809,0.108308094,-0.250768935,0.348175699,-0.066185183,0.152343496,0.412920883,0.912724495,1.488466345,0.976992638,0.092760011,-0.074967802,-0.539677685,0.45631528,0.304431061,0.110027688,-0.412551069,-0.238466242,0.424309641,-0.297247876,0.396244554,-0.564804518,0.741539725,0.259159177,0.125473795,-0.389061447,-0.325305626,0.011547405,-0.575096099,-0.47042049,0.35813717900000003,-0.633013523,-0.224500671,0.424634111,-0.954125199,-0.82740684900000006,-0.26428583,-0.275782915,1.369229612,-0.475661849,1.11725993,0.36961144,1.038130757,-0.090425773,-1.056392325
PCSI_0225,-0.96540239,2.056143408,0.816966016,-0.183589359,-0.069996203,-0.226470091,0.06509676,0.659713683,0.224353654,-0.090583813,0.110574658,-0.31549729,0.148831364,-0.323229339,-0.53834431,0.092462045,0.313524349,0.041977048,-0.396247109,1.04214992,0.075524911,0.393069602,-0.120223971,0.442912826,0.046820595,-0.256854239,0.620397188,0.164148609,-0.144944536,0.057587769,-0.262153225,0.232756989,-0.379210954,-0.224536514,-0.672643166,0.188733747,-0.051195608,-0.333515027,-0.305024543,-0.353298349,-0.148936871,0.543100507,0.087823877,-0.182432319,-0.027833868,-0.149273295,-0.209598916,-0.537223079,0.28929772,0.933482515,0.230714074,0.75634783,0.720743148,-0.036545875,0.180830741,-0.204441907,0.083697933,-0.011611007,0.016224549,0.20404762,-0.158951956,0.007370431,-0.164488236,-0.186636311,-0.394101482,0.241415837,-0.062431203,-0.419475873,-0.267785266,-0.018477227,-0.419374598,-0.006159275,0.040621417,-0.001339309,0.30425922,0.643002638,-0.040595657,0.127398084,-0.25160911,0.020131101,0.351523077,0.218266413,-0.308098256,-0.02413059,0.134285092,0.155595025,0.053465636,0.09845004,-0.013117468,-0.584562698,-0.081943181,0.218783147,0.218792975,0.184893531,-0.273135993,0.998928845,0.48409185,1.282774536,-0.231519748,-0.020461167
PCSI_0228,-1.289439586,1.55745777,0.972642603,-0.206326056,0.1640313,-0.300891676,-0.56992521,-0.6547688,-0.554207509,-0.549155621,-0.31153874,-0.409059703,-0.482785565,0.634708728,-0.466901934,-0.491220697,0.46344309,-0.348245964,-0.593580199,-0.426051962,-0.34640027,0.255224907,-0.244080611,0.213344958,-0.3363437,-0.18443844,-0.048518779,-0.673285242,0.37250513,-0.845259245,1.064347755,-0.484419371,-0.573560005,-0.032567615,-0.350449331,-0.829512456,-0.110284467,-0.57666239,-0.801914436,-0.321153627,-0.156583602,0.026871971,-0.419205061,-0.556335231,-0.161418655,-0.558726956,-0.344671549,-0.779037924,-0.926534943,-0.312057857,-0.739688075,-0.573735431,-0.590454447,-0.280823287,-0.497471258,-0.255770964,-0.481875442,-0.693784251,-0.142340118,-0.600029511,-0.499990755,-0.289042177,0.008614163,1.43126144,-0.447088451,-0.501449181,-0.391933258,-0.896640221,-0.293813023,-0.35693144,-0.449037961,-0.729651615,-0.303056183,-0.305132186,-0.63110296,-0.555222623,-0.877729253,-0.983767935,-0.533907601,-0.50592816,-1.011125037,-0.554561813,-0.661731269,-0.730040574,-0.707726341,-0.825095819,-0.201096027,-0.768976295,-0.662924066,-0.859173408,-0.735199083,-0.873385762,-0.87277868,-0.538281821,-0.516765994,-0.896876552,-0.511114332,0.571581684,-0.543374712,0.09128202
PCSI_0292,-0.502927459,0.555647537,-0.88095504,-0.128396752,0.609211183,0.066197757,1.593994904,-0.65566146300000006,0.188595784,1.395766051,1.695105993,0.96292135,1.893286492,1.620662854,2.129859396,-0.319234711,0.991743999,1.902917005,0.39755649,-0.062248931,1.841205536,-0.244484157,0.174117507,0.890345767,1.624694772,-0.494852113,0.221580689,-0.446022005,-1.071738957,1.88441591,-0.289277729,0.936045035,-0.758981262,0.779662649,0.816496083,0.567075202,1.155551372,0.112214517,0.440802074,1.839328156,0.533208486,0.661177215,1.73447495,0.482581056,1.093794669,0.555536074,1.305679144,1.840922516,1.086249667,0.066196076,2.077674597,0.085128769000000007,0.273016486,-0.393372385,0.195913002,-0.181503674,0.197765563,1.373985806,1.228534805,1.166066172,-0.423685681,0.007113713,1.550913075,0.058451508,1.346618678,0.711526441,1.626361165,1.727786017,0.45999751,0.246975729,1.761784709,2.014036135,-0.050834566,0.535796865,1.526034659,2.060136265,1.560819236,2.043169707,-0.034113144,0.879416922,1.74668104,1.764870079,1.24542344,1.391735745,1.81366683,0.24204854,2.365754637,1.972387009,1.570477832,1.666565454,0.561350004,1.671858363,1.675420325,0.415152837,1.365774351,0.669985154,0.197254043,-0.535223657,1.075276744,0.811508608
PCSI_0294,-0.827368734,0.233916716,-0.542411255,-0.254623344,-1.001914956,-0.403611894,-1.031587783,-0.72929886,-0.377500422,-1.048402236,-0.880788308,-0.591456231,-1.362550315,-0.360544281,-0.359354292,-0.39327149,-1.234821742,-0.83615975,-1.090723,-0.608633516,-0.78706535,-1.423828692,-0.375100144,-1.598657611,-0.787697383,-0.782721238,-1.411930002,-1.481363481,-1.079933812,-0.895708022,-0.457504898,-1.008223379,-0.088583055,-1.795322984,-1.193134116,-1.624941848,-0.939874706,-1.016035014,-1.77261078,-1.371044987,-1.52477824,-0.930866362,-1.137960774,-1.582977782,-1.007489693,-0.867263212,-0.978392447,-1.263987476,-0.906710682,-1.329235354,-0.928884801,0.438487969,-0.978163171,-0.614223187,-0.355865439,-0.254649743,-0.987100043,-0.871617285,-1.148266141,-1.453200183,-0.575427334,-0.293958707,-0.889222607,-0.274638609,-0.760329491,-0.93784026,-0.87339103,-1.490574203,-0.257540416,-0.535545197,-1.344426896,-1.277092408,-0.618121654,-0.897643585,-1.467789763,-1.283500278,-1.476530188,-1.572504202,-0.713680398,-0.621708643,-1.314838209,-1.444219435,-1.028345283,-0.816452221,-1.439771745,-0.571827725,-0.868336191,-1.121329202,-0.831012397,-1.119143581,-0.787933816,-0.105933421,-0.126299328,-1.099949202,-0.815358978,-0.856173313,-0.449643205,-1.037382435,-1.437714347,-1.104472253
PCSI_0296,-0.759064685,1.642503042,1.452324542,-0.166812013,1.322181363,-0.125701975,0.584426448,0.872764623,-0.248890844,1.429588708,0.445230464,-0.011192011,0.480805738,-0.274650465,-0.344592583,0.637513945,0.094532286,0.799463972,2.01321235,-0.413193076,0.475167925,-0.347468399,0.286474851,0.713507694,0.381349328,-0.835903245,-0.448405821,-0.616897564,-0.561228377,-0.67859733,-0.420215606,0.809517327,-0.645120518,-0.499555855,-0.070608919,-0.483806511,0.598159488,-0.397164627,-0.600008793,0.141697226,-0.273315538,0.12407367,0.168084071,-0.435843266,0.400691854,-0.025473096,-0.177743835,0.401701638,-0.390358254,-0.213240588,-0.450727761,0.289759021,-0.090597071,-0.608107474,-0.461434788,-0.196505735,-0.368362678,-0.77743541,-0.68892835,-0.805014563,-0.625920344,-0.346417365,-0.759125924,-0.538633716,-0.492214264,-0.640103656,-0.488450101,-0.254163113,-0.187663248,-0.429219455,-0.430676301,-0.909328935,-0.550938091,-0.852674845,-0.6921472,-1.078860084,-0.535584637,-0.457286192,1.426808321,-0.141448629,-0.1979958,0.81464488,-0.422092081,0.008822719,-0.391152932,-0.590641065,0.365347046,0.262506604,-0.479724114,0.779751556,-0.345028279,0.970612168,0.962979486,-0.564328233,0.127741983,-0.015151317,-0.443714085,-0.082024569,-1.142803956,0.758152029
PCSI_0297,-1.04874437,2.056143408,-0.824954554,-0.216272764,-0.466350922,-0.227586926,-0.182331645,-0.485225774,-0.358290048,0.172496708,0.109596647,-0.325462126,-0.553622265,-0.313300006,-0.690617944,-0.355850522,-0.245368165,0.044117505,0.172037323,-0.414304664,0.17025433,2.012118515,-0.166413721,-8.64441e-4,0.207191685,-0.276025992,0.674896456,0.934478852,-0.601188539,-0.789683514,-0.411975145,0.527985373,-0.081064026,-0.88489349,-0.890930959,-0.063897087,-0.76814316,-0.618876793,-0.968136901,-0.949334089,-0.57581853,-0.286308905,-0.534285306,0.00615957,-0.227697246,-0.467493187,-0.161949512,-0.239685759,0.104097779,-0.311701651,-0.698541916,-0.668709337,0.896626809,-0.187856452,-0.454044694,-0.217520514,-0.346211403,-0.526346877,-0.434688431,-0.767838185,-0.239314423,-0.330338135,-0.483766177,-0.368050686,-0.095675903,-0.47129039,-0.692336194,-0.385965955,-0.321287534,-0.404579531,-0.742561151,-0.464040079,-0.242642771,-0.007061514,-0.010232366,1.231115595,-0.716451064,-0.380346825,-0.305880003,-0.496008251,-0.416014205,-0.273690472,-0.26395034,-0.606751057,-0.52439246,-0.670791343,0.156774454,-0.501553045,-0.487402928,-1.131355466,-0.215393555,-0.115202163,-0.118556644,-0.097773821,-0.558643516,0.106045047,-0.384271323,1.582157778,0.776100681,-0.933551191
PCSI_0298,-1.205661526,2.056143408,0.204927313,-0.11281716,1.166914899,0.135874145,0.272795801,0.388310196,-0.099623456,-0.001617063,0.189439969,-0.552240717,0.566065165,-0.233998522,0.953518953,0.052020958,0.743434134,0.133973733,0.585715124,1.468655764,0.26892379,0.703127658,0.039283032,0.648911655,0.135940403,-0.274400173,-0.462044391,1.18109658,-0.29823986,-0.139761131,-0.357646289,0.149872783,-0.743588567,-0.574843634,0.108067297,-0.410483679,-0.113795987,-0.137465736,-0.324726818,-0.512646306,-0.46285716,0.063932931,0.023326867,0.075525773,0.234890462,-0.001713895,0.272588356,-0.038097979,0.573288627,-0.180424233,-0.247399624,0.722427497,0.179140055,-0.135065578,-0.419198256,-0.197271681,0.076281467,0.156211529,-0.201737579,0.003703523,-0.299197632,-0.333227872,-0.36733587,-0.382991713,-0.215501414,0.169439702,0.989401023,0.094186973,-0.174384322,-0.270625466,-0.228254144,-0.123802922,0.155766298,-0.04537962,0.79676765,0.607259011,0.034950823,0.338019677,-0.356395841,-0.237806112,0.419953014,0.685961613,-0.174967005,0.713427751,0.370813215,-0.597920868,0.295191841,-0.121021835,0.241628446,-0.320775861,0.353364733,0.260764606,0.257235475,0.100103603,-0.256421088,0.327242505,-0.438809467,-0.100342021,-0.090028197,1.121982404
PCSI_0301,-1.34090636,0.821544379,0.303623314,-0.127691917,-0.227145986,1.03255037,0.229402356,-0.597117551,-0.157640527,-0.150896276,0.324279284,0.356116454,-0.333615666,-0.183663345,-0.614073518,-0.251906089,0.500504538,0.337279239,0.119771218,-0.216875735,0.400857138,-0.582857744,0.310105927,-1.119495643,0.370614696,1.641370189,0.531775069,-0.473224457,-0.808048149,-0.998685894,-0.157233838,0.070529377,0.390663627,-0.599811509,-0.841508846,0.981331496,-0.808757042,-0.541217159,0.139782568,-0.509923034,0.62118601,-0.467939708,-0.7540654,-0.490050999,0.024261241,-0.393371581,-0.928860795,0.020281039,0.957309547,-0.160903527,-0.651513557,-1.188207618,-0.716854192,0.18966597,0.94646868,-0.162526149,0.962384812,-1.027631273,1.085390865,0.11604002,2.065983308,1.312016072,2.13641568,1.765850936,0.101299291,-0.660467955,-0.520367195,-0.236856011,0.058530041,0.186709399,-0.337291088,-0.262503323,-0.381768017,1.98897504,0.339982758,0.684127642,-0.390151944,0.085946155,-0.097409594,0.398469043,-0.084238694,-0.520454848,-0.375981025,-0.374584018,-0.224592988,2.190261833,0.925622045,-0.281740711,0.253841002,-0.631650943,0.128001501,0.322943889,0.322750296,0.337145241,-0.035613338,-0.272444797,1.6696229,0.065291072,0.03623184,-0.865077683
PCSI_0347,-1.486027691,-0.562053039,-0.933781896,-0.175009995,0.067761586,-0.062086645,0.832509441,-0.716899406,0.048339966,0.975167184,1.088233578,1.417399097,0.22464984,-0.210729128,-0.579120899,-0.389406407,-0.717149017,1.445976375,-0.435698165,-0.283588991,1.27738256,-0.645124873,0.006248838,-1.417690323,1.258398248,-0.323583267,-0.680260546,-0.692728925,-0.429950638,-0.794321373,-0.446100167,-0.831255385,-0.303065154,-0.514565836,-0.488460847,-0.978580152,-0.923695877,-0.882463791,0.174264748,-0.710824368,-0.816011956,-0.70282084,-1.033153905,-0.906228989,-0.314524831,-0.576511682,-0.176232898,1.374179846,1.194858796,-0.872683848,-1.04020957,0.081365415,-0.468021756,-0.543830026,-0.435784492,-0.177414049,-1.020168943,-1.06288101,-1.223165608,-1.113112034,-0.527820542,-0.351076188,-1.065876857,-0.665195876,-0.808681763,-0.967015488,-0.869111278,-1.036395218,-0.530907346,-0.567854185,-1.285360599,-1.237138454,-0.542624307,-0.907485711,-1.322767784,-1.077805742,-1.281634247,-0.974763065,-0.66985142,-0.587404524,-1.022251512,-1.048315375,-1.00230327,-0.834159781,-1.240738754,-0.73361613,1.320723215,-0.269626287,-0.631294016,-1.086023488,1.644674079,-1.280252281,-1.283426936,-0.398694294,-0.075597142,0.566975524,-0.475309706,-0.675002656,-0.791915557,-0.930811859
PCSI_0349,1.696488776,1.555339495,-0.83071124,-0.152766029,0.296507234,0.298128648,1.28231452,-0.733118067,-0.05696246,1.893210708,1.086021773,0.319151107,1.764421454,-0.14543603,1.938378207,-0.383461089,1.020805536,1.520966172,0.074213055,-0.319762376,1.039011705,0.276658378,0.072624757,-0.405187339,0.806647317,-0.650987154,-0.164645321,-0.287762396,-0.896325734,-0.451221868,-0.438530684,0.151701079,-0.526082797,-0.371822212,1.284458232,0.214452606,0.482686605,-0.525312197,-0.216314621,1.171526648,0.398961119,0.305766096,2.038940112,-0.165274488,0.458412822,-0.018938145,0.433923407,0.286345287,-0.64033811,-0.425197259,-0.369213662,-0.547459812,-0.309615747,-0.567818689,0.258233576,-0.195332326,-0.466111768,0.109020386,0.053902025,0.168649712,-0.360996312,-0.04981334,-0.211127096,-0.921270177,-0.215050535,-0.116072844,0.285754251,0.882831711,-0.026682556,-0.08467327,0.471221836,-0.413829849,-0.418132137,-0.46018336,0.268034785,0.088626354,0.822502377,0.296326903,0.203736119,1.344545396,0.652534386,1.481693862,0.304463328,0.375031758,0.147088367,0.029701553,1.078065918,0.665933396,0.237780873,1.70698274,0.551711072,1.40830584,1.412411299,0.177036547,-0.128237242,-0.23879869,0.236247765,-0.841969115,-0.188702491,0.361849902
PCSI_0351,-1.470604536,1.298052274,0.159285541,-0.187192424,-0.169556712,-0.296243409,-0.419131902,-0.774147871,-0.357880056,-0.4012097,-0.20395566,-0.453744981,-0.558753557,-0.2704288,-0.554281421,-0.380516921,-0.67223804,-0.182617354,-0.331556134,-0.187061256,-0.073497635,-0.196384052,-0.188314469,-0.823435724,-0.065853803,0.139105112,-1.017740171,1.538993053,1.389812514,-1.170710361,-0.428246957,-0.877246982,0.576253278,-0.64405814,-0.934556646,-0.670503306,-0.762682497,-0.555866775,-0.824016567,-1.106085726,-1.263612702,-0.903284029,-1.037902904,-0.754473085,-0.761076779,-0.788163428,-0.345243265,-1.601609999,-0.530163733,-0.928085931,-1.110067259,-0.717932505,-0.849618052,-0.108580584,-0.477823211,-0.300156747,-0.84287975,-1.131078383,-0.985630448,-0.696558665,0.308008575,-0.330721006,-0.75440679,-0.613024906,-0.788538497,-1.122287821,-0.984987608,-1.121063761,-0.570147428,-0.588445774,-1.341272896,-1.1358668,-0.420200682,-0.462557702,-1.369487027,-1.322910558,-0.913438977,-0.668414145,-0.631298063,-0.647747404,-1.099983726,-1.179102277,-0.993993336,-1.256817939,-1.218726511,-0.77642493,-0.15121277,-1.213663098,-0.990454845,-0.46956292,0.308418368,-1.914235927,-1.910208118,-0.696353157,-0.456012533,0.466084706,-0.523201007,-0.293454235,-0.732087834,-0.117864961
PCSI_0352,-1.182811447,-0.180199874,1.144003521,-0.19556094,-0.568725954,-0.28758006,-0.541484386,-0.318951222,-0.54358441,-0.396380024,-0.315791752,-0.189722011,-0.459735602,-0.326007751,0.182216357,-0.38239911,-0.181646121,-0.357353973,0.548276438,-0.389805438,-0.353789963,-0.169699067,-0.237993774,1.522710759,-0.200206833,1.021738376,0.49720066,0.432306677,1.310109168,0.034776669,-0.329211159,-0.509892801,1.22587359,0.607730299,-0.405102352,-0.387197268,-0.678247466,1.236221884,1.31686466,-0.38261301,-0.238235757,-0.312335063,-0.172437133,0.64860638,-0.2076832,-0.108544807,0.177680949,0.055998539,-0.42313073,-0.021235734,-0.220949034,-0.537463089,-0.205837392,0.924759322,-0.288007544,-0.25541091,0.050515832,0.284965274,0.295255536,0.340519173,0.522145995,-0.204860633,0.01255181,-0.219310616,0.389196282,-0.364372795,-0.610463403,-0.423239406,0.112170398,-0.126468508,-0.160725096,0.057284772,-0.178999709,0.162821013,-0.14512463,-0.383251712,-0.127579554,-0.082825442,0.6083215,-0.283121394,0.118947745,-0.326901467,-0.077449797,-0.105643765,-0.193699701,-0.362225588,-0.282274051,-0.157077948,-0.311781417,-0.3680137,-0.334433122,-1.127162239,-1.124270258,0.605371417,-0.326104357,-0.308078241,-0.161647938,1.777472674,1.436367593,-0.669699634
PCSI_0353,NA,NA,NA,NA,NA,NA,NA,NA,NA,NA,NA,NA,NA,NA,NA,NA,NA,NA,NA,NA,NA,NA,NA,NA,NA,NA,NA,NA,NA,NA,NA,NA,NA,NA,NA,NA,NA,NA,NA,NA,NA,NA,NA,NA,NA,NA,NA,NA,NA,NA,NA,NA,NA,NA,NA,NA,NA,NA,NA,NA,NA,NA,NA,NA,NA,NA,NA,NA,NA,NA,NA,NA,NA,NA,NA,NA,NA,NA,NA,NA,NA,NA,NA,NA,NA,NA,NA,NA,NA,NA,NA,NA,NA,NA,NA,NA,NA,NA,NA,NA
PCSI_0354,0.034161222,0.681449002,0.236621268,-0.207852981,0.35372021,-0.270333388,-0.474902698,-0.313672163,-0.608457825,-0.563722866,-0.12149303,-0.296248633,1.893286492,-0.214591816,-0.562161948,-0.034187814,1.296317569,-0.289490265,-0.571979357,-0.119170092,-0.459030367,0.054754465,-0.231113796,1.606254806,-0.479465767,0.024494967,0.998551504,-0.33454726,-0.178815385,0.717314804,0.331886534,1.59998863,0.275779355,0.846904365,0.060275252,1.706638817,0.281728033,-0.509604681,0.284711185,2.117518374,1.205316633,0.419960358,-0.581859824,1.434086218,0.701076254,0.337358609,-0.508428093,1.650348585,0.012679699,0.378665501,1.723471408,-0.494080675,0.297923156,-0.127427574,1.3265364609999999,-0.167178322,0.625011955,0.355730672,1.888954247,0.741098413,2.065983308,1.312016072,2.13641568,1.453976108,1.346618678,0.48247911,0.084039266,0.880285105,0.518927029,1.519104686,0.931491689,0.701631816,-0.313046321,2.018764532,1.526034659,1.205601663,1.332671545,1.328995432,0.046493783,1.344545396,1.74668104,1.764870079,1.128617388,1.136481417,0.916762553,2.003618611,-0.144403027,0.485582198,1.570477832,-0.174063872,-0.639510626,1.463033736,1.453167079,1.23155823,1.365774351,0.651440558,1.727610503,1.16766447,1.587897791,2.075074784
PCSI_0359,-0.153012014,-0.283103643,0.185283292,-0.174431657,2.124203527,1.037610403,-0.096547236,1.65881351,1.459362754,0.286029954,-0.265533978,0.233270362,1.533083408,-0.242765943,2.129859396,0.374983476,1.328433185,-0.037705176,-0.030747437,1.626136008,-0.310636582,0.498756299,0.023202166,1.474472873,-0.636031645,-0.08491721,0.690638805,0.207458404,-0.394162403,-0.034443509,-0.307515427,0.646708134,0.027382871,0.538614795,0.453800951,1.387498335,0.398310843,0.061031381,0.949636451,2.117518374,1.06591467,0.541003861,2.038940112,0.655803168,1.355022517,0.646495158,1.508847159,1.840922516,0.145754974,0.176042055,0.295983744,0.204415068,0.260825974,0.039846344,-0.118205635,-0.199444052,0.71659215,0.094159993,0.885646813,0.278258407,-0.433205775,-0.127552539,0.621343096,1.035953716,0.224819017,0.71699375,-0.229182749,1.371623931,0.147016623,0.575686265,0.872771242,0.952118393,0.042125498,0.018809338,0.466748624,-0.304130186,1.334494636,0.754467865,0.033416852,0.093421347,0.776012485,1.623929481,0.642560277,0.572218955,1.315942385,-0.160113978,-0.414724343,0.561101641,-0.063720523,1.70698274,1.644674079,0.634979368,0.630362143,0.795442213,0.171107784,0.200977188,-0.209791911,0.046619993,0.50354016,2.075074784
PCSI_0360,-1.216412933,1.42057421,0.200297411,-0.190630741,0.420962849,-0.210984934,0.023030274,-0.199210018,0.022281001,0.092982281,0.255838538,-0.223735051,0.15575754,-0.303736585,-0.463696409,-0.260873767,-0.639754637,0.169897199,-0.231729535,-0.214166086,0.288549953,-0.576903869,0.010957978,0.068684654,0.251023709,-0.359659462,0.21402879,0.210605473,0.36866569,0.276349407,-0.227843638,-0.928752549,-0.77459645,0.303164183,0.749505232,-0.440281126,-0.575221179,-0.212432553,-0.346364747,0.088944113,-0.298892358,-0.49909188,0.189415949,-0.058305896,-0.332475497,-0.081741406,0.015191595,-0.438385494,-0.740066678,0.286286381,0.517691848,-0.266658685,-0.081582777,-0.433286963,-0.374494667,-0.26451813,-0.722810157,0.417829917,0.125497366,-0.301854762,1.24078751,-0.212324005,0.112261014,-0.249268348,-0.137616675,0.210464438,0.498332539,-0.460569358,0.21415279,-0.141069119,-0.154257611,0.08823966,-0.185910991,0.712231489,0.196928823,-0.087532839,-0.262834651,-0.333963453,-0.417345014,-0.361384321,-0.310987507,-0.54742662,0.333695216,-0.002406865,0.103599063,-0.366617936,0.148880919,-0.001188079,0.394995864,0.134814117,-0.568577566,-0.689107691,-0.69304049,-0.111914102,0.084306858,-0.697553605,-0.120742331,-0.64235757,0.210448412,0.344657177
PCSI_0383,-0.082698879,0.116213635,1.289135387,-0.02034678,-0.120634025,-0.348665977,-0.578788494,0.668978275,0.091911192,-0.732042997,-0.559786148,-0.730032273,-0.280820397,0.599769423,2.129859396,-0.040094164,-0.195960026,-0.535953596,0.634833069,-0.309363527,-0.588664464,-0.698137779,-0.314094265,-0.415639427,-0.688387654,-0.272950718,1.183147994,-0.988836728,-0.702379521,0.877271052,0.076776279,0.460707342,0.392997742,-0.412299363,-0.527577679,0.931592086,-0.263970162,-0.36348627,-0.085946796,0.11937791,-0.193378692,-0.155185967,-0.475200086,-0.172793164,-0.044301108,-0.134737938,0.231367752,1.154181158,-0.72241708,-0.057135729,1.878757488,-0.634267666,-0.212101903,-0.092365783,1.295620219,-0.188582301,0.346830987,0.673060885,1.408225558,0.41595784,1.544495603,1.312016072,1.67142812,1.759467302,1.333628317,0.238631293,-0.008050391,0.0405299,0.314948225,1.519104686,0.568667403,0.909927704,0.696108185,2.018764532,1.376179828,1.217680627,0.387604246,0.254052929,0.022155555,0.610499635,-0.35854996,0.398463944,0.225310903,-0.085621866,0.469631757,0.657303908,-0.500409474,-0.033918096,0.624520935,-0.475989322,0.565042853,1.013165547,0.99935813,1.916489699,-0.465385881,-0.503455951,1.335389857,0.45798873,0.213314665,0.58718514
PCSI_0384,0.635839288,-0.376450342,2.089243325,-0.183621539,0.640035315,-0.234123772,-0.548335061,0.432703729,0.103671083,-0.518663797,-0.486966237,-0.159074908,0.503306586,-0.32420586,-0.701570564,-0.104691784,1.328433185,-0.324238243,0.851863143,-0.411159603,-0.525942434,-0.792541814,0.261723015,0.334443483,0.125485824,-0.742822704,-0.765857918,-1.114933083,-1.125114005,-0.331489608,-0.3429622,1.205365625,-0.955020551,-0.321527128,-0.39099745,0.049355032,0.491508948,-0.197975487,-0.349679486,0.346861336,0.347885085,1.045754678,-0.722791882,0.006089828,0.477289475,0.318971233,-0.57632328,0.284467308,0.11472027,-0.369652786,0.454832987,0.087835701,-0.210808156,-0.303882943,0.349989473,-0.169398607,0.572912721,-0.286462876,0.536241748,0.039118375,-0.360007322,-0.111731427,0.021664164,0.043531017,0.060788554,-0.005582977,-0.077015285,0.695529287,0.002697257,0.427115562,1.240817053,0.178438542,-0.210144312,-0.416857456,0.381535168,-0.55798378,0.494190237,0.586167832,1.074436498,0.341882644,0.678489561,0.968178545,-0.11973548,1.153378293,0.921132127,0.93246487,-0.415227253,0.038555073,-0.22812824,1.015165986,-0.639357586,1.28927942,1.293325656,-0.563351144,-0.407956584,1.156907312,0.728728857,-0.702240735,-0.70300292,2.075074784
PCSI_0385,0.134674128,-0.712572081,0.103860677,-0.204006584,-0.160050674,-0.273147505,-0.077081487,0.612260424,-0.293784941,-0.062988048,-0.052830468,1.007732054,-0.018581867,-0.241953713,-0.692595645,-0.036826261,-0.416953478,-0.217097965,-0.563992919,0.425349966,-0.025792479,-0.475467935,-0.173697416,0.103879485,-0.122028085,-0.326722151,-1.537442875,1.106168435,0.076222229,-0.071270847,-0.307412897,-0.194569576,0.887318809,-0.068172835,-0.347189109,-0.439617047,-0.31384215,-0.243921147,-0.276625847,-0.9029882,-0.464209644,-0.2625964,-0.48345436,-0.142478949,-0.778389254,-0.110958949,0.316680355,-0.42877803,0.781298098,0.434776448,-0.369059888,0.913867423,-0.274839494,-0.052579285,-0.420783137,-0.220086702,0.034445912,0.231269347,-0.43272696,-0.398985173,-0.610694781,-0.366722871,-0.611352934,-1.040784643,0.399389912,-0.13289651,-0.048596559,0.245667155,0.317336517,-0.468824378,-0.188739091,-0.106053467,0.490975274,-0.701394397,-0.199851503,-0.465074991,-0.173592267,-0.077444374,0.386719249,-0.432959738,0.185002231,-0.220071408,-0.189048631,-0.051921359,0.171331805,-0.518745014,-0.153427492,-0.06772759,-0.123553694,-0.089786858,-0.356370423,0.12729244,0.130968913,0.204106165,-0.231655359,-0.511003909,-0.396829761,0.081547957,-0.702800086,0.194953626
PCSI_0390,-0.451440088,-0.615269741,-0.922788991,-0.221689502,0.212206784,-0.241415935,-0.145916382,-0.499513648,-0.452474372,0.08627859,-0.039988728,-0.15871285,0.010180423,-0.314389912,-0.028316987,-0.433700306,0.275339998,0.099675311,-0.718197138,-0.373109354,-0.045916007,-0.24902106,-0.189163444,0.399816251,-0.067521909,-0.16945679,0.141190254,0.16578249,1.128155684,0.087875339,-0.408781076,-0.708159437,-0.741137558,0.44650625,0.382588721,-0.47437858,-0.330603264,0.077707107,0.129562275,-0.076380747,0.193711981,-0.20037929,-0.23057398,0.140944925,0.133015021,0.241422979,1.272296573,0.163171473,0.084039102,0.458365546,0.602996193,0.775106944,0.5350028,-0.345815134,-0.447223329,-0.234333977,-0.425023232,0.641369805,-0.383761872,-0.300604345,-0.58092569,-0.382749382,-0.686087431,-1.284456299,-0.447811226,0.07250668,0.85539840599999994,-0.396379057,-0.167449511,-0.432926309,-0.134323404,0.181578224,-0.242901891,-0.473650779,0.043731214,0.440620699,0.090463485,-0.060828407,-0.360306798,-0.177796122,0.314629363,-0.151351687,-0.24026708,0.055240866,0.132373995,-0.642447238,-0.005652043,-0.122538416,0.098440468,0.621723758,-0.416546904,-0.30253374,-0.30550707,0.059136095,-0.233727876,-0.289715902,-0.477350214,1.001807894,0.510732302,0.08236319
PCSI_0391,0.329901927,-0.42321824,-0.402228301,-0.215060493,-0.324539346,-0.259897832,-0.319947751,-0.570170603,-0.250684285,-0.326265904,-0.131157727,-0.679744248,-0.344945285,-0.325815635,-0.652788105,-0.215751063,-0.124040502,-0.123874083,0.683003694,-0.491899722,-0.100221457,0.275969754,-0.207096675,-0.172789663,-0.08043007,1.520383052,1.637895491,0.489030335,1.521448069,-0.354944516,-0.177739676,0.657577105,-0.057886311,0.597687392,0.072529856,0.128843919,-0.408677991,-0.067323549,0.949549198,0.164101199,0.148302272,0.222886366,-0.731173357,0.96418248,0.351831412,-0.009086486,0.991072424,1.618406564,0.110455115,0.032400599,-0.309132904,-0.575142068,0.379606397,1.31023752,0.358659653,-0.202235398,0.693908068,0.041287019,-0.325465605,0.545943317,-0.321592771,-0.01564095,-0.449566698,-1.06499102,0.383397261,-0.026629585,-0.401992399,-0.379713721,-0.041144894,-0.215969888,0.629156946,-0.311713083,0.666231997,0.053236477,0.534750885,2.060136265,0.043008663,0.003855973,0.11890461,0.051953848,-0.334916114,-0.272703362,-0.468813397,0.504064883,-0.11674673,0.05570064,0.021002041,-0.153745333,-0.160384995,-0.284787981,-0.631512148,-0.098689679,-0.089550568,1.916489699,-0.321815414,1.150235956,0.040531799,0.952858194,0.870607874,-0.874805779
PCSI_0392,0.494913355,-0.084604632,-0.942904288,-0.240164365,0.300157018,-0.321477907,-0.616543716,-0.871874107,-0.538378208,-0.753326427,-0.406865632,-0.647938357,-0.069245545,1.620662854,-0.014703815,-0.449269675,0.477294597,-0.529066893,-1.022092505,-0.454701388,-0.594653681,2.012118515,-0.277070648,1.26358513,-0.362699002,1.665231342,-0.491989425,1.70452171,1.109278952,0.467458686,1.286297924,0.795777213,1.19984273,1.320050408,0.984175322,0.227008458,1.287157092,1.148048621,1.14763824,-0.423094717,0.143474857,0.196102675,1.262033074,1.588983518,-0.254484901,-0.041329681,0.972763585,-0.324628408,-0.155778459,-0.266716624,-0.203469467,0.982704239,0.023606226,1.34878092,-0.22357801,0.748172356,1.445376982,0.181451169,0.71093717,0.710480043,0.023799297,-0.218183199,0.306413606,0.229707855,0.921343533,0.452990651,-0.08176922,1.727786017,-0.004805997,-0.074198625,0.695971222,0.603563407,-0.355436017,-0.02445055,0.481372652,0.228389684,1.054362965,0.849161542,0.221379623,0.036724208,0.987600984,0.972979599,1.24542344,1.339369427,0.577305045,-0.415673721,-0.406208793,1.335750335,0.352152001,-0.282762069,-0.492033811,0.369790455,0.379939314,1.782773881,0.154532772,0.819722442,-0.326418467,0.36594841,1.587897791,1.236711093
PCSI_0402,0.812182965,0.020842198,0.719448876,0.359495904,-0.224411879,-0.341931973,-0.377837325,0.519723401,-0.421112819,-0.624093607,-0.515791672,-0.481202172,-0.366529866,0.682018931,-0.448428427,-0.346954254,0.023182092,-0.63528033,2.01321235,-0.365713048,-0.651515765,1.03911834,-0.278571377,1.606254806,-0.1731056,0.885931741,8.08399e-4,1.445302425,1.128078237,0.039510902,-0.132660698,0.319799752,1.823195913,-0.405389109,-0.767186034,-0.633511895,0.431426246,-0.229890999,-0.258509243,-0.674399705,-0.424092072,-0.138636224,-0.985454334,0.321535215,-0.522917554,-0.532686052,-1.10116042,-0.846505976,-0.61346778,-0.227904241,-0.479932772,-0.476743599,-0.352204567,0.917741719,-0.427391251,-0.193339059,0.864564068,-0.477788435,-0.281392644,0.315763577,0.261756921,-0.302191659,-0.383729449,-0.061578512,-0.315642503,-0.565220213,-0.680382071,-0.637171783,-0.414180076,-0.412527658,-0.460622493,-0.683265922,-0.478168405,0.079344214,-0.333815098,0.286417077,-0.032755783,-0.521895983,0.857930861,-0.272067287,-0.801286235,-0.671154832,0.035221625,-0.392768201,-0.475419675,-0.526111259,-0.598906761,-0.652087919,-0.583691474,-0.328308554,-0.562421117,-0.040171481,-0.040568516,0.294575803,-0.52464206,0.146046854,-0.469341075,0.326083483,0.021111818,0.310910332
PCSI_0403,NA,NA,NA,NA,NA,NA,NA,NA,NA,NA,NA,NA,NA,NA,NA,NA,NA,NA,NA,NA,NA,NA,NA,NA,NA,NA,NA,NA,NA,NA,NA,NA,NA,NA,NA,NA,NA,NA,NA,NA,NA,NA,NA,NA,NA,NA,NA,NA,NA,NA,NA,NA,NA,NA,NA,NA,NA,NA,NA,NA,NA,NA,NA,NA,NA,NA,NA,NA,NA,NA,NA,NA,NA,NA,NA,NA,NA,NA,NA,NA,NA,NA,NA,NA,NA,NA,NA,NA,NA,NA,NA,NA,NA,NA,NA,NA,NA,NA,NA,NA
PCSI_0410,-1.257353213,0.282511435,-0.870574433,-0.13360882600000001,0.652350465,-0.039304434,0.940157758,-0.824518787,0.106426146,0.912910221,1.418997752,0.380812517,0.210682298,-0.186012915,2.129859396,-0.433928345,-0.712331902,1.399538596,-0.577941623,-0.256269343,1.489740614,-0.688376222,0.035173129,-1.082830585,1.410912814,-0.573148316,0.130829573,0.141512282,-0.654823749,-0.526515081,-0.445013623,-0.733884136,-0.877588145,-0.931018141,0.857619312,-0.666927268,-0.75272251,-0.79749468,-0.575175844,-0.787971801,-0.312559471,-0.520877614,0.864829276,-0.85018398,-0.459000028,-0.457921375,1.292608284,1.840922516,-0.661182586,-0.249135561,-0.884055775,0.636058348,0.115600521,-0.651730348,-0.468703629,-0.251887879,-0.858168468,-0.187837511,-0.753123911,-1.335413565,-0.595112173,-0.35813817,-0.914653783,-0.603808548,-0.714347495,-0.754513517,-0.509206265,-0.609239324,-0.321498262,-0.478059413,-1.179685305,-0.757623789,-0.247413069,-0.849204389,-1.039359708,-0.889680321,-0.831441997,-0.600471624,-0.397640623,-0.581954142,-0.078452071,-0.886154954,-0.676859688,-0.703006613,-1.102855855,-0.731867826,1.227987747,-0.206898942,-0.370908556,-0.988763341,1.644674079,-0.041841555,-0.056669132,-0.009914836,-0.13047316,-0.458530086,-0.449165502,-0.042750275,0.604489576,-0.737044421
PCSI_0449,0.836879496,-0.807900019,-0.02704898,-0.203679549,-0.718226322,-0.37785259,-0.823013995,-0.21440523,-0.455077018,-0.801574945,-0.745755176,-0.555805704,-0.977603008,-0.385391222,-0.291648029,-0.302178372,-0.666769376,-0.748087351,-0.965534304,-0.555106972,-0.703213192,-0.682324068,-0.277119443,-0.177798729,-0.637383019,-0.5032143,-1.391507649,0.810294384,0.763442834,-0.96657212,-0.405867801,-0.687783133,-0.071288464,-0.933671805,1.521854662,-1.382410132,-0.8361269,-0.856586131,-1.573180282,-1.132822475,-1.296278933,-0.607469038,-0.831683483,-1.001043477,-0.843259353,-0.664937978,0.374389799,-1.501911633,-0.620868571,-0.160890702,-0.921261848,1.362657394,-0.081062028,-0.536454747,-0.498374667,-0.281575451,-0.998591277,-0.708080231,-0.918222944,-0.716625434,-0.61978737800000006,-0.358922429,-0.816045638,-0.431083541,-0.656156316,-0.822682818,-0.811299316,-0.847577174,-0.294377106,-0.516661309,-1.011213543,-0.89783128,-0.387093256,-0.941418839,-1.188616109,-1.195260865,-1.049119618,2.043169707,-0.454767839,-0.574385532,-0.789358547,-1.131903626,-0.756031583,-1.092774995,-1.107827199,-0.838786591,-0.812991639,-0.819318908,-0.915808131,-0.823521393,-0.743914244,-1.10824898,-1.094255681,-1.048121426,-0.692950103,-0.962028807,-0.534713769,-0.438555955,-0.540101044,-0.438688248
PCSI_0453,NA,NA,NA,NA,NA,NA,NA,NA,NA,NA,NA,NA,NA,NA,NA,NA,NA,NA,NA,NA,NA,NA,NA,NA,NA,-0.637868681,-1.441926875,-2.039039823,-1.558740516,-1.168677938,-0.456916901,-1.853129071,-1.439187266,-2.309444813,-1.968728875,-1.786391381,-1.17429894,-0.909708137,-1.688199646,-1.576963828,-2.013248503,-1.223655798,-1.572444653,-1.540738329,-1.524595548,-1.202314759,-1.645922209,-2.229483816,-1.259338573,-2.437929902,-1.188228276,-1.928014896,-2.419413525,-0.053360744,-0.42350983,-0.338102089,-1.077863396,NA,NA,NA,NA,NA,NA,NA,NA,NA,NA,NA,NA,NA,NA,NA,NA,NA,NA,NA,NA,NA,NA,NA,NA,NA,NA,NA,NA,NA,-0.958422989,-1.821842262,-1.103224582,-1.542253377,-1.029876161,-2.293862122,-2.278571335,-1.588871245,-0.867551421,-1.22621698,NA,-2.140354757,-1.628656801,-1.399964589
PCSI_0458,0.344456829,-0.776211001,-0.325232835,-0.199895603,-0.17268046,-0.237088701,-0.132884257,-0.76996696,-0.333892965,-0.28648554,0.129810548,1.417399097,-0.630324183,-0.2656288,-0.55759832,-0.302517622,-0.201538505,0.12766467,2.01321235,-0.430674515,0.241197727,-0.738924788,-0.186717058,-0.166491136,0.266510258,-0.041246794,-1.445716528,1.213269698,1.260755346,-0.541723133,-0.201766295,-0.669966057,0.338735473,-0.214555255,-0.705474794,-1.155617467,-0.627250543,-0.477040917,-0.449945096,-1.120971005,-1.02173942,-0.686590881,-0.994944751,-0.72776247,-0.897121113,-0.707109508,-0.143415655,-0.741498192,-0.197680756,0.752365473,-0.469938328,0.371728171,0.339987856,-0.515862663,-0.482087222,-0.264270677,-0.746254801,-0.506406048,-1.200964463,-0.306282656,-0.603023935,-0.400614919,-1.234045344,-1.460268764,-0.743627066,-0.875392515,-0.782155743,-0.545600452,-0.411561583,-0.611556162,-1.1353232,-1.105209321,-0.586835749,-1.14895694,-1.16572864,-1.13388225,-1.014886816,-1.141383803,-0.614902463,-0.584211221,-0.216845262,-1.122487758,0.017815975,-0.743688299,-1.037447465,-0.710838267,0.247477326,-0.758795936,-0.715769133,0.812262407,-0.508205019,-1.276165585,-1.271041817,-0.515676994,-0.413521747,-0.410403243,-0.493906497,0.003754884,-0.196288835,-0.458224624
PCSI_0463,0.306255397,-0.628699116,-0.738711693,0.359495904,0.604310397,-0.079023874,0.423921455,-0.764717982,-0.073043953,0.437080185,0.717020579,0.163851879,-0.077889007,0.757111709,0.412587474,-0.424895414,-0.502325613,0.753340304,-0.184883629,-0.277461181,0.854654387,-0.08500099,-0.076272117,-0.485160385,0.816555804,0.161258126,-0.44328947,0.097972142,-0.062969968,-0.807314933,-0.283888427,-0.552031197,-0.781784062,-0.511887751,-0.003080321,-1.161618921,-0.610072398,0.982779285,-0.135956094,-0.708464677,-1.101109529,-0.604599905,-0.443329628,-0.481593621,-0.453751,-0.455358938,0.246311283,-0.615954964,-0.630088717,-0.244810589,-0.993491195,0.358242758,0.068879042,-0.158014382,-0.411098713,-0.26562902,-0.503499654,-0.842720106,-1.143771028,-0.412838954,-0.613782883,-0.350122005,-1.060515639,-1.305808362,-0.737275843,-0.502388794,-0.566057156,0.111983192,-0.433474592,-0.522257112,-0.937109285,-1.003685759,0.457419803,-0.899352514,-0.929416621,-0.696139468,-0.842553729,-0.544131785,-0.586729942,-0.486571475,-0.562186071,-0.600329993,-0.300577558,-0.747604359,-0.783194151,-0.577650401,0.706743027,-0.296132926,-0.530078209,-1.04138602,-0.177002803,-0.851906406,-0.850090944,-0.075828331,-0.294715085,1.148117457,-0.354418796,-0.084756984,-0.427030744,-0.768992443
PCSI_0465,0.516681182,-0.812856138,-0.687512232,-0.199854908,-0.157439357,0.891772524,0.340823724,-0.467040388,-0.078547198,-0.294087565,0.281224982,-0.0825357,-0.627730633,-0.18976572,-0.644522834,-0.296458856,-0.938167944,0.049868603,-0.762035317,-0.451856221,0.320082531,-1.172270745,0.553994848,-1.910854161,0.315717643,-0.380507194,-0.348364138,-1.731131967,-1.297671859,-1.095516788,0.223525108,-1.270521974,0.061168305,-0.647657306,-1.170410003,-0.291806206,-0.630198344,-0.641895325,-0.298424606,-0.864232643,-1.497944591,-0.720466236,-0.753701388,-1.145337044,0.164129076,-0.386836751,-1.005899283,-1.121086624,0.316520123,-1.512007653,-1.036840691,-1.427883058,-1.668647889,-0.039155291,-0.010084292,-0.259161196,-0.102658433,-0.825061904,-0.805246518,-0.253854621,-0.2905546,-0.067322212,-0.771330353,-1.109594236,-0.666241379,-0.91156508,-0.658539859,-0.781222682,-0.423932706,-0.404326273,-0.675895249,-0.281681065,-0.455983781,-0.754724075,0.203891136,-0.935593708,-1.024126664,0.377333391,-0.546952649,-0.252787413,-0.533773931,-0.947005219,-0.89904254,-0.927796324,-0.682453431,0.339588531,0.28462364,-0.213166978,-0.262612377,1.70698274,1.644674079,-1.483244127,-1.484108291,-0.597124,-0.199006503,-0.279441667,0.401828221,-1.538976587,-1.514397928,-0.893984916
PCSI_0467,-0.76309819,0.640590537,-0.757950091,-0.235451716,-0.448455502,-0.35295147,-0.751480174,-0.364086722,-0.57799022,-0.630446111,-0.483197671,-0.298387529,-0.700616715,-0.365055251,1.943330102,-0.432036046,-0.384842128,-0.518968622,-0.773246266,0.267690448,-0.66005058,-0.690983503,-0.316382016,-0.077449328,-0.721160763,-0.877422133,-0.158979724,-4.73457e-4,-0.569610656,-0.378068395,-0.45294133600000003,-0.615051383,-0.841010013,-0.198534114,1.832799077,-0.948828645,-0.516952502,-0.81231446,-1.059683937,-0.84998463,-1.074474415,-0.621823757,0.732872104,-0.879642847,-0.485329488,-0.487878487,0.169912703,-0.286275214,-0.701696083,1.64968839,-0.656174465,1.724021275,1.560526688,-0.648627864,-0.469905737,-0.233397093,-0.631330224,-0.035683411,-0.595716789,-0.875586232,-0.562072835,-0.351697675,-0.72872715,-0.289232779,-0.584818357,-0.154597044,-0.440988657,-0.457022498,-0.210437575,-0.397035331,-0.806660734,-0.435797647,-0.333743635,-0.655627966,-0.520228006,-0.45450804,-0.648551201,-0.855213847,0.156931036,-0.299667384,-0.978943261,-0.399457696,0.01082704,-0.508674443,-0.730451625,0.15458802,-0.779681769,-0.105128418,-0.590018769,-0.660554665,1.644674079,0.713847863,0.708980123,-0.470903034,-0.74024376,-1.125476831,-0.511089018,1.083388264,0.394876288,-0.356167174
PCSI_0468,1.696488776,-0.507588085,-0.518742097,-0.236816179,-1.065501155,-0.210345897,-0.936387475,-0.732580914,-0.637575252,-0.923389597,-0.808752993,-0.801498961,-1.182712372,-0.407029916,-0.762239888,-0.438738755,-0.711222055,-0.845969039,-0.271903981,-0.624873203,-0.758239914,-0.433307024,-0.268032334,-0.137683827,-0.775279015,-0.598663731,-0.913538509,0.305763814,-0.801356836,-0.160143369,-0.44795776,-0.860796052,-1.007869118,-0.964847738,-0.17234679,-0.927840203,-0.030740474,-0.431382271,-0.728442033,-0.253075885,-0.767883537,-0.523739741,2.038940112,0.310542204,1.191275411,-0.091641968,1.508847159,1.840922516,-0.900104933,-1.170543528,-0.544990981,-1.012569589,-1.234099284,-0.585586942,-0.496030668,-0.230837502,-0.51030311,0.022072187,-0.621921547,-0.754781316,-0.641621322,-0.334213623,-0.375902755,0.314331332,-0.505181352,0.072486798,0.055321215,-0.505591975,0.208380084,-0.369948106,-0.66192353,-0.383095678,-0.513960242,-0.66123737,-0.843690286,-0.70239613,-0.792276207,-0.939831449,-0.539106769,-0.577280967,-1.004049893,-0.461804128,-0.254462033,-0.951565573,-0.478240503,-0.628864233,-0.781577567,-0.536332095,-0.431281586,-1.243359677,-0.687487351,0.010773496,0.036015121,-0.984226795,-0.572334882,-0.753862145,-0.522656607,-1.60117921,0.73628844,-1.19891256
PCSI_0469,0.418951982,-0.65958918,-0.452114145,-0.165845413,-0.344616965,-0.357535159,-0.764011818,-0.36884558,-0.662354886,-0.712704266,-0.641769881,-0.359517042,-0.402309468,-0.230414015,-0.631014978,-0.361634321,-0.511969027,-0.709914808,-0.128181832,-0.566697084,-0.682931535,0.123527214,-0.31333968,0.210487683,-0.46796851,-0.730653059,-0.097882099,-0.497528042,-0.637218801,-0.534682163,-0.358669845,-0.003399416,-0.538823724,-0.79440051,-0.145039198,-0.707486367,-0.145847576,-0.61711908,-0.739613708,-0.277227822,-0.584082208,-0.31818267,-0.45936092,-0.630323368,-0.054890893,-0.342407969,-0.458614178,-0.746983089,-0.041297326,-0.881637507,-0.718080288,-0.122486023,-0.547000783,-0.586097472,-0.440076866,-0.252469448,-0.552503269,-0.554535173,-0.624667485,-0.851843776,0.03831531,-0.330337299,-0.494120959,-0.160134755,-0.714076947,-0.523297181,-0.500691046,-0.411586609,-0.422831567,-0.289099594,-0.747664819,-0.368061174,-0.202510772,0.058174135,-0.85652922,-0.885895337,-0.666965213,-0.944878287,-0.535795391,-0.251866186,-0.735469006,-0.330266392,0.078412746,-0.787493303,-0.479893613,-0.496663833,-0.773208567,-0.429615771,-0.727803788,0.136342931,-0.370235827,-0.077931019,-0.074202569,-0.834474238,-0.715674844,-0.620681639,-0.519839703,-0.411305199,-0.533083527,0.391706855
PCSI_0472,1.696488776,-0.325544764,-0.684253051,-0.255646693,-0.858608723,-0.392860858,-0.813480629,-0.355934301,-0.59623592,-0.860145297,-0.802498581,-0.727072517,-1.071791269,-0.365777103,2.129859396,-0.464232533,-0.737525008,-0.719237299,2.01321235,-0.339149499,-0.761375873,-0.5855751,-0.333040209,-0.89103824,-0.717836669,-0.796587142,-1.464639834,-0.635162957,-1.094015969,-0.835062396,-0.407366017,-0.604358201,-0.569238198,-1.64778625,-1.096726783,-1.232968637,-0.826087598,-0.838901213,-1.053411581,-1.127136234,-1.392222492,-0.742092305,-0.331102819,-1.390518188,-0.62892005,-0.726743058,-1.079621486,-1.1565792560000001,0.201073294,-1.04075311,-0.737221008,-0.332460922,-0.929090365,-0.544508287,-0.489259629,-0.223660522,-0.699116888,-0.767723239,-0.830547244,-0.887683711,-0.596900483,-0.316353503,-0.52507335,0.480402724,-0.427997068,-0.478368336,-0.516178944,-0.120365284,-0.353982162,-0.224376262,-0.710001389,-0.493262994,-0.031900741,-0.323995692,-0.760931085,-0.777600585,-0.670903204,-0.820202508,-0.564567545,-0.339437107,-1.19924428,-0.488137829,-0.658075983,-1.10886129,-0.997267975,-0.556205354,-0.831968389,-0.761239295,-0.887201334,-0.564257822,1.644674079,0.095111708,0.087784425,-0.547958158,-0.804868794,-0.939292119,-0.546047411,-1.307498599,-1.472577548,-0.650997466
PCSI_0549,-0.280530025,0.690913353,-0.916559914,-0.176162989,0.063756079,-0.028145022,0.884522432,-0.832528918,-0.134849367,0.380904982,1.280810111,1.417399097,1.893286492,-0.199460225,-0.342185267,-0.447821084,1.203805312,0.928295976,-0.138135005,-0.199425596,0.979591125,0.695698853,-0.015952154,1.314763151,0.881785383,-0.068144576,0.205979938,-0.965536269,-0.237623188,0.918782482,1.286297924,1.59998863,-0.231052341,1.041894652,1.049702831,1.706638817,0.110523842,-0.106447031,0.599275049,0.146651237,0.084329884,0.331611137,0.570092721,-0.091705737,1.357071997,0.809564639,-0.287825948,0.329869714,0.212774455,1.64968839,2.077674597,1.724021275,1.663186062,0.174123883,-0.466303518,-0.125503647,1.138546328,0.669469706,1.13739729,0.143706354,-0.62256971,-0.36391170900000003,0.32194888,-0.332184466,1.346618678,1.617378727,-0.050175325,1.685053225,0.424589498,-0.179998074,0.654676545,0.317277951,-0.479743961,-0.762187291,0.074326419,-0.915064917,0.904640471,0.970792499,0.221807283,0.048972367,0.242002368,1.737197669,1.24542344,1.525239578,0.650173286,-0.440370052,1.267895776,1.193742785,1.038050026,-0.504831422,-0.268414756,1.671858363,1.675420325,0.033947272,0.377351909,-0.608654463,-0.441916312,-0.776335773,1.587897791,-1.06519139
PCSI_0588,NA,NA,NA,NA,NA,NA,NA,NA,NA,NA,NA,NA,NA,NA,NA,NA,NA,NA,NA,NA,NA,NA,NA,NA,NA,-0.376244597,-1.644076623,-1.166843802,-1.08283211,-1.21313284,-0.22587903,-1.846964073,-1.177442234,-2.27881227,-1.932593039,-2.364060964,-1.355981464,-0.987329675,-2.039622282,-1.735919094,-2.272529962,-1.257145709,-1.482402114,-1.728420012,-1.454296531,-1.23577881,-1.548969828,-2.43096307,-1.367199698,-2.401440084,-1.289296121,-1.732790672,-2.357163807,-0.2531711,-0.500628226,-0.333819349,-1.272868967,-1.208558772,-1.47538259,-1.519359678,-0.638775786,-0.31400855,-0.806588378,-0.171457564,-0.950938939,-1.22804882,-1.008715945,-1.699111384,-0.610461279,-0.653356515,-1.520032916,-1.581530264,-0.684320676,-0.816623597,-1.567008457,-0.990536457,-1.794697834,-1.960923859,-0.827925276,-0.794669845,-1.700703108,-2.013123345,-1.275691231,-1.743969032,-1.755375806,-0.766233517,-1.018731186,-1.669047122,-1.129493823,-1.606291777,-1.209129065,-2.158745394,-2.137042834,-1.39297005,-0.997155218,-0.907621849,-0.565831858,-1.721253792,-1.837971832,-1.48323763
PCSI_0590,NA,NA,NA,NA,NA,NA,NA,NA,NA,NA,NA,NA,NA,NA,NA,NA,NA,NA,NA,NA,NA,NA,NA,NA,NA,NA,NA,NA,NA,NA,NA,NA,NA,NA,NA,NA,NA,NA,NA,NA,NA,NA,NA,NA,NA,NA,NA,NA,NA,NA,NA,NA,NA,NA,NA,NA,NA,NA,NA,NA,NA,NA,NA,NA,NA,NA,NA,NA,NA,NA,NA,NA,NA,NA,NA,NA,NA,NA,NA,NA,NA,NA,NA,NA,NA,NA,NA,NA,NA,NA,NA,NA,NA,NA,NA,NA,NA,NA,NA,NA
PCSI_0592,-1.442474102,-0.62062449,-0.099110166,-0.23497493,-0.521136044,-0.388956329,-0.986864333,-0.486899476,-0.654967781,-1.104635418,-0.725513393,-0.818165327,-0.565474492,-0.173112577,-0.673398403,-0.444202847,0.724379862,-0.730862478,-0.715133902,-0.47484229,-0.727316638,-1.339300454,-0.376122178,-0.94191767,-0.641151124,-0.358499171,-1.337367428,-1.533778949,-1.096203938,-1.196407888,0.033189855,1.126048181,0.550688734,-0.936602385,-1.230983225,-0.645559433,1.624532641,-0.724463981,-0.893848092,-0.679678331,-0.484523042,-0.325129543,-1.285682261,-1.22586231,-0.586406033,-0.74309938,-1.344193056,-1.260229539,-0.931912768,-1.172986852,-1.192005413,-1.298147255,-1.356408221,-0.268089845,-0.398522285,-0.217854839,0.079586386,-1.314542483,-0.521732863,-1.011059338,-0.582357176,-0.213941723,0.104192664,1.750946188,-0.681793044,-1.111853519,-0.829004313,-1.056309939,-0.516154362,-0.262787322,-0.882170129,-1.046488538,-0.520453627,-0.56604244,-1.128517139,-1.108589179,-1.225965663,-1.110696709,-0.654392211,-0.560606594,-1.2536295,-0.94941933,-1.04127969,-1.24946766,-1.196596661,-0.534672926,-0.654644332,-1.285409669,-1.090797394,-1.068631056,-0.947897126,-0.372357267,-0.368002079,-0.710602003,-0.75185109,-0.94699644,-0.408063725,0.769536593,-1.261991682,1.319305964
PCSI_0593,NA,NA,NA,NA,NA,NA,NA,NA,NA,NA,NA,NA,NA,NA,NA,NA,NA,NA,NA,NA,NA,NA,NA,NA,NA,NA,NA,NA,NA,NA,NA,NA,NA,NA,NA,NA,NA,NA,NA,NA,NA,NA,NA,NA,NA,NA,NA,NA,NA,NA,NA,NA,NA,NA,NA,NA,NA,NA,NA,NA,NA,NA,NA,NA,NA,NA,NA,NA,NA,NA,NA,NA,NA,NA,NA,NA,NA,NA,NA,NA,NA,NA,NA,NA,NA,NA,NA,NA,NA,NA,NA,NA,NA,NA,NA,NA,NA,NA,NA,NA
PCSI_0594,0.258078179,-0.511594415,1.817368801,-0.158277261,-0.770613806,-0.282590324,-0.083437305,1.080337972,1.459362754,-0.445212578,-0.545679997,0.273574973,-0.735325183,-0.373093782,-0.033608717,-0.319877082,-0.5890144,-0.700079111,-0.086965854,-0.469688554,-0.116293556,-0.943781808,0.553994848,-0.417691855,-0.689596551,-0.77070906,-1.334037535,-0.603915317,-0.902439328,1.098703001,-0.391320137,-0.669910031,-0.736251777,-0.487655,0.328733744,-0.559948836,0.131634643,-0.898512921,-0.685038461,-0.599901935,-0.572793268,-0.233740961,0.181720482,-0.458353412,-0.210840611,-0.148241722,-0.205501327,-0.57997608,0.748322902,-0.075313611,0.993400841,-0.34013991,-0.129454053,-0.631555165,-0.28684262,-0.201587888,-0.651952004,0.35021246,0.62412544700000006,-0.108792148,2.065983308,-0.221543649,0.589253799,0.404772311,-0.351687455,0.334005194,0.618056161,0.390235685,-0.172010499,-0.160152685,0.188809204,0.341204113,1.321865906,1.71281204,0.283963974,0.088201529,0.654438423,2.043169707,-0.385685661,-0.365150771,0.623671127,-0.596740031,-0.306779796,-0.14336835,0.081054285,-0.398571859,-0.588672239,-0.104943871,0.034030947,0.495826986,0.336796696,0.149323753,0.145729498,-0.648340915,-0.213836213,-0.832216227,0.057926527,-0.47731399,0.323853674,-0.449117115
PCSI_0602,0.647303198,-0.722030827,0.629161795,-0.226053183,-0.868755136,-0.323227975,-0.822624207,-0.079836707,-0.087149669,-1.079530148,-0.781572895,0.92465151,-1.406334562,-0.335319916,-0.716520464,-0.310631176,-0.958669499,-0.874651927,0.498399536,-0.312682408,-0.699024533,-1.074645327,-0.34904989,-0.239452469,-0.767495035,-0.533647308,-1.57682661,-0.526430417,-0.684180556,-0.590684946,-0.291663791,-0.659202796,-0.284928824,-0.308300713,-1.282680113,-0.136773095,-0.800258848,-0.894763907,-1.267676949,-1.177371976,-0.885015306,-0.662330659,-0.271321581,-1.394935697,-1.194067223,-0.591700095,-0.728207467,-1.482111497,-0.167117607,-0.52350334,-0.157176762,0.359412951,-1.058329066,-0.535888782,-0.357831284,-0.140773523,-0.460598552,-0.761558454,-0.865078206,-1.078589293,-0.135939309,-0.300144741,-0.738821333,-0.378437763,-0.251730091,-0.496389832,-0.542741892,-0.16942763,-0.122917178,-0.441503578,-0.86527238,-0.835464971,-0.309300928,-0.567673052,-0.695258274,-0.790539573,-0.844960391,2.043169707,-0.556830344,-0.526830501,-0.969198655,-1.164620193,-0.202931315,-0.695310764,-1.083484977,-0.468929403,-0.777040134,-0.903494308,-0.752270939,-0.525577624,-0.631217782,0.097787636,0.103940473,-0.755579683,-0.782617023,-1.234424451,-0.388215941,0.09790433,-1.523304739,-0.650187268
PCSI_0608,0.702548819,0.194311179,-0.86168199,-0.243018961,-0.944616813,-0.339753246,-0.149569581,0.192363581,-0.63754785,-0.740813406,-0.523772015,-0.796520391,-0.310688265,-0.361544636,-0.405490268,-0.066202298,-0.379762903,-0.678096079,-1.052675231,-0.575673226,-0.59388412,-0.516693667,-0.297671531,-0.028179933,-0.613560545,-0.223096536,-0.372336695,-0.192467599,-0.538329514,1.827590808,-0.259796124,-0.291320864,-0.58655636,0.17771165,-0.00610689,0.290819568,-0.352609257,-0.447680355,-0.390374339,-0.468230221,-0.048024563,0.091829369,0.59850566,-0.209412394,0.024004315,0.22262738,0.313134973,0.365783197,0.407800702,0.488236541,2.077674597,-0.082288903,0.741661329,-0.240368188,0.407175899,-0.183663945,-0.112115376,2.027948308,1.10939954,0.322810685,-0.217152914,-0.073850334,1.599596581,0.498602125,0.70239427,1.617378727,1.626361165,0.581173796,0.571838455,0.004064605,1.761784709,1.910797089,-0.115760306,0.430429966,1.526034659,1.965127981,0.759258934,1.169787103,-0.376433048,0.080016451,1.407913118,0.177937881,0.781731941,0.725108165,1.330763202,0.149088381,-0.577314421,0.765405172,1.570477832,0.456132262,-0.663935783,1.60708824,1.606284024,0.086707066,1.365774351,-0.342404881,0.221919866,0.253577982,1.142829075,-0.694208297
PCSI_0610,-1.287186856,-1.076496333,-0.783295021,-0.264703287,-1.143506443,-0.428678939,-1.184519647,-0.783630222,-0.677135921,-1.221941935,-1.006179105,-1.007706124,-1.624773471,-0.400001395,-0.71114407,-0.519651192,-1.428809012,-1.015136809,-1.247787715,-0.613672539,-0.853040476,-1.451650058,-0.38969287,-1.714547787,-0.826070811,NA,NA,NA,NA,NA,NA,NA,NA,NA,NA,NA,NA,NA,NA,NA,NA,NA,NA,NA,NA,NA,NA,NA,NA,NA,NA,NA,NA,NA,NA,NA,NA,NA,NA,NA,NA,NA,NA,NA,NA,NA,NA,NA,NA,NA,NA,NA,NA,NA,NA,NA,NA,NA,NA,NA,NA,NA,NA,NA,NA,NA,-1.054593432,-1.11187353,-0.976887108,-1.459824625,-1.134141149,-1.98694871,-2.056086885,-1.409702049,-0.985385291,-1.327712384,-0.548494686,-0.380554743,-1.39751222,-1.352767708
PCSI_0611,-0.701815523,-0.967150388,-0.94240472,-0.26814553,-0.81992904,-0.413839638,-1.119138252,-0.866054914,-0.704364364,-1.285716412,-0.963827609,-0.919179625,-1.607219101,-0.412564782,-0.778965136,-0.144707895,-1.323308597,-0.972891105,-1.24163816,-0.153117935,-0.813533542,-1.409813546,-0.382870999,-0.325836353,-0.808531511,-0.865786768,-1.620607894,-1.816581488,-1.338030739,-1.109816427,-0.407720208,-1.633079329,-1.19705901,-1.717431143,-1.664483536,-1.189998279,-1.111912411,-1.000532732,-1.371476082,-1.500932064,-1.555823462,-1.140756114,-1.267213069,-1.706899861,-1.3493046,-1.080527414,-1.596616559,-1.83162675,-1.14816827,-2.123498088,-1.214212443,-1.635293481,-2.469254048,-0.567256967,-0.450384013,-0.269515927,-1.260432113,-1.224575737,-1.642994829,-1.694923935,-0.419914136,-0.348176404,-1.106975778,-0.668101259,-0.141872391,-1.273801865,-1.084624227,-1.6149757789999999,-0.53644794,-0.69855238,-1.695804735,-1.541519748,-0.697244825,-0.970224503,-1.752085886,-1.453699795,-1.591419145,-1.80430331,-0.803127849,-0.777849832,-1.611816922,-1.953918195,-1.199355902,-1.630916863,-1.732099124,-0.676015758,-0.977384313,-1.493083411,-1.174033173,-1.392754356,-0.621235545,0.310441233,0.307580854,-1.40417944,-0.969867119,-1.251107219,-0.584236084,-2.090903128,-2.08501455,-0.735364144
PCSI_0613,1.693633253,-0.040683391,0.622786348,-0.22035285,-0.720675373,-0.362580746,-0.649646635,-0.178809896,-0.291978141,-0.573094786,-0.730026277,0.62114439,-0.803196909,0.142111679,1.457627101,-0.421337273,-0.630870702,-0.619559701,-0.988905603,-0.57775095,-0.676003338,-1.193124387,-0.325910047,0.125233195,-0.728874297,-0.773078267,-1.041896474,-1.433217844,-1.010326857,-0.433453867,-0.449127902,-0.843699046,-0.621149879,-1.205567409,0.27665056,-0.849673419,-0.776393981,-0.854644045,-1.221388381,0.237232743,-0.937881728,-0.533783116,0.202240754,-1.079393214,-0.780150661,-0.579876258,-0.373258296,0.384375096,-0.580201051,-1.173913725,-0.414579147,-0.579953107,-1.135788009,-0.526002187,-0.359868062,-0.174270632,-0.405186884,-0.60034501,-0.104471492,-0.873557614,1.846918522,-0.262041988,0.249436301,0.837409695,0.500415605,-0.261158506,-0.296761988,-0.36413166,0.411292931,-0.308846949,-0.463564037,-0.597786938,-0.555761555,1.150242457,-0.453077797,-0.916562122,-0.655322798,-0.555304814,-0.380576908,-0.256515372,-0.753277911,-0.144205049,-0.185256343,-0.683680396,-0.665042859,-0.468973344,-0.665681532,-0.25711119,-0.16546543,0.398274924,-0.302878639,0.266356126,0.272609495,-0.630335457,-0.133891252,-1.031263571,-0.383282702,-0.852570649,-0.423422847,-0.118266873
PCSI_0627,1.042797868,-0.815946084,-0.922206872,-0.259005735,-0.815974949,-0.394793745,-0.864215537,-0.381053981,-0.573347424,-1.033326244,-0.837753098,-0.92589342,-1.226018853,-0.399333372,-0.748239634,1.172341145,-0.798288532,-0.878530465,-1.000859433,1.242166268,-0.695450908,0.043562962,-0.354804214,-1.10966225,-0.775693197,-0.332053329,-1.059620667,-0.517335937,-0.264885399,-1.017615436,-0.465710684,-0.780096273,-0.951307582,-1.780638538,-1.434075909,-1.697020619,-0.903621242,-0.940039715,-1.455039642,-1.236125879,-1.391839895,-0.416139302,-1.04506984,-0.996934401,-0.6124304,-0.817978457,-1.009352622,-0.975073515,-0.400573422,-1.496749325,-0.508477957,-0.879791744,-1.263263013,-0.228914554,-0.478979008,-0.268950992,-0.461153963,-0.774887252,-0.773087791,-0.287029967,0.302927916,-0.29852585,-0.312719778,0.541568728,-0.578034315,-0.34908344,-0.294678646,-1.072635477,-0.469413431,-0.47135239,-0.929751313,-0.993810094,-0.278973769,-0.022353693,-1.099559418,-0.897860626,-0.993584734,-1.286951771,-0.464230192,-0.622987865,-0.742462748,-0.991953186,-0.941704511,-1.212091339,-0.985767271,-0.685806635,-0.614752164,-0.963293124,-0.887030545,-0.852866657,-1.072931631,-0.968734232,-0.960478937,-0.981163692,-0.737767698,0.458275382,-0.50614411,0.233405282,-1.282589191,-1.04500153
PCSI_0629,0.34821642,-0.754193862,-0.828247809,-0.246125991,-0.929242165,-0.397440589,-1.024534154,-0.817893622,-0.70201321,-1.038319841,-0.873730821,-0.554144964,-1.048814472,-0.393927901,1.409942345,-0.511539877,-0.992976609,-0.834294268,-0.885955531,-0.573217993,-0.784041849,-1.014732308,-0.36284175,-1.117478765,-0.764395726,-0.547624286,-0.791789863,-1.054676212,-0.591130976,-0.388217402,-0.275279578,-0.925853149,-0.580099045,-1.00929611,-0.301228717,-1.277349806,-0.975460854,-0.714155169,-1.061119378,-0.945838217,-1.054066403,-0.675305378,-0.534647935,-0.970308039,-0.905483101,-0.635075395,-0.088905751,-0.601329099,-0.697528377,-0.14934171,-0.57048839,1.718328836,0.175935917,-0.548994646,-0.350156048,-0.223684261,-0.688986566,-0.162173372,-0.41073176,-0.8266436,1.204351894,-0.260492931,-0.059736763,0.142914369,-0.475677844,0.018767464,0.577409464,-1.013429089,-0.021648798,-0.131924166,-0.939488732,0.744728307,-0.329075751,1.707441155,-0.65264888,-0.331268543,-0.997024003,-1.094835611,0.182813928,-0.518397864,-1.058787824,-0.853467953,0.228383711,-0.853552042,-0.716812305,-0.514145373,-0.788516515,-0.754200591,-0.151530238,-0.668502396,1.21894089,-0.037997604,-0.047887493,-0.573041003,-0.654044368,-0.168004798,-0.37532594,-0.183412773,-0.251032142,-0.855875634
PCSI_0633,-0.249965276,-0.634371487,-0.542316142,-0.246773918,0.477008895,-0.349511373,-0.497456269,0.723492364,-0.508575444,-0.655456688,-0.579587119,-0.543115031,-0.010137932,-0.326596053,2.129859396,0.068364172,-0.031236121,-0.57811199,1.03735731,-0.586120659,-0.646462884,-0.813629438,-0.303818183,0.33663513,-0.212095078,-0.577993941,-0.307873566,-0.521826389,-0.665463497,-0.842188319,-0.416552111,0.101232619,-0.685715052,-0.118781692,0.107321123,0.21919887,-0.454503146,-0.849040345,-0.146521085,0.348097497,-0.287087566,-0.303350736,-0.410139175,-0.919188072,-0.173009257,-0.271855717,1.35594052,0.063440678,-0.539659311,-0.706761712,-0.393047482,0.848414627,-0.506749997,-0.380007136,-0.397459814,-0.257062162,-0.454327089,-1.097976186,-0.545279407,-0.719676886,-0.566584863,-0.269361767,0.013180568,1.371952336,-0.779261426,-0.634209649,-0.78151159,-0.718434357,-0.429539229,-0.369002928,-0.698683159,-0.936519938,0.151749945,-0.654058217,-1.200994415,-1.392238474,-0.509067276,-1.208114067,-0.616854335,-0.517473184,-1.068752617,-0.544978342,-0.815685086,-1.162930807,-0.824185154,-0.766632987,-0.710146877,-0.447662261,-0.919457211,0.894731599,0.510354172,-0.796021901,-0.812859041,-0.578288049,-0.415380291,-0.643100519,-0.505506903,-0.792924889,-1.101720887,0.568849802
PCSI_0636,0.498851028,0.119080911,-0.011569855,-0.203045265,-0.273950314,-0.190810834,0.68305431,1.406913035,-0.146269949,1.280678104,0.120667294,-0.214726806,1.060124794,-0.195067864,-0.331040454,1.172341145,1.328433185,0.196034453,2.01321235,0.739760732,0.030932416,-0.229423453,-0.157068218,-0.121786765,-0.103328818,0.142879137,1.10890359,-1.026568683,-0.993269601,0.240456784,-0.049182753,1.59998863,-0.30935435,0.811282784,0.1469173,1.001843814,1.534267289,1.022936578,1.461933951,0.745584088,0.950721644,1.046604496,-0.071500371,0.581231408,1.357071997,0.499999704,-0.193111169,1.840922516,0.112456727,0.323121993,0.983836562,0.041271489,1.307488851,0.488331207,0.275262057,-0.101880757,1.449319019,-0.53120463,0.054359697,0.057162281,-0.138235725,-0.048123629,-0.141290791,-0.686588979,-0.015587774,-0.307196863,-0.020696683,0.767302186,0.06188645,-0.15821969,0.924691171,-0.353511303,-0.450572994,-0.231807102,0.936336498,0.057294841,1.219643029,1.070232226,-0.058024091,0.486165217,0.81046868,1.764870079,-0.080930484,1.169507314,1.052664329,0.299587358,0.434653875,0.74539438,-0.045606096,0.622811635,1.007406226,1.671858363,1.675420325,0.44158042,1.365774351,1.91869734,0.148908289,0.599399445,-0.021418426,0.54161982
PCSI_0639,-0.036155958,-0.884476745,-0.631056362,-0.25511476,-1.016801308,-0.401436996,-1.0100851,-0.527475599,-0.618746648,-0.930749896,-0.774389563,-0.953462742,-1.347910985,-0.401353202,-0.772441663,-0.175697554,-1.098689558,-0.886171934,-0.808126031,-0.079204739,-0.745851933,-0.040017963,-0.110743254,-0.72275334,-0.745397157,-0.38717186,-0.452053383,1.594828974,0.759509026,-1.013272523,-0.469933127,-0.97251258,-0.196244881,-0.947496492,-0.68121372,-1.473095488,-0.845101543,-0.182375957,-1.077004736,-1.077042335,-1.262485823,-0.539215303,-0.915780892,-1.146824268,-0.325690495,-0.592974121,-0.050329328,-1.479070532,-0.077930167,-0.490845452,-1.083235771,0.360464715,-0.417202336,-0.618992401,-0.461941539,-0.303593503,-1.156761476,-0.855425299,-1.070183892,-1.208471404,-0.497996639,-0.350192264,-0.745563667,-0.319052663,-0.751729455,-0.852405011,-0.955963207,-1.330766337,-0.53603951,-0.54097264,-0.870124893,-1.204972248,-0.474930653,-0.83814705,-1.395742479,-1.111983707,-1.398918265,-1.439467502,-0.503338721,-0.67023696,-1.348142339,-1.570412434,-0.871318926,-1.083724561,-1.336310859,-0.699327998,-0.895995448,-1.187307921,-0.942715879,-0.503622466,-0.843922351,-1.6079326,-1.603796653,-1.204484198,-0.751573099,-0.250808364,-0.491445746,-6.21239e-4,-0.719047453,-1.000895478
PCSI_0642,-1.256957213,-0.93205097,0.103941597,-0.242033337,-0.894467217,-0.401802568,-1.021284079,-0.586342295,-0.495291381,-0.927582465,-0.895379111,-0.831786792,-1.171695497,-0.396221335,0.14622665,-0.223598203,-0.968515141,-0.832980457,-0.458975604,-0.295909639,-0.773341132,-1.428965287,-0.368554271,-1.417714913,-0.77095002,-0.691522298,-1.157691271,-1.526418587,-1.086863678,-0.525306229,-0.47334646,-1.258506855,-0.823617132,-1.083586378,-0.506784899,-0.601501379,-0.936522168,-1.008490756,-0.622647379,-0.827715833,-1.111797374,-0.907760931,-1.053020887,-1.55251007,-0.454563903,-0.63681939,-1.205972006,0.383789497,-0.9903624,-1.648213806,-0.598779341,-0.893036178,-1.498264624,-0.580880599,-0.048208718,-0.274251921,-1.098822751,-0.403772023,-0.694928601,-1.134745729,-0.392597254,-0.148464727,0.037151735,0.520938084,-0.104240667,-0.224654411,-0.096650917,-1.362746331,0.079328398,0.194569052,-0.473487843,-0.251960532,-0.560925706,-0.314976382,-0.927448981,-0.986455407,-1.220977276,-1.435984258,-0.642565687,-0.498055698,-1.36139808,-1.315557873,-0.961062053,-1.20567623,-0.850241115,0.229815326,-0.818282817,-1.190136346,-0.243392896,0.74168934500000006,-0.973815166,0.378837028,0.355937355,-1.129786197,-0.163451241,-0.771750565,-0.155111983,-1.509289474,-1.37390597,-0.776536764
PCSI_0645,0.763688555,-0.391913781,-0.813632421,0.135279898,-0.943179759,-0.361933846,-0.840412897,-0.499377319,-0.537756934,-0.918572805,-0.713364031,-0.806505053,-0.746915074,0.497521095,-0.508019925,-0.458432582,-0.375718028,-0.743613221,-0.914024759,-0.609200632,-0.676438295,0.396641493,-0.293295412,0.048310999,-0.637217502,0.214171121,-1.206806967,-0.221565254,-0.346357886,0.113088269,0.12799395,-0.379410635,0.326831735,-0.451696341,-0.857742933,-0.948609997,0.065829588,1.644117432,1.002323017,-1.042523796,-0.732527749,-0.365974063,-0.569059925,-0.221686948,-0.844321644,-0.552854265,-1.030536437,-1.23687168,0.640932077,-0.44523146,-0.058649747,-0.877835477,-0.325863,0.720388254,0.024025317,-0.177925853,0.504529767,0.460140082,-0.189008546,-0.211632786,-0.440866085,-0.163161529,0.430532634,-0.361714566,-0.370556785,0.11120587,-0.133582967,-0.567677811,-0.240873957,-0.011945099,0.362540924,0.309300088,0.247900389,-0.020221467,0.121302523,1.416580852,-0.377607465,-0.092993223,-0.49542426,-0.301884128,-0.254991914,-0.229589584,0.077506392,-0.370879565,-0.375772811,-0.07142322,-0.707253946,-0.227451413,0.252976395,-1.256560327,-0.457847975,1.045218095,1.056247529,0.256830186,-0.699873639,-0.2059495,-0.16590857,0.544349439,-0.165268894,-1.063812699
PCSI_0653,0.626490029,-0.352673512,1.244057602,-0.202057561,-0.546051393,-0.317308587,-0.374453349,-0.178339456,-0.596014142,-0.290108729,-0.438689292,-0.525920332,-0.035255373,-0.306012771,-0.55029593,-0.264703137,0.02387383,-0.407677953,-0.600690934,-0.587971384,-0.563727646,-0.483471734,-0.252254,-0.009480855,-0.418660303,-0.446943044,-0.177781262,-0.021853221,-0.443969349,1.984882047,-0.165736346,0.204122345,-0.279449927,0.628956147,0.881399233,0.536384745,1.571993565,-0.540203051,-0.364462601,0.235882332,0.655022771,0.553539211,1.724204019,0.570026076,-0.194594552,0.831326101,0.166341226,1.229599067,0.868588093,0.224956665,1.872390397,0.50998415,0.554740707,-0.293570008,-0.340075774,-0.153754669,0.100793075,2.027948308,1.543607791,1.849408802,-0.552664413,-0.289045388,1.284638136,1.765850936,0.895288925,1.617378727,0.738702132,1.29923173,0.571838455,-0.017684217,1.761784709,2.014036135,-0.045183177,0.413620046,1.526034659,2.060136265,1.515828087,2.043169707,0.342394515,0.254279675,1.724316955,1.713187128,0.516074355,1.528302859,1.81366683,-0.347213699,-0.516582062,1.972387009,1.570477832,0.08034214,-0.281758655,1.671858363,1.675420325,-0.484935789,0.049574286,-0.478347812,-0.34638357,-0.127147436,0.625324359,-0.043168632
PCSI_0676,0.22038027,-0.582995429,-0.329754408,-0.23935487,0.085106654,-0.14247333,-0.475847878,0.72163009,-0.039826878,0.291147308,-0.559771201,0.012442947,-0.06111973,-0.374004437,-0.740924634,0.587262403,-0.127538797,-0.443333498,0.023798636,-0.027353312,-0.541786537,-0.703698088,-0.205075616,-0.466136086,-0.733097854,-0.267601497,0.498113907,0.504423888,0.352343492,-0.311489823,-0.353960776,0.433271027,-0.663411748,0.01520928,-0.535783548,0.032932976,0.326303555,-0.407417955,-0.123131119,0.555173168,0.020699311,0.596538879,0.209477902,0.094697938,0.227434082,0.013906558,-0.35618337,0.224819488,0.076910002,0.445445977,-0.394624116,-0.667001802,0.293247558,-0.215109892,-0.406624856,-0.197096474,-0.154162957,-0.242436639,0.211603718,0.017569644,0.025038736,-0.302649337,-0.084151261,0.183164941,0.395593792,-0.264076201,-0.236446496,0.430315677,-0.099132194,-0.282816853,0.087335924,-0.171578573,-0.482294495,-0.068344511,0.028756583,-0.091510125,0.216583133,0.052831122,0.146430289,-0.119581527,0.789338835,-0.116492983,-0.402374844,0.071234427,-0.389477218,-0.574341307,-0.504570875,-0.38409109,-0.6262743,0.514829096,-0.545329905,0.167645171,0.183418896,-0.687065654,-0.166933537,-0.533563741,-0.449495974,0.183416369,-0.39322606,1.486968279
PCSI_0677,1.696488776,-1.050410844,-0.982635257,-0.271793133,-1.234571683,-0.456687882,-1.301799616,-0.894784565,-0.728287301,-1.37980654,-1.148117203,-1.023269157,-1.787484538,-0.427110776,-0.818737653,-0.555183313,-1.748634195,-1.101904709,-1.371583119,-0.655829504,-0.886137787,-1.786199306,-0.414703838,-2.84346928,-0.850655236,NA,NA,NA,NA,NA,NA,NA,NA,NA,NA,NA,NA,NA,NA,NA,NA,NA,NA,NA,NA,NA,NA,NA,NA,NA,NA,NA,NA,NA,NA,NA,NA,NA,NA,NA,NA,NA,NA,NA,NA,NA,NA,NA,NA,NA,NA,NA,NA,NA,NA,NA,NA,NA,NA,NA,NA,NA,NA,NA,NA,NA,-1.207914972,-1.198818705,-1.350538722,-1.616655217,-1.260199541,-3.027619449,-3.020636477,-1.862849277,-1.066226371,-1.464636349,-0.590114771,-2.193094535,-2.478583167,-1.496260292
PCSI_0694,0.32227198,-0.528035254,-0.864036475,-0.258482506,-1.081370185,-0.386362914,-1.048727362,-0.731903334,-0.486612576,-0.811749849,-0.868002025,-0.735119586,-1.23766239,-0.389937536,1.562340776,-0.400487022,-0.993973123,-0.758248426,-0.746971283,-0.624142027,-0.765769586,0.079193877,-0.273380611,-1.607899073,-0.771147419,-0.187883842,0.293614,1.178798085,0.379849249,-0.736839614,-0.373590754,-0.542874389,-1.137251978,0.004596443,0.912293997,-0.809443474,-0.501685459,0.785161084,-0.063313498,-0.677863223,0.31121799,0.726541407,0.81446217,0.621662378,-0.375656492,-0.223068187,1.508847159,-0.153573381,-0.782431261,0.268002982,-0.841211787,-0.09491221,0.276412138,-0.519034105,-0.472342129,0.771128535,0.56734455,-0.399151103,-0.710077906,-1.036156984,-0.636314458,-0.352418881,-0.69306247,0.137326867,-0.690473324,-0.8068617,-0.523574373,-0.398227862,-0.407830729,-0.494083662,-0.669810192,-0.64540223,-0.457902794,-0.718483954,-0.670358777,-0.210100427,-0.477148258,-0.839676521,-0.497078447,-0.523148943,-0.355013044,-0.594478325,-0.420017203,-0.206964245,-0.755874995,2.149686903,-0.856863608,-0.889347784,-0.743050359,-0.757662911,-0.281394989,-0.75770819,-0.74969084,-0.886349955,-0.774637704,-0.96031239,-0.514434705,0.265622554,0.227729922,-1.056289543
PCSI_0710,0.680335517,0.260359309,1.485858263,-0.180640755,-0.535737838,1.037610403,0.566633847,1.681680167,0.89265125,0.197498686,-0.303175099,0.124638123,1.012854602,0.212158021,-0.572472127,0.909294796,0.217710709,-0.396200399,-0.976216274,0.115233516,-0.265194847,-0.54576,-0.22986652,0.380547493,0.49363871,-0.553636928,-0.011543307,-1.205989793,-1.083392084,1.984882047,-0.355504902,1.074740621,-0.623843844,0.232742085,-0.324082953,1.200221648,0.019397525,-0.500217033,0.114568387,0.687456511,1.68873138,0.98791426,0.123925507,0.48496882,-0.128090204,0.288260075,-0.012265497,1.002011758,0.812155371,1.647191646,2.077674597,0.178038942,0.720508698,-0.305391933,1.3265364609999999,-0.186566208,0.361032872,0.784387896,1.86371745,0.848661376,1.033666029,1.060354248,1.823171129,1.643494576,1.343490231,0.122545449,0.11262847,1.727786017,0.500438527,1.519104686,1.570600755,1.754226422,0.288690443,2.018764532,1.110803646,-0.118449307,1.179984868,1.064849359,0.18827748,1.264439751,1.216491234,0.726007536,-0.167664131,0.858594456,0.559326406,1.595044878,-0.459737098,0.810470629,0.418932568,0.635835247,-0.59841887,0.748936612,0.754942435,-0.238054923,1.365774351,-0.699551979,1.727610503,1.212338433,-0.069271128,1.247397582
PCSI_0729,0.347396315,0.667509656,-0.915505325,0.359495904,-0.482625594,-0.321102674,-0.772440434,-0.881837694,-0.670464509,-0.819814321,-0.555165237,-0.840385006,-0.175540869,1.553441686,-0.257142038,-0.490439101,-0.040798946,-0.664305933,-1.008395074,-0.602662848,-0.690049272,2.012118515,-0.286442851,0.883220554,-0.567243637,0.865249941,0.765624163,0.843721494,1.087934426,1.984882047,1.267803135,0.667746455,1.012174394,0.961319886,-0.007198079,0.096736235,-0.290503578,1.644117432,1.451233699,-0.251185365,0.549073898,-0.141836899,-0.254310872,1.588983518,-0.01098517,-0.090537489,-0.327721203,0.635847994,-0.046991142,1.64968839,1.503242708,-0.259055624,1.663186062,1.070948481,-0.407580035,-0.201395377,0.635572854,2.027948308,0.550654661,0.644870592,-0.611722553,-0.309668651,0.514109722,-0.423428785,0.234904522,0.974960532,0.019259038,0.60355177,-0.102298722,-0.100444224,0.47072431,1.778573828,1.031794081,0.331438314,1.44413526,2.060136265,1.109189528,1.050006501,-0.318291072,-0.350771765,0.712559323,1.023864287,1.24542344,0.220254051,1.004077145,-0.572551147,-0.556499416,0.196618838,0.300140154,0.16266909,-0.747707541,0.178131471,0.184353116,1.916489699,-0.608715308,0.903572839,-0.400406259,0.906594472,1.587897791,-0.553090389
PCSI_0780,0.056609103,-0.19122957,-0.031039355,0.227767733,-0.308627524,-0.33358382,-0.749820865,-0.47859156,-0.570213682,-0.75483668,-0.670374188,-0.742358752,-0.146497862,0.522120686,0.174999194,-0.348005707,-0.325753157,-0.672218389,0.240354667,-0.603359692,-0.700760441,0.049826314,-0.320145664,-0.185369444,-0.661162929,0.115187011,1.593175053,0.037883316,1.350142662,0.659792013,-0.026046165,-0.056015165,0.842263046,0.15329874,-0.450657045,-0.045628209,-0.498612608,0.198910093,0.105446024,1.403803174,0.697100622,0.349590896,-0.459198749,0.9622302,-0.047970377,-0.21469572,-0.094841504,0.640087261,-0.8754799,-0.110840011,0.337744133,-0.287755118,-0.116799338,0.213007524,0.590763606,-0.186074578,-0.101181869,0.620878284,0.826748701,0.232745619,-0.148842056,0.364081783,0.559727741,0.691726362,0.996260085,0.22335788,1.626361165,0.014764999,0.453663655,1.519104686,0.069111451,1.114412846,-0.339358512,0.375333526,0.582613165,0.291923665,0.424980285,0.020340237,-0.035116415,0.362742541,0.433441776,0.054684580000000003,0.126956061,0.072955027,0.296251459,0.369005992,-0.649410452,-0.093725472,0.295214957,0.133508391,-0.621838776,0.004178907,2.05445112758196e-5,-0.707991469,0.104970077,-0.002866427,0.482463561,0.390621775,0.710461019,0.285167638
PCSI_0807,0.549702928,-0.886563177,-0.29057213,-0.213003016,-0.89691994,-0.382911757,-1.120614177,-0.800658999,-0.672289201,-0.997323383,-0.919545736,-0.65039548,-1.272123209,-0.402833823,-0.737393463,-0.526532396,-0.827545699,-0.86169772,-1.098480333,-0.524511041,-0.81324377,-0.262260252,-0.364158621,-0.987414172,-0.800343491,-0.320659397,-0.619310625,0.507482683,1.975825672,-0.961318845,-0.45954964,-1.387730431,-0.430900585,-1.140769744,-0.439452711,-0.443320115,-0.919810769,-0.730296897,-1.291823116,-0.89384884,-1.206460588,-0.807389487,-0.983694941,-0.751275612,-0.925799911,-0.89585076,-0.177279415,-1.248084857,-1.124536678,-0.366011538,-1.169559501,-0.077753203,-0.514920373,-0.42676399,-0.494864175,-0.319701921,-0.88162701,-0.849280902,-0.815848303,-0.651443561,-0.488814417,-0.297775551,-0.349979559,0.781821558,-0.7998233,-0.870152154,-0.857426658,-1.175627543,-0.385752939,-0.341409925,-1.150623117,-0.697407735,-0.454547093,-0.584158424,-1.503642016,-1.279213216,-1.375901538,-1.592624776,-0.732075999,-0.688267123,-1.173820922,-1.632966904,-0.882860618,-1.425610903,-1.41144179,-0.794942547,-0.876351957,-1.380921065,-1.043808856,-1.192105902,-0.884041793,-2.228758435,-2.221970354,-1.094154336,-0.85355365,-0.815906538,-0.542838925,0.417750128,-0.589750321,-0.911559259
PCSI_0808,0.395402122,0.407364248,1.883896765,-0.186687153,-0.395035943,-0.323766864,-0.565510302,-0.325720597,-0.377617104,-0.770279183,-0.572085589,0.117652034,-0.090402623,-0.367195843,-0.469859144,-0.0579496,-0.097344859,-0.659056614,0.088701599,1.642127503,-0.518255204,0.361083361,-0.270535333,-0.192717912,-0.676644384,1.665231342,1.637895491,-0.46879264,0.157665693,-0.511821442,-0.166509405,0.451449487,0.571125043,0.017889359,-0.79100922,1.663788025,-0.510375517,0.032537521,0.544115508,0.995862868,1.086656118,-0.118906508,-0.646548545,1.259962252,-0.029023479,0.300457399,-1.002321956,0.072885452,1.883033987,0.344755583,0.337534489,-1.22215871,0.030103647,1.108301797,1.3265364609999999,-0.186223295,1.449319019,-0.855302293,1.888954247,0.871685468,1.757662848,1.312016072,2.13641568,1.765850936,1.303637908,-0.525492774,-0.436248689,0.129316582,0.04812289,1.519104686,0.016343346,0.241909922,-0.222957249,2.018764532,0.520526017,1.271422409,0.209071262,0.431130901,0.51117091,0.605549147,0.031475851,-0.145616341,-0.458787275,-0.440627503,-0.00513219,2.190261833,-0.369254379,-0.575820357,0.192750098,-0.781247734,-0.128771537,-0.29817787,-0.297544396,0.757310108,-0.14604469,-0.714991114,1.727610503,0.336195577,0.833510815,-0.386961038
PCSI_0809,1.286327405,0.091548615,0.40120762,-0.06470245,0.242735668,-0.30905823,-0.300054812,-0.018088955,-0.407603506,-0.016898051,-0.492875807,-0.242654134,0.645511061,-0.333633,-0.664191398,0.456240285,-0.112809631,-0.38961088,-0.354974757,0.189567427,-0.542468992,-0.100513663,-0.256215904,0.148641563,-0.569873504,0.383611537,-0.189206371,-0.614123283,-0.444572367,-0.372429849,-0.155292502,0.181788051,0.520253739,0.545266081,0.717215673,0.628769546,1.617212492,0.634695883,0.566080213,1.307807448,1.385553281,0.221147154,0.528205783,0.60622746,0.146095643,0.016993457,-0.232488875,0.280461551,0.127911049,0.416104712,0.744618644,0.507630321,0.43672932,0.387506145,0.505802934,-0.141559413,0.686452749,-0.643293792,1.169663584,0.412970613,1.714846363,0.855038549,1.439452885,1.747640191,0.236757608,0.375425586,0.268134658,1.456473998,0.110796755,1.208209193,0.75061141,0.39070146,-0.065306738,1.508772396,0.412170023,-0.115898471,0.549127942,0.391569463,0.295844675,1.190702121,1.591639336,0.777718521,0.072466366,0.1577866,0.53264309,1.114904895,-0.334191858,0.504599215,0.093226894,0.591227222,-0.495656169,0.791578213,0.788040713,0.505277038,0.457902941,-0.373169834,0.888596602,0.129518047,0.014370307,0.969668099
PCSI_0810,0.283406539,2.056143408,0.180714906,0.359495904,0.618653478,-0.292090105,1.348178591,1.351340432,-0.491805695,-0.047051318,-0.336706639,0.347500143,0.771462591,1.620662854,1.417407225,1.047125259,1.328433185,-0.20649857,-0.696316651,-0.504554514,-0.510306293,2.012118515,-0.224068804,1.606254806,-0.557619301,0.065015895,-0.84366253,-0.957146153,0.075567829,1.984882047,1.286297924,0.618533263,0.15852521,1.537870092,-0.140530431,0.906446701,1.624532641,-0.017359994,0.21542694,0.882981949,1.496096923,0.459505487,0.515235031,0.985485076,0.545228117,0.831326101,-0.320857106,0.03601022,0.090202176,0.073532248,2.077674597,0.181278669,-0.088370352,0.50749085,-0.138952487,-0.194187191,0.500906696,-0.078775025,0.300929304,0.184256539,-0.450911359,-0.215645435,0.995794828,0.513837871,0.061960201,0.162751797,-0.156774646,1.195638426,0.193423272,0.044207707,1.302520461,0.467797253,-0.433385822,-0.299641269,0.26119112,-0.40134655,1.364899546,0.584794434,-0.167259126,0.047125778,1.184573886,0.893238605,1.162051975,0.538074663,0.920062776,-0.414712637,0.051309431,1.972387009,0.126843652,1.407760145,-0.474145371,0.113280235,0.113021681,-0.203466346,1.365774351,0.180398372,-0.232768759,-0.327482545,-0.278626871,1.242040085
PCSI_0811,0.441893241,-0.448359922,1.775228499,-0.007557923,-0.177131678,1.037610403,-0.222788508,1.191780103,0.772244217,-0.407354094,-0.575459193,1.021957394,0.044854772,0.187261225,-0.176725089,-0.072718292,0.998563643,-0.542125488,-0.738583905,-0.317265149,-0.652772311,-0.574657241,-0.186800861,-0.26881309,-0.525347179,-0.198931457,0.132050266,-0.53807313,-0.303220368,-0.547384184,-0.184238004,0.240981176,-0.055086282,-0.679731369,-0.502025972,-0.207712542,0.008045844,-0.201036381,-0.454100985,0.051327689,0.026893188,-0.220230202,-0.012123301,-0.321088787,-0.225462478,-0.280150173,0.160635945,-0.401608439,-0.167400854,-0.486931943,-0.421825495,0.734555624,-0.221646705,-0.395247906,-0.219747349,-0.103420729,-0.401305621,-0.022776971,0.269459868,-0.272223001,-0.046431726,-0.177558444,0.18873049,0.390578231,0.21306049,-0.060514253,-0.392674623,0.497783562,0.088268965,1.026057228,0.166809403,0.70196216,-0.202088603,0.260201413,-0.137893494,-0.614553468,0.389404877,1.259651765,0.089733782,-0.134241572,0.452679792,0.013688084,0.103480763,-0.410754406,0.066591055,-0.161966831,-0.6260462,-0.698174499,-0.606378105,-0.530632795,-0.25252262599999997,-0.146573266,-0.145115348,-0.81211221200000006,0.4703567,-0.263319814,0.058556587,-0.457956941,-0.457633064,1.090768973
PCSI_0822,1.696488776,0.501480628,-0.642817027,-0.206066089,0.247340957,-0.108048326,-0.342455311,0.447193036,0.089698371,0.473246241,-0.289198916,0.179472403,0.54951405,-0.339805405,1.752219728,0.159492488,0.128604213,-0.126875875,-0.580310693,1.642127503,-0.250462998,0.03093611,-0.112935222,0.226710453,-0.641912773,-0.821889041,1.27951259,0.301889087,-0.749945802,0.29860057,-0.392816268,1.037903948,-0.747182409,-0.180128101,1.583816514,0.858980482,0.683564538,-0.850249404,-0.496946192,1.674312961,0.60889754,0.281966876,2.038940112,0.141260904,1.357071997,0.342331698,1.25136374,1.182414487,0.203751401,1.206333986,0.324873586,0.943943594,1.651759807,-0.61047748,-0.410192346,-0.178695967,-0.404766105,0.826201257,0.721001759,0.110402401,-0.288193023,-0.300080347,0.192431078,0.369092327,-0.238895766,0.568002777,0.21141177,1.403033272,0.113766942,-0.086406874,1.267192812,1.414588478,1.281134325,0.034275206,0.908652281,0.267157173,0.96518978,1.321241048,-0.120980481,0.770777579,1.74668104,0.577424331,0.977912547,1.025224486,0.625159676,-0.546908762,-0.593185249,0.392335814,-0.018046626,0.572295618,0.818914143,1.671858363,1.675420325,-0.434503578,-0.044334962,-0.659301443,-0.475812624,-0.765538784,0.859701722,1.336584825
PCSI_0826,0.461280435,-0.188723232,0.297175121,-0.195524162,-0.390955468,-0.311558309,-0.645641166,-0.1673642,-0.653338633,-0.853183698,-0.553479549,-0.100249584,-0.008707369,-0.252326506,-0.281408183,0.015921669,1.328433185,-0.344722627,-0.509686851,0.912442485,-0.512473759,2.012118515,-0.289087039,1.232117287,-0.385383461,0.068060532000000007,0.642481376,-0.466167802,-0.450101188,-0.511627873,-0.088092702,1.095357834,-0.18328718,-0.175935776,-0.704449067,0.67757286,-0.005602997,-0.439924825,-0.314996844,0.773419378,0.540049183,0.103685136,-0.376692357,0.866507681,0.670843487,0.044278318,0.023367048,1.154501957,-0.228207688,-0.827782981,0.125926166,-0.654129827,0.140129002,0.285910935,-0.207301764,0.046323391,0.76189129,0.068155495,0.186329793,-0.263987063,-0.34133052,-0.275838159,0.081864154,0.156593208,0.21321225,-0.100025487,-0.247151926,0.597627213,0.130503847,-0.060497078,0.460757442,0.236015496,-0.444299968,-0.079615477,0.361148078,0.349775274,0.578861502,0.212125855,0.367096314,-0.134650734,0.510797313,1.024646481,0.476377206,0.302982886,0.61075968,-0.326216893,-0.264950544,-0.058095148,-0.333844187,0.019955115,-0.522848936,0.596638325,0.608569098,0.169254916,1.365774351,1.293492736,-0.27751124,-0.164763867,0.981195622,0.277247094
PCSI_0827,-0.011310461,2.056143408,-0.11479742,-0.22515076,-0.568931197,-0.328630212,-0.401582172,0.302707284,-0.415077198,-0.500509667,-0.528389374,-0.549863479,-0.006329865,-0.363141924,-0.707105848,0.230093352,-0.278060235,-0.644880161,0.286667979,-0.480902958,-0.592309176,-0.294212419,-0.300389845,-0.075022024,-0.676728329,-0.040808511,-0.461104317,-0.422738033,-0.624242258,0.509035025,-0.02198792,0.447544886,0.190862242,0.545578547,0.799369329,1.090097229,1.624532641,1.46000364,0.724588963,-0.479215781,0.406461632,1.046604496,0.332984033,0.4552412,-0.473749709,-0.201794622,-0.117167782,0.528018161,-0.44780252,0.115299041,1.256189069,-0.530067028,-0.28440582,0.297525981,1.271842589,-0.201594125,0.326384333,0.304157641,0.877403479,0.066380338,0.289701197,0.400917822,0.756030544,0.671018376,-0.06354405,-0.043538817,0.006383347,1.727786017,-0.046564255,0.616678166,0.597212114,0.468581046,0.332388746,0.37558696,0.549208184,0.946284007,0.144508903,0.659746777,-0.156086771,0.494316613,0.42783308,0.420109451,-0.079200663,0.418669466,-0.024301901,0.85423637,-0.603352011,-0.001947042,0.1799305,0.318711141,-0.483995389,0.63645348,0.636467072,0.667667786,-0.040323134,-0.855762398,1.727610503,1.080571733,-0.050707014,0.257707482
PCSI_0835,-0.809812627,-0.825538978,-0.271694619,-0.255614902,-1.043873987,-0.363045127,-0.661679289,-0.181211945,-0.676037786,-0.936250303,-0.671497102,-0.198791636,-1.215675271,-0.376863341,-0.779705248,1.172341145,-0.760112757,-0.878627122,-1.184078697,-0.427477413,-0.659832466,-1.304606685,-0.335482601,-2.047057785,-0.747905752,-0.212806076,-0.971331346,-1.071800578,-0.772043473,-0.612305467,1.286297924,-0.9831644,-0.315003148,-1.10494922,-0.952876803,-0.361831575,-0.862493651,-0.790981478,-0.306062816,-0.58588892,-1.066508587,-0.52491915,-0.540061288,-0.911661635,-0.800787696,-0.022429893,-1.13897753,-1.116692462,0.529034999,-1.406097664,-0.570364726,-1.729554461,-2.068711661,-0.176333353,-0.491718063,-0.284683721,-0.561928175,-1.051211346,-0.162554665,-0.729758068,-0.514489699,-0.349777603,-0.082711193,-0.211004901,-0.475384558,-0.724960523,-0.349341442,-0.848198301,0.571838455,-0.144436619,0.811935549,1.242850003,0.93687824,-0.400305703,-0.102329459,-1.082815328,1.489484344,0.669513211,-0.555860847,-0.642660254,0.282942279,-0.14948563,-0.508361448,-1.169940379,0.765613617,-0.779402859,-0.797005792,-1.280187521,-0.943698488,1.190074834,1.644674079,-1.339304905,-1.343934181,0.041164364,-0.614068302,-1.052805921,-0.556667839,-1.054234935,-1.785632409,-0.906612974
PCSI_0836,0.635421908,-0.533138195,-0.357621081,-0.208359413,1.525265527,-0.299117191,0.120269496,1.560313729,1.459362754,-0.405972822,-0.398665627,-0.763249266,0.153739352,-0.329004785,1.126524655,0.446702292,-0.28448979,-0.475689405,-0.642808767,0.182975548,-0.47051533,-0.054757497,0.487767989,0.680562153,-0.625883102,-0.681901867,-0.381214411,-0.080349051,-1.094547052,0.617507171,-0.417826069,0.028725001,-0.979804771,0.183465146,0.754249881,0.169943557,0.081231593,-0.962079801,-0.622563541,-0.46750928,0.056544747,0.185788086,1.072218487,0.321652831,0.190051494,0.215745368,1.153781913,-0.264874015,-0.433581116,1.105186917,0.261760925,1.58276882,1.319337898,-0.627999899,-0.409379536,-0.201624058,-0.30430003,0.055697894,0.425023561,1.067614818,-0.55116601,-0.315326244,0.078822769,0.14311534,-0.501274851,0.436005492,1.626361165,0.863286239,-0.235755545,-0.192841205,0.766869341,0.525186676,0.250923042,-0.350129305,0.886356877,0.020491984,0.690373382,1.333383497,-0.08554073,-0.051296929,1.426368363,0.364255473,-0.013654753,0.91517404,0.531492701,-0.586723092,-0.659801935,0.493980346,0.194793147,0.256766819,0.177123657,1.047535004,1.058605409,-0.785011138,-0.691609568,-0.580200788,-0.45893277,-0.236543741,1.220452715,2.075074784
PCSI_0841,0.655974282,0.098798346,0.089892796,-0.207373588,-0.969871008,-0.328133268,-0.361957123,1.681680167,-0.320041994,-0.800923546,-0.425686909,-0.18076058,-0.686215988,-0.310971036,-0.493663136,1.172341145,-0.165916783,-0.652162808,-0.968223247,-0.031900802,-0.456387696,-0.901042211,-0.294945093,0.127094639,-0.669457495,-0.633597548,-0.326970769,-0.760829641,-0.492796917,1.008651185,-0.086870835,-0.292504933,-0.173119284,0.066238961,-0.673173668,1.691356232,0.051515851,-0.619125,-0.682645888,-0.474601706,0.186462821,-0.209649926,-0.533121358,-0.461947935,-0.633771657,0.147925955,-1.064224828,-0.720985766,0.27858846,-0.487459375,2.036587205,-1.194651533,-1.318009367,-0.238787648,1.3265364609999999,0.025480553,-0.272092268,-0.065568075,1.888954247,0.152369845,2.065983308,1.312016072,2.13641568,1.101881405,1.346618678,0.02747488,1.116930249,0.211132224,0.10803355,1.295699751,1.003788513,0.775736877,0.643658982,2.01211669,1.526034659,-0.081073246,1.560819236,1.312954323,1.426808321,1.288377261,0.904516949,0.492370727,0.164022685,0.609347246,1.180917173,2.190261833,-0.36045363,-0.220703806,1.145399699,0.92832824,-0.519055157,0.488555114,0.497092052,-0.241805483,0.089300979,-0.976511683,1.727610503,-0.673889497,-0.411851376,-0.248620693
PCSI_0848,0.601048864,0.038735488,1.712112207,-0.190110449,-0.631608993,-0.278801448,-0.287270652,0.547144015,-0.263745408,-0.311219055,-0.355745043,-0.482156141,0.039330623,-0.339500698,-0.095825634,1.085825596,1.01594021,-0.266098039,2.011132272,-0.537475153,-0.500712644,1.425491887,-0.127388168,0.892184183,-0.617370908,0.740311661,1.007548592,0.944484747,0.60919103,0.067184769,0.290044178,1.59998863,1.823195913,1.452834714,0.722335215,0.451198207,0.434433342,-0.207209348,0.527485012,0.319562664,1.066627895,0.938795679,0.805756127,1.365985341,0.583806471,0.454879128,1.508847159,0.932797239,-0.308905454,1.64968839,1.264334193,0.338418257,1.610135407,1.17203762,-0.205278501,-0.159260171,1.449319019,0.646077409,0.836707011,1.076351084,-0.462011357,-0.265921925,0.247886937,0.201469752,0.110228919,0.658938987,0.204889197,0.983180744,0.355478109,-0.013373532,1.179407161,1.037143068,-0.191830989,0.315073348,1.398721872,2.060136265,1.013292477,1.241539892,0.866418519,0.329693811,0.508010998,0.979834697,0.751523281,1.528302859,0.942866923,-0.369318322,-0.420065991,0.712123056,0.00399,0.840837981,-0.45143535,0.78911392,0.803985102,1.916489699,-0.259682372,-0.333783118,-0.163600998,1.777472674,1.266187398,0.108528798
PCSI_0852,-0.193191803,-0.585589875,-0.523748465,-0.245486157,-0.762134128,-0.354507081,-0.762787385,-0.65983813,-0.651294726,-0.895632223,-0.774157502,0.516615801,-0.489162479,-0.353701414,-0.440441255,-0.344609977,-0.206489672,-0.685580714,0.509658525,-0.53945201,-0.693654937,-1.161979561,-0.315269111,-0.327523751,-0.67871625,-0.895393425,-0.650199965,-1.398866922,-1.115147359,1.0594950379999999,-0.35884889,-0.452430971,-1.089025892,-1.207108239,-1.123185714,-0.57540097,-0.654561035,-0.975903593,-1.176133109,1.346453818,-0.545780138,-0.486735125,-0.454126812,-0.723201378,-0.238417375,-0.239394999,-0.9196737,0.397759744,-0.803242384,-1.131870235,1.386060624,0.636808221,-0.518646498,-0.466710177,0.481375743,-0.209751425,-0.594050085,1.907455015,0.507771041,1.763451603,0.095854831,0.708779616,0.693971344,0.457502032,1.346618678,1.613436447,0.276739507,-0.528865937,0.571838455,0.438555773,0.309388975,1.21692667,1.321865906,0.480299929,-0.111169376,-0.335089943,0.06321968,-0.298076717,0.235573383,0.208203222,-0.238704385,0.895673713,1.24542344,-0.102498899,1.166450506,0.983183923,-0.706628945,0.563891299,1.327217911,-0.577518081,-0.893573514,1.671858363,1.675420325,-0.425729374,-0.474227272,0.352080488,0.215542162,-1.319182209,-0.78136439,-0.64674516
PCSI_0853,1.696488776,0.235534549,0.376029284,-0.212726952,-0.338595244,-0.312236743,-0.441873578,-0.542279014,-0.308320619,-0.175794928,-0.439947765,-0.302466184,0.166594885,-0.095866299,1.767039963,-0.174529665,0.046199337,-0.232904581,0.746744608,-0.561819149,-0.599648855,-0.470333987,-0.249512954,-0.052603208,-0.539671857,-0.54267999,0.377253142,-0.61208226,-0.512118226,0.487527262,-0.382907441,0.561932236,-0.535511608,0.098921554,1.832799077,0.248710489,0.477889623,0.170746947,0.216886196,2.117518374,0.068957326,0.065389259,0.920098155,0.208071323,0.478919341,0.466184113,0.833874135,1.568290046,-0.536393865,1.090295819,1.330152947,1.426515308,1.149639699,-0.414175648,1.307345505,-0.172496415,-0.194510984,0.564891281,0.580212695,0.039835622,-0.317981459,0.005578472,0.232648855,0.087095448,-0.001652916,0.379197507,1.626361165,0.070484342,0.163966135,0.947077883,0.423396498,-0.044071511,-0.094231283,-0.038989052,0.978690451,0.0986256,1.208963227,-0.171348088,0.092228977,1.003194939,0.246106167,0.830132629,0.417873992,-0.213973886,0.231237474,0.725274491,-0.494461855,0.778806387,0.694347775,0.123530326,0.33900543,1.671858363,1.675420325,-0.123665102,-0.469129101,-0.394346257,1.628978296,-0.92646817,0.14599936,-0.202296849
PCSI_0856,-0.329905987,-0.778005578,-0.599501829,-0.040091404,-0.830770252,-0.371471981,-0.921701063,-0.799888355,-0.623645387,-0.784226701,-0.727965434,-0.514553903,-0.790124922,-0.303895403,0.522224235,-0.503925193,-0.462521169,-0.734537284,-0.842080971,-0.595013886,-0.714308841,-0.50601203,-0.321158493,-0.144523324,-0.673701442,-0.244212479,-1.245496817,1.503985928,0.102152089,0.004052343,-0.267446334,-0.563962001,0.865257592,0.204049195,1.787893997,-0.811224933,-0.745362427,-0.029054482,-0.508766864,-0.948909313,-0.310367705,-0.491548303,0.771056171,-0.102118978,-0.908163202,0.134460577,1.508847159,-0.45108772,0.146152591,0.048971916,-0.454492015,0.760626086,0.091239893,-0.255736079,-0.402743799,-0.215511063,-0.544496228,0.180286102,-0.319695648,-0.445281347,-0.553231422,-0.338187531,-0.31283838,-0.533300241,-0.132771557,0.321699477,0.457464732,0.202356912,0.143603481,-0.292786529,-0.305214606,0.12799907,-0.122726013,-0.537015822,-0.219370604,-0.111814694,-0.175241431,-0.340999527,-0.092874116,-0.401219956,-0.135288432,-0.124738322,0.258793466,-0.321061236,-0.057553779,-0.650550689,-0.766086204,0.463410791,0.148795159,-0.807552584,0.36123408,0.573418639,0.584686762,0.005103063,-0.719394498,-0.952464217,-0.445750946,-0.217808456,0.50252979,-0.684810497
PCSI_0857,-1.295253711,-0.619417155,-0.937294645,-0.254717116,-1.04865765,-0.360887819,-0.856941019,-0.518135373,-0.538063052,-0.381214076,-0.749886074,-0.767593849,-0.821564084,-0.37587145,1.276158785,-0.407344022,-0.613200949,-0.690258695,-0.645911123,-0.58438332,-0.726745792,-0.027220619,-0.261921024,-0.140744986,-0.70045839,-0.136314123,-0.486111295,-0.162014194,0.175132255,0.018760186,-0.428187903,-1.092712586,-0.594258724,0.170072773,0.098994379,-0.510150779,-0.861000059,0.114549057,-0.282708659,0.208906103,-0.361187735,-0.529965861,0.90325128,-0.367823187,-0.553142182,-0.230266164,0.083928985,-0.263186518,-0.703697933,-0.107693443,-0.04896263,-0.483606353,-0.102185807,-0.503618895,-0.46622522,-0.288989622,-0.968208368,0.303946217,-0.56684534,0.668026287,-0.624217285,-0.333236833,-0.440242667,0.36606874,-0.556669749,0.129017598,-0.260988796,-0.800405316,-0.123919201,-0.331083032,-0.459711155,-0.236708875,0.326186898,-0.529565727,-0.714655165,-0.155080469,-0.827467245,-1.003449897,-0.556759321,-0.536067303,-1.025715963,-0.619852274,-0.370050549,-0.845710121,-0.472444181,-0.857227925,-0.813464136,-0.220602062,0.081631209,-0.988622086,0.734587559,-0.807343483,-0.817399485,-0.458276032,-0.586618758,-0.571434001,-0.519828808,0.558527774,-0.250601947,-1.17853679
PCSI_0858,0.811718694,0.353474269,0.364898116,0.086394322,-0.614647606,-0.326920392,-0.709476313,0.132036429,-0.200038126,-0.73159158,-0.673525351,0.269813279,-0.900576693,0.122279884,-0.526279835,-0.395727203,-0.50570038,-0.752866971,-1.010478388,-0.34810181,-0.683145899,-0.632664812,-0.127610069,-0.497756597,-0.70070108,0.148109338,-1.37060376,1.774889781,0.492008718,-0.517825163,0.764093769,-0.947685536,0.530674242,-0.025372495,-0.602858091,-1.02447322,-0.675208945,-0.701670157,-0.901489226,-1.153429565,-0.929581931,-0.603794632,-0.651264205,-0.452667626,-0.816798508,-0.480482212,-0.663462022,-1.297921819,0.824235858,-0.117978005,-0.486556082,-0.530900132,-0.511609363,0.094260603,-0.303647514,-0.251324147,-0.396687098,-0.169360278,-0.102437544,0.006157665,0.234862311,-0.268574174,-0.127678735,-0.396476565,0.31992171,-0.144989028,-0.452928741,-0.100906395,0.053862847,-0.320047364,-0.561564115,-0.178263201,0.560289023,-0.231143505,-0.294935039,-0.649816259,-0.488020852,-0.067496566,-0.21009641,-0.398031346,-0.411110907,-0.402229112,-0.11050548,-0.464048706,-0.38861483,-0.468852461,-0.693820008,-0.724150851,-0.299803975,1.277478272,-0.786418814,-0.712749238,-0.703837318,-0.26795492,-0.485815245,-0.844246904,-0.034109081,-0.195782281,-0.212751135,-0.184298933
PCSI_0859,-0.236468741,1.429283096,-0.094247723,-0.231012085,-0.576023312,-0.312928722,-0.513610357,-0.246842312,-0.356035294,-0.386404817,-0.619246499,-0.803539447,-0.347632316,-0.34219317,0.71367283,-0.359883144,-0.375771563,-0.587998762,0.577128401,-0.578688994,-0.669252357,0.076597006,0.381097998,-0.146522894,-0.668641147,-0.109185731,-0.034395412,1.833382503,1.975825672,-0.140683728,-0.193856114,-0.3767938,1.339104015,0.461642172,0.786515217,-0.210451786,-0.388500158,-0.102160257,-0.277217193,0.756601681,0.521111688,-0.032797727,0.527202765,0.497046487,0.067554565,0.054239956,1.508847159,0.083590932,-0.370840393,1.634869989,-0.531415762,1.724021275,0.910799983,-0.244440815,0.318040022,-0.249564197,-0.650799727,-0.130799083,0.84129573,0.389445539,-0.10463435,-0.206389463,0.290296109,-0.314417122,0.144139279,0.170107181,0.614270897,-0.337190519,-0.187597941,1.508350094,0.141978679,0.242506647,0.039567688,-0.117522268,0.057442155,-0.104749888,-0.110791382,-0.066819856,-0.297377983,-0.079863462,0.123195769,-0.013074009,-0.435559115,-0.172753148,-0.026811585,0.711386107,-0.586716948,-0.252195498,-0.0460773,-0.159449492,0.261792908,-0.207739065,-0.196179107,0.35434738,-0.532975813,-0.57726069,1.727610503,0.062636054,0.184565459,-0.14390099
PCSI_0860,0.345848424,-0.471282291,1.128326456,-0.143068207,-0.547544819,1.037610403,-0.008037308,0.692473985,0.410520238,0.10406563,-0.593567377,-0.309074687,-0.194144086,-0.359394324,-0.653624188,-0.195165596,0.185123511,-0.516760848,-0.09086858,-0.543134516,-0.546609368,-0.200519029,0.387302994,0.322154561,-0.699677406,-0.156246176,0.550658129,1.028821561,1.268509552,-0.560478252,-0.381738324,-0.177762293,-0.065488123,-0.30336496,-0.795432593,0.27431334,0.315372143,-0.650063765,-0.125696458,0.652805845,0.249953313,0.24684646700000001,-0.54485188,0.039085377,0.102984999,-0.332121326,-0.546985729,0.206506388,-0.567476475,-0.129929994,-0.49162895,-0.720001104,-0.254983506,-0.467784459,-0.360514616,-0.260809921,-0.508901186,-0.474677151,-0.436038477,-0.352591143,0.024897313,-0.310007497,-0.266403641,0.002074903,-0.245899756,-0.319472689,-0.606354726,-0.320355725,-0.337351183,-0.255335352,-0.328501323,-0.338671801,-0.286147705,-0.023258301,-0.605813546,-0.423073766,-0.491359206,-0.639539109,-0.448059811,-0.436356799,-0.518121641,-0.399652327,-0.5105107,-0.724938211,-0.251747282,-0.651624128,-0.700690459,-0.615682455,-0.640552737,1.372683303,-0.770578163,-0.51053351,-0.509764579,-0.651390048,-0.150486047,-0.704451369,-0.424927036,0.455779701,-0.120227243,0.099948236
PCSI_0861,-0.30258381,-0.748420426,-0.769500125,-0.233131964,-1.075775096,-0.406281293,-1.05460272,-0.593553474,-0.436659734,-0.873545585,-0.836173745,-0.23486461,-1.180415706,-0.37168843,-0.600939537,-0.422599798,-0.932162361,-0.881813014,-0.37025942,-0.59499639,-0.765046105,-0.940004068,-0.354475589,-1.376911191,-0.765423876,0.044840989,-0.76667417,-0.367688344,-0.323844922,-0.643183202,0.142274417,-0.764241802,-0.380476327,-1.341016839,-1.161588342,-0.624188057,-0.834209524,-0.660973517,-0.866433546,-0.92412153,-1.208910048,-0.70665619,-1.230044219,-0.969948778,-0.688722543,-0.654252476,-0.619026895,-0.045767855,0.415139711,-1.186866649,-0.64698069,-0.26141025,-0.947360185,-0.236517089,-0.461500479,-0.27865648,0.041620177,-0.705844522,-1.265663687,-0.787042125,-0.633484474,-0.359087481,-0.905314804,-0.586711673,-0.761065992,-0.691530593,-0.711486397,-1.040580824,-0.421944376,-0.51270777,-1.028732589,-0.796121247,-0.381600457,-0.888762995,-1.290791678,-1.233023358,-0.868977231,-1.295105021,0.245941965,-0.622019959,-1.00904204,-1.081012982,-0.264991813,-1.248447282,-0.825281741,1.38140509,-0.890499143,-1.191210251,-0.773970687,0.32446223,-0.667045716,-0.836769247,-0.846654504,-0.783297042,-0.782804158,0.31041856,-0.55340362,-0.448376834,-0.784505245,-1.079767246
PCSI_0863,0.359366083,-0.494309893,-0.268919142,-0.242515746,-0.705273742,-0.368936565,-0.865061455,-0.44489953,-0.581415833,-0.967554764,-0.768326219,1.401033103,-1.028788025,-0.381422159,-0.686689309,0.485556774,1.328433185,-0.62359389,1.37995558,-0.136503256,-0.719324819,-0.996492232,-0.329070364,-0.693274874,-0.727416958,1.665231342,-0.539541751,-0.870930143,-0.436459798,-0.53113644,0.169001606,-0.787276307,1.787214553,-0.734153927,-0.939496445,-0.376919637,-0.08008711,-0.046652927,0.10515248,-0.710888343,0.284741504,-0.475830441,-1.171685222,-0.646986415,-0.792576715,-0.101554433,-1.02314735,-0.398193549,1.883033987,-0.207502538,0.169319677,-1.042595967,-0.507908172,0.623610957,0.316644686,-0.115628265,1.363008188,-0.611771958,0.83183023,1.089224999,1.426743975,1.312016072,2.057205978,1.428207756,0.247638255,-0.01070831,-0.382852208,-0.214305602,0.102919268,1.519104686,0.350564489,0.640557208,0.665044737,2.018764532,-0.094413692,-0.776378851,0.382174391,0.145923039,-0.340989207,-0.215599276,0.073719023,-0.284496097,-0.421024115,-0.880479855,0.368711293,2.190261833,-0.221862753,-0.682267373,-0.052414283,-0.607998874,0.063504479,-0.045636138,-0.047060097,-0.060503568,-0.404086634,-0.755710556,1.727610503,-0.270416948,-0.928270274,-0.73966767
PCSI_0864,-0.159391372,2.056143408,-0.739493617,-0.227341954,-0.659083964,-0.328635249,-0.416064057,0.894857743,-0.520653542,0.360700291,-0.57078163,-0.545869374,-0.119237648,0.930131582,-0.340270827,-0.322718146,-0.316134103,-0.554689255,1.652969817,0.300149557,-0.526015194,0.054352813,-0.271309018,0.465541257,-0.532902513,-0.404880482,0.628074556,1.05838987,1.780814168,0.706403896,-0.304653515,0.370042282,0.411515731,0.023456716,-0.437358878,0.242273239,-0.004697166,-0.4976056,-0.735743819,1.099333801,0.278877207,0.149750464,-0.412271032,0.243411652,0.050148922,0.088105253,-0.064602954,0.135297869,1.860693875,1.087738799,-0.308158147,1.724021275,1.155995341,-0.436690373,-0.450939819,-0.107199233,-0.528523318,0.214281793,-0.057710524,0.174062328,0.007031684,-0.338303747,-0.1151603,-0.23071225,-0.334402881,0.228371743,-0.127499618,-0.132912576,0.306343705,-0.31827241,0.543208768,-0.047062918,-0.290115898,0.010304266,-0.127470989,-0.345344885,0.283936285,-0.276691834,-0.154727585,-0.108786209,0.461920488,-0.102751297,-0.034769698,0.17692776,0.343153317,-0.678806262,-0.627706305,-0.361502601,-0.096102682,0.304016532,-0.577117719,0.10733223,0.103298389,-0.251305256,0.295280818,0.856101293,-0.510868638,-0.155891618,-0.27565435,0.17310347
PCSI_0865,-0.17213604,2.056143408,0.862092596,-0.116973861,-0.765525871,-0.281893941,-0.320083001,0.106685058,-0.562212284,-0.561416325,-0.410013722,-0.226629749,0.511446837,-0.296054671,-0.395047923,-0.082475145,1.185790576,-0.378989301,-0.481081865,-0.253060019,-0.531269994,2.012118515,-0.251824953,1.511636694,-0.507047071,0.881486531,1.637895491,0.466698511,0.535971532,0.415115465,0.441299566,1.59998863,0.430066111,1.006642051,0.266938801,1.706638817,1.276485298,0.144979031,0.697471665,1.167790973,1.519607113,0.721244324,-0.544920641,1.588983518,0.843114454,0.594547677,0.83910442,1.840922516,-0.076541873,1.64968839,2.077674597,-0.128733755,1.663186062,1.293447049,0.325309336,-0.146713583,1.152650302,0.483180986,1.154571565,1.013731211,0.274375225,0.250544876,1.02668255,0.319588051,0.727813674,0.459716467,1.009410923,0.774742025,0.327267457,0.430313221,1.738848592,0.904026429,1.321865906,1.129371068,1.526034659,2.060136265,1.560819236,1.353150064,-0.043828068,0.285714323,1.74668104,1.222221811,0.790892584,1.169372965,1.774738558,0.67179444,-0.301895142,0.646157107,0.451107338,0.480915034,-0.567882215,1.671858363,1.675420325,1.916489699,0.103904613,1.91869734,0.327129337,1.777472674,1.587897791,-0.318487757
PCSI_0867,0.176119847,0.550456558,0.967555704,-0.09699601,-0.095351916,-0.323260493,-0.689051115,-0.265662682,-0.511964288,-0.518084914,-0.660078684,-0.82016357,-0.432979255,-0.280748912,-0.496773345,-0.286943126,0.075230183,-0.580615427,-0.266474623,0.361976342,-0.641458446,1.132711695,-0.264287285,0.351870542,-0.579534315,0.458023809,0.435864895,0.684765103,1.975447871,-0.192438833,-0.272405144,-0.317761892,0.469605498,0.005679901,-0.310985644,0.167453837,-0.273597286,-0.553942927,-0.598269994,0.119791605,0.408750126,-0.310151281,-0.671014231,1.209188244,-0.551668681,-0.073410861,-0.515895546,-0.176655493,0.030350466,0.123017729,0.027712482,0.5690801,0.072658162,0.228418005,-0.339709696,-0.234078476,-0.497361014,0.260422842,-0.018433117,0.129141269,-0.127445764,-0.251885336,0.155682947,-0.144866254,-0.243950478,0.33900725,0.532690016,-0.714738927,-0.278554791,-0.317544226,0.152470574,-0.034101548,-0.389258673,-0.304851497,-0.14527744,-0.159467992,-0.048963399,-0.390988629,-0.431070916,-0.382201669,-0.110553009,-0.328874065,-0.16807664,-0.275828455,0.039493572,-0.211102532,-0.598481006,-0.457840219,-0.101863722,-0.656278937,0.245958103,0.18467714,0.196881314,0.224729753,-0.395685846,1.399046508,-0.298137824,-0.530206929,0.083574623,0.062009486
PCSI_0869,0.411984397,0.020995203,-0.081860825,0.359495904,2.12922233,1.037610403,-0.196121066,0.453826311,-0.519384644,-0.614804266,-0.249965876,0.272694454,0.475669763,1.585678296,0.463712017,-0.4898641,0.616885534,-0.437438917,0.585496298,-0.155965951,-0.650299695,-0.52944069,-0.295197481,1.606254806,0.145089764,0.161311503,0.812384299,0.691751251,1.975825672,-0.088757696,0.597065163,-0.269023685,0.91785503,0.444564394,-0.401283077,0.639305287,-0.194873385,0.669672055,0.451739766,2.117518374,0.779834586,0.07229531,-0.783414509,0.816435437,-0.351469059,-7.34591e-4,0.075080136,-0.288152474,-0.166906286,-0.080777495,0.937738592,0.108942385,0.044206187,0.292114327,-0.434663976,-0.114084084,-0.200490278,-0.856767465,0.01875602,0.342251052,0.170077946,-0.310507022,0.002206382,-0.014590133,-0.137256673,-0.24684227,-0.587974547,0.153957499,-0.274419953,-0.277204203,0.27406992,-0.040278016,1.321865906,-0.084545963,-0.209633731,-0.717947953,0.781171334,0.119634374,-0.305882006,-0.253440309,1.256120873,0.164549377,-0.380809716,-0.122372377,0.589736762,-0.67829394,-0.444204028,-0.510805974,-0.546103017,0.228252639,-0.567727715,-0.683337923,-0.676459275,0.052509941,-0.288711761,-0.596629894,-0.453141804,0.780818469,0.203391688,2.075074784
PCSI_0870,-0.109366194,0.680884867,2.089243325,-0.034749666,-0.07854417,-0.302565667,-0.71072087,-0.19336,-0.50710264,-0.690926386,-0.424544401,0.253803265,0.087133531,-0.095050601,-0.642361218,-0.267675237,0.248687605,-0.611123813,1.374220567,-0.016827658,-0.572002994,-0.351197122,-0.281111773,1.423206185,-0.07779544,1.158695473,1.637895491,0.599734071,0.242424743,-0.531956297,0.348696271,0.660428592,0.87484037,-0.307855467,-0.898202291,1.619709256,1.301040356,0.464930486,0.557152797,-0.033859023,-0.070167686,-0.169783809,-0.804450183,0.555816555,-0.044240813,-0.114464133,-0.073495011,-0.329426662,0.154341136,-0.189367577,0.151612587,-1.022616773,-0.073529241,1.34878092,0.179693293,-0.118726412,1.449319019,-0.848146087,-0.242652956,0.127221412,-0.293431256,-0.081282398,-0.394006309,-0.576078971,0.111874695,-0.646377922,-0.696725329,-0.037983519,-0.223275529,-0.047109829,-0.19657428,-0.558701153,-0.373610035,-0.31598357,-0.214799767,-0.302705981,0.793728577,-0.124061612,0.363514332,0.080969976,-0.310600529,0.040981355,-0.232710563,-0.247539383,-0.447134119,0.153420812,-0.564166015,-0.453165519,-0.46632927,-0.432647301,-0.423326682,0.155267888,0.152889991,1.655279621,-0.498702818,-0.402668856,0.221803058,0.983962708,0.88054415,0.646802071
PCSI_0872,0.727428393,1.321715151,2.089243325,-0.138913062,-0.024197903,-0.300668161,-0.456601134,0.564665145,-0.395655273,-0.664303865,-0.346787266,-0.411110315,0.267489918,-0.345039186,-0.161257914,0.376196394,0.124523781,-0.452155755,0.375232889,-0.502004491,-0.559296085,-0.49500273,-0.275311061,1.292164831,-0.555998484,0.028894178,1.637895491,-0.663314638,-0.329263909,0.082419046,-0.13834503,1.129406404,0.404476241,0.605281355,-0.31601721,1.64556133,0.888160163,0.011998346,0.620265185,2.117518374,1.675263649,0.083177201,-0.804323906,1.588983518,0.179655185,0.530019192,-0.803652575,0.43536169,-0.268287235,1.346572656,0.2380996,-0.471489936,0.594784161,0.396439174,1.3265364609999999,-0.144613691,0.619862898,-0.38446433,1.888954247,0.787297296,2.065983308,1.312016072,2.13641568,1.765850936,1.346618678,-0.36103619,-0.078377396,0.700555607,0.114198123,1.519104686,0.871808265,0.908192779,-0.315909098,2.018764532,1.281343732,1.601088467,1.262439158,1.407843316,1.426808321,1.344545396,1.74668104,0.707660744,0.059404662,0.704491001,0.412273827,2.190261833,-0.222837978,0.601259457,1.108890406,0.22334268,-0.489631383,1.555173679,1.566685542,1.916489699,0.791812626,-0.633922949,1.727610503,0.892354499,1.350957519,0.911280577
PCSI_0873,0.324569257,0.240385835,0.404346966,-0.118079895,-0.266285727,-0.212557838,-0.76046475,-0.340131419,-0.575565652,-0.773137305,-0.656871212,0.846871041,-0.909324577,-0.099655393,-0.109115382,0.028773581,-0.408044837,-0.730811704,0.435811953,-0.177769011,-0.688291202,-0.111276112,-0.311416125,-0.136590244,-0.657405628,0.206646349,-0.382502946,0.947793358,1.729030094,0.006075313,1.252680965,-0.760593439,-0.298858782,0.297832169,-0.632847066,0.791569267,-0.329895054,-0.393106118,-0.283021991,-0.185038711,-0.313572433,-0.321700748,0.104882827,-0.292332674,-0.243277512,-0.410493348,0.029267429,-0.981790374,0.603284526,-0.479320826,-0.468476854,-0.088646346,-0.679180338,-0.056541074,-0.442943101,-0.249551124,-0.390977579,-0.927987719,-0.804578832,-0.360457959,-0.542328678,-0.362345839,-0.758706823,-0.686793644,-0.518962763,-0.669284212,-0.111986915,-0.317676921,-0.371142073,-0.479274021,-0.561120387,-0.65445094,-0.218496026,-0.717581558,-0.425712998,-0.60172236,0.64831284,-0.530561531,-0.439647117,-0.396232209,-0.443578925,-0.640680401,0.071496602,-0.781554744,-0.335851004,-0.687984795,-0.722229361,-1.025156834,-0.714466767,1.144888252,0.453516903,-0.886078496,-0.879564222,-0.815177504,-0.58313539,0.350153717,-0.538258997,-0.898596808,-0.48350801,0.258212802
PCSI_0875,-0.264894092,0.632540521,0.426861718,-0.080204491,-0.709616164,-0.316968842,-0.543160601,-0.185158136,-0.641665504,-0.777145515,-0.531918894,-0.472220028,0.015954017,1.620662854,-0.056599844,-0.440120632,0.609939138,-0.563763614,0.283056697,-0.5548453,-0.63927759,2.012118515,-0.290060076,0.540603949,-0.412577018,1.138700604,1.637895491,1.82698086,1.583583013,0.52633522,1.286297924,1.218878789,1.040825772,1.141250568,-0.032825144,0.798290182,-0.179477444,-0.436796633,0.659717828,0.1273947,0.672424729,0.360079218,-0.448531229,1.588983518,0.386744068,0.184591765,-0.324264321,0.916248135,-0.29059558,0.983287593,0.381211151,-0.643350634,1.263361463,1.34878092,0.47739119,0.069926358,1.449319019,0.787743155,0.835355176,0.818780953,-0.291858437,0.062122947,0.830504719,0.12970542,0.264096802,0.290890355,-0.254141229,0.134808631,-0.09741856,0.051187044,1.154027018,0.637395562,-0.163158561,0.334431796,0.949645577,2.060136265,0.883079812,0.793634075,-0.099240712,0.059586817,0.16328909,0.313683615,0.804475477,0.88801037,0.715984708,-0.040779548,-0.459160196,-0.416472988,0.118308816,-0.450668907,-0.737919941,0.596256017,0.592722539,1.916489699,-0.428928497,0.432520425,0.247355089,1.302777986,1.587897791,-0.199693575
PCSI_0877,0.183775161,-0.566916827,0.883691059,-0.17041099,-0.372537483,-0.325525323,-0.665127159,0.238992104,-0.389465929,-0.63077066,-0.689064862,0.169636321,-0.518760723,1.620662854,0.168653724,-0.389144954,0.484300347,-0.629694682,-0.743153217,0.026611987,-0.687657002,0.092622119,-0.306018755,1.606254806,-0.199534365,-0.307566855,-0.506965389,-0.343557286,0.550015543,-0.278125386,0.134671698,-0.402802785,-0.042321059,-0.070112758,-0.759494427,-0.199895954,-0.604439917,-0.307880332,-0.566353856,-0.876173454,-0.154845015,-0.41974333,-1.064954018,0.003446884,-0.600721843,-0.552637923,-0.419297038,-1.198860702,-0.27559994,0.106937346,0.193080709,1.691129024,-0.169956767,0.175841024,-0.456867781,0.053488263,-0.227782053,-0.603263668,-0.730029559,-0.787735896,-0.11425611,-0.349340308,-0.588635882,-0.649184154,-0.422424434,-0.279774011,-0.665040561,-0.460599913,-0.162753257,-0.387234984,-0.78445882,-0.542839385,-0.52235686,-0.273971566,-0.482900586,-0.36245097,0.261028589,-0.499297529,-0.05971032,-0.491545044,-0.438215347,-0.526779834,0.128650858,-0.721807368,-0.571657347,-0.653242709,-0.726865736,-0.60110536,-0.566902719,-0.137600703,-0.612758609,-0.687588242,-0.683447844,-0.384830454,-0.271604816,0.883621795,-0.491625257,0.034451262,-0.458118577,0.41685797
PCSI_0879,1.090988741,-0.426554685,-0.643189353,-0.226478462,-0.633412471,-0.334917155,-0.531208915,-0.509435666,-0.042531096,0.067781985,-0.660751881,-0.335035423,-0.360691182,-0.352523121,0.65406564,-0.294228672,-0.452673461,-0.40129692,-0.399281547,-0.499476405,-0.550542394,0.157886749,-0.233122069,-0.798151202,-0.647032087,-0.01524959,0.158512092,1.476789768,0.799816358,0.296564007,-0.333213948,-0.005543746,-0.299825921,1.357339522,1.825086907,0.218251767,-0.361102827,0.303424219,0.336042107,1.835237434,1.032306661,-0.105215622,1.726470472,0.435227868,0.120094604,0.495717182,0.559780291,0.569644741,1.883033987,0.644859984,0.242122104,-0.0373726,1.24251479,-0.10480547,-0.432774259,-0.194590363,-0.497434152,1.066491615,0.273234928,1.15666572,-0.524642054,-0.325140572,0.392578577,0.707593433,-0.079392466,1.058959028,0.683550243,0.218466518,0.300996505,-0.213795591,1.293787198,0.736356398,-0.118469577,-0.240248267,0.33817084,0.520178759,0.479456641,0.07865245,1.426808321,0.351834462,0.649580368,0.589496509,0.608181519,0.454730042,0.889875662,-0.625917007,-0.678441416,0.686778752,1.164436568,-0.174343068,-0.058115987,1.25872348,1.266687635,-0.459668024,-0.163699733,-0.575760249,-0.465052034,-0.831647095,0.216913742,-0.450081652
PCSI_0880,1.582682142,0.819336224,-0.665307393,-0.24069826,-1.0590131250000001,1.037610403,1.015369704,0.956362027,0.389647747,-0.829812462,-0.664654341,0.285846309,-0.984235796,-0.328986923,-0.687273481,-0.463426057,-0.990486302,-0.574211334,-0.732091524,-0.59201202,-0.588956299,-1.211121594,0.553994848,-0.530900642,-0.701939354,-0.604677441,-1.471043724,-1.036576784,-0.386809256,-0.281186341,-0.385501791,-1.510417781,-0.340840366,-1.171361873,-1.270876095,-1.172442697,-0.524265294,-0.782145115,-1.301530434,-0.614956703,-1.00645795,-0.678829897,-0.165879085,-0.507203834,1.357071997,0.831326101,-0.426501605,-0.165794401,1.883033987,-1.720149006,0.717104831,-1.429623026,-1.891262662,-0.505437277,-0.475887736,-0.281549335,-1.02094242,-0.700180506,-0.473585391,-0.282588729,0.507293598,-0.328325167,-0.425938281,-0.300762266,-0.132836008,-0.848679904,-0.686262151,1.727786017,-0.193057004,-0.480569088,-0.629120611,-0.839291493,-0.511723504,0.702595583,0.111860085,1.758125231,-0.637253353,-0.376063693,-0.498241243,-0.528430749,-0.857789124,-1.071935632,-0.736481965,-1.074103014,-0.998658681,-0.74733991,0.358616565,-0.273688236,-0.867607248,-0.126283823,-0.05917483,-0.894611472,-0.892753179,-0.796579033,-0.373600718,-0.993406348,-0.53540449,-0.990723178,-1.372187029,-0.7251634
PCSI_0882,0.611092482,0.377738226,0.597306725,-0.060711914,0.037737693,-0.249367129,2.128119917,1.681680167,1.459362754,1.077344516,-0.003847699,-0.132274889,0.757898585,0.02734721,-0.357373357,1.09639105,0.258052634,-0.21307946,1.827876618,-0.056225377,-0.429237898,0.630678479,0.553994848,1.43543758,-0.604094733,-0.17466411,0.312853252,-0.73446379,-0.70313101,0.197877158,0.277504681,1.044995759,-0.319884541,0.959362791,0.053813794,1.262492836,1.624532641,0.604167608,0.886281627,1.173776198,1.68873138,0.779966072,-0.927338375,1.169441056,0.334020581,0.618691183,-0.281224059,1.231040938,0.132608271,1.030502415,1.586994294,-0.566648327,0.84651826,0.655827065,0.639449102,-0.169387257,0.600642593,-0.303500364,1.706383618,1.849408802,1.69430764,0.052181168,1.728280393,0.789827665,0.654230473,1.070407912,0.158814416,1.727786017,0.04623708,0.528413739,1.761784709,1.568456548,0.014552094,1.280458965,0.952930785,-0.575646021,1.560819236,1.511057418,0.253089116,0.359894102,1.74668104,1.272104203,1.24542344,1.048082166,1.451034685,0.690613766,-0.288108236,1.327789191,0.006692901,0.888279789,-0.336924514,1.101836607,1.109272306,0.61195765,1.365774351,1.12003924,0.859292409,0.616920609,-0.49802453,1.528060964
PCSI_0888,0.515565862,-0.046216621,-0.010278982,-0.201291231,-0.535686396,-0.2342702,-0.018560397,1.681680167,1.400328917,0.680657922,-0.336633551,-0.60956756,-0.130977282,-0.325412779,-0.059336949,-0.277091633,-0.254564096,-0.395432443,2.01321235,-0.487687168,-0.562534935,0.34182924,0.553994848,-0.006066726,-0.684654217,-0.419297758,1.091397051,0.540316109,0.825587186,0.633009665,-0.357971477,0.217353522,-0.03550236,1.537870092,1.624780039,0.630082513,0.83457392,-0.241308061,0.432365141,1.107280801,1.63143034,0.618810393,-0.109736876,1.318455655,1.357071997,0.831326101,1.508847159,0.785074654,-0.056172125,1.64968839,2.077674597,1.724021275,1.663186062,-0.543657135,-0.420365485,-0.219888513,-0.372256449,0.134401714,0.592831585,0.724570022,0.544666833,-0.30168208,0.394065827,0.108140777,-0.157230497,0.366314591,-0.149039014,0.926355373,-0.045043065,-0.11318901,1.29512798,0.922011759,0.269983181,0.143270552,0.150100216,-0.519202761,0.591906733,0.713458189,-0.341583287,-0.022888193,1.547799988,0.316178204,0.257316123,0.376483699,0.463100232,-0.585880398,-0.498101507,0.274897987,-0.247637514,1.70698274,-0.377278492,0.084127609,0.100404624,-0.250882764,0.494922395,-0.330710872,-0.434245595,0.31722578,0.835821332,0.317853937
PCSI_0889,0.455579251,-0.345065381,0.175977726,-0.221449474,-0.145201573,0.338929626,-0.62417966,-0.345470908,-0.564780484,-0.360031402,-0.283246327,-0.116523076,-0.163146631,-0.373624679,-0.16586994,-0.345654993,-0.366692896,-0.5863887,-0.063256082,-0.390043374,-0.64583666,2.01008e-4,-0.269493097,0.180776411,-0.677946983,0.546126254,1.207311508,1.152626539,1.975825672,0.368573588,-0.266287764,-0.288841039,0.649000865,1.28833571,0.782171838,1.085966151,-0.392662974,0.018434849,-0.037968931,1.30012894,0.903649377,-0.168457433,0.372963048,1.037325746,-0.002406078,0.630814062,0.66395617,0.03359366,-0.262808843,0.947778993,-0.065935018,0.120854185,0.88587844,0.538870687,-0.327326889,-0.225246136,-0.269269887,0.35797083,0.273874747,1.831807412,-0.403392216,-0.252217073,0.080678129,-0.378448555,0.387763921,0.26217152,0.158849656,-0.102981112,-0.043304603,0.194967487,0.442750251,0.717349817,1.321865906,-0.297005791,0.046911095,-0.463286406,0.431620567,0.04504523,-0.113072213,-0.25141743,0.467849557,0.046588772,0.410603823,-0.221727034,0.565291488,0.124642078,-0.641723489,0.4001527,-0.003285705,-0.355567788,-0.047225755,-0.019784337,-0.011600861,0.012915655,-0.391977818,-0.250790755,-0.147392672,-0.167945377,0.979717794,0.210411394
PCSI_0890,-0.322845276,-0.614501738,0.949205104,-0.21918374,-0.35414094,-0.369853451,-0.766770321,0.205559617,0.303818232,-0.693344849,-0.642991561,0.819717482,-1.006567643,-0.323715765,-0.702102483,-0.297152811,0.444709337,-0.576098968,0.044820629,0.069584895,-0.633605751,-0.87588333,-0.152834305,-0.871772526,-0.728701629,-0.523402619,-0.328804901,-0.102920471,-0.361762113,0.069944837,-0.341051831,-0.097633555,-0.243105819,-0.527715385,0.041282673,-0.121568525,-0.339790295,-0.29202146,-0.5424456,-0.121259721,-0.066977651,1.046604496,0.228937276,-0.868376136,0.279189859,-0.165164086,-0.198636175,-0.806727362,0.589051482,-0.00692977,-0.383354572,0.547901956,-0.060135501,-0.573485468,-0.087117568,-0.244233306,-0.761205168,-0.102763397,-0.464014508,-0.833213979,-0.46166861,-0.191818701,-0.518215428,-0.294509036,-0.201050816,0.155691437,-0.170620898,-0.239363898,-0.158235038,-0.312854134,-0.419417723,0.407533147,-0.06465524,-0.564529914,-0.253676112,-0.377466548,-0.711623063,-0.224526531,0.557138306,-0.322861631,-0.688090997,-0.805110205,-0.201042207,-0.435170562,-0.610980233,-0.419001216,-0.723017642,-0.418570746,-0.341395511,-0.055599976,0.115617691,-0.055737997,-0.06132448,-0.812621295,-0.72960746,-0.763539417,-0.266852221,0.670097168,-0.285503083,-0.04010019
PCSI_0894,1.140287809,-0.251194336,-0.665428199,-0.211697559,-0.275878222,-0.23821053,-0.279345179,-0.610230725,-0.537361639,-0.120760326,-0.150959527,0.993769884,0.462956116,-0.328777543,1.355780504,-0.446383445,0.259969449,-0.019356424,-0.138627568,-0.516036118,-0.240855705,-0.005737265,-0.211838268,-0.06884251,-0.362622817,0.199907341,-0.097044039,0.681170421,-0.525938771,0.135546191,-0.319057994,0.915470129,-0.047027252,0.658374566,0.747916037,0.009532416,-0.211175774,0.109232909,0.527701281,0.394157603,0.19349437,0.560353136,2.038940112,0.353258075,0.49899288,0.1306211,1.508847159,0.435162038,0.22015085,0.779419603,-0.006285545,0.353985027,1.006645639,0.009959284,-0.470339198,-0.212696696,0.271947869,0.490787298,-0.161047704,0.244671298,-0.552849428,-0.391556618,-0.626486122,-1.052743528,-0.299708749,-0.12412344,0.817961309,0.810344533,-0.143113556,-0.300660172,0.176723417,0.390836317,0.588769791,-0.282420162,0.8092374,1.232082298,0.309867533,0.67099298,0.281933898,1.344545396,0.455911589,0.725738276,0.503836574,0.721174625,0.2777868,-0.503201244,-0.178659496,0.779466108,-0.147423628,0.674871111,0.719460431,0.397713396,0.40442002,0.185920085,-0.591726929,0.090484012,-0.462581361,1.136489647,1.187720855,0.486599794
PCSI_0895,0.157286773,-0.24121339,0.973630153,-0.174200588,1.087161214,-0.108975229,0.113594988,0.926863476,1.199957432,0.172880258,0.117927677,-0.254580884,1.213960324,-0.266566684,2.129859396,0.680467563,-0.075589311,0.159164229,0.021905175,-0.266246083,0.064302711,-0.867893865,0.165845907,-0.155806153,-0.056999369,-0.751673516,0.159570129,-0.810900841,-0.88780176,-0.252001359,-0.401220891,0.221903014,-0.540008996,0.043560926,-0.423605562,0.745388501,0.100097992,-0.497574771,0.063221895,0.38005042,0.072301693,0.030560702,0.451901407,-0.0324966,0.889887225,0.345477467,1.008907448,1.840922516,-0.639322556,0.173805104,-0.426809072,-0.155235057,-0.152537009,-0.573848179,1.3265364609999999,-0.185808406,0.005411452,-0.139636669,1.52751576,0.044269612,2.065983308,1.312016072,1.181708748,0.319317899,0.716532282,-0.139839683,0.557158566,0.509323658,0.341025346,0.469884171,0.327523804,-0.048002249,-0.390095742,0.760085933,0.447815925,-0.468048381,0.221423858,0.582011484,0.080519882,1.344545396,0.561405322,0.516594714,-0.022394409,0.9156042,0.194882639,2.050459314,0.158581049,0.163883994,0.677196978,0.0516504,1.343495893,0.945825338,0.952452419,-0.257499383,-0.014886023,-0.670629061,1.727610503,-0.273104796,0.551525926,2.075074784
PCSI_0896,0.252792739,-0.37252459,0.67391106,0.042651544,0.548462328,-0.262106389,-0.288257856,0.997020194,-0.252956812,-0.434674508,-0.143607756,0.508125224,0.09869385,-0.16464018,-0.600801121,-0.106732055,0.078670997,-0.299297205,0.390696673,1.311209504,-0.2187309,0.250642333,-0.221250324,0.310613831,-0.319634593,0.265671182,0.947957228,-0.062974072,-0.251526175,-0.649100094,1.06281179,0.74322732,0.874848489,0.520582051,-0.366702137,1.706638817,-0.22483277,-0.311327796,0.321956708,-0.156305425,0.492497104,-0.044600952,-0.649132401,-0.262440153,0.273204162,-0.083190655,-0.389094011,0.039959167,0.011026215,0.069121141,-0.366281722,-0.319745287,0.227598638,0.317078001,0.088849095,-0.179285577,0.779834169,-0.958027591,-0.32784328,-0.371395265,1.198596556,0.063620692,-0.193376047,-0.51461468,-0.553186787,-0.723841263,-0.679133434,-0.135392137,-0.16646644,-0.318912562,-0.534409075,-0.728734021,-0.438277383,0.721773139,0.13732658,0.536503169,0.06731571,-0.070241331,-0.417734463,-0.024052834,-0.31813669,-0.210398119,-0.511815308,0.246265896,-0.45851962,0.404103957,-0.135242544,-0.62747754,-0.47240127,0.591199898,-0.36053538,0.207003984,0.214914539,0.313496128,-0.082438471,0.558492035,0.230791926,0.158888446,-0.065004489,1.549955462
PCSI_0898,0.14476646,-0.591408887,-0.335156805,-0.210387618,0.025525465,-0.238725194,-0.198563088,-0.524867267,-0.363905222,-0.214551131,-0.025913309,-0.486616255,-0.281521436,-0.312467284,1.662529193,-0.207935339,-0.553233907,-0.01707144,-0.724235848,-0.4889333,0.046635308,-0.514112702,-0.20594314,-0.630111781,0.024675174,-0.395640476,0.181703742,0.595801832,-0.688309599,-0.654115891,-0.425826823,-0.86865796,0.348788171,-0.195760276,1.540994832,-0.392215413,-0.660356943,1.568791733,0.953822036,-0.470104585,-0.558686589,-0.384393791,0.669232929,-0.479100482,-0.392420655,-0.083725464,1.016049448,-0.47179222,0.107822447,-0.010918138,-0.377417444,0.014143165,0.119555837,-0.546965604,-0.156816254,-0.249539275,-0.682710315,-0.351956819,-0.338706475,-0.756230748,-0.205483065,-0.139187888,-0.682796598,-0.937525166,-0.203576366,-0.49842609,0.151267933,0.072397605,-0.172724373,-0.1673257,-0.760691115,-0.456561777,0.033899221,-0.294343287,-0.444696739,0.021167403,-0.538068539,0.186329814,-0.163377655,-0.265709767,-0.553024487,-0.268113071,-0.506748347,0.015306257,-0.390021701,-0.024015109,0.077082078,-0.299842286,-0.098784299,-1.132818043,1.066086564,-0.401892062,-0.403561558,-0.226334396,-0.409007024,-0.459770226,0.063807056,-0.176101557,0.194713775,-0.190258421
PCSI_0899,0.225302644,-0.100716442,-0.462355516,0.076240685,2.12922233,0.027526509,1.307180465,-0.66356827,0.158280232,0.965872618,1.801531889,1.417399097,1.284259933,1.620662854,0.054836157,1.172341145,0.955426041,1.517841898,1.173904742,0.194278889,1.669661436,0.594552443,0.086926912,1.551893704,1.856883385,1.665231342,-0.530831205,-0.438154506,-0.412388394,0.767918367,-0.174682964,0.83938273,0.383812114,0.732957858,-0.06011416,1.166676221,0.962941227,0.577476449,1.125468896,1.243162008,0.533170847,0.386224928,2.033603978,0.480067528,0.516778993,0.405620391,-0.06919826,0.65747851,1.883033987,0.309359235,0.858069005,-1.086416388,-0.417795934,0.918699085,1.063830426,-0.146027246,1.449319019,0.092146964,0.75796383,1.109171207,0.348336814,0.583279565,0.52204124,-0.216782686,0.523984097,0.027614989,0.879729241,0.298589208,-0.220347364,-0.037691064,0.506637556,0.763770171,0.656876827,0.15262514,0.725128371,0.455187198,1.172519469,1.107923379,-0.130968053,0.270598882,1.0314366,1.121136099,0.237576632,0.450381089,1.813636345,0.798307043,1.989246551,0.983543729,0.754953682,-0.761956551,0.439656095,0.575409975,0.574995109,0.404051099,0.991690171,0.229721502,1.012653172,-0.658240118,0.028853717,1.695482469
PCSI_0901,-0.639211614,-0.416608694,2.089243325,-0.038950378,1.266093226,0.175402176,2.117195099,-0.66604864,0.551565349,1.697250521,2.184444422,0.630678448,1.171020873,-0.026768085,-0.529154665,-0.260452585,0.034894201,2.219484066,0.277890476,0.095797508,2.074047244,0.052137838,0.232596267,0.520722245,2.369311153,1.02128093,1.239084475,0.9439945,0.469925214,-0.583342353,-0.270409191,0.233130331,0.417979767,0.064444797,-0.7699423,0.183596696,-0.376176492,-0.259319174,0.166405292,-0.680782225,-0.340511909,0.268717896,-0.702178705,0.313521364,-0.272478689,-0.477943241,-0.179433159,-0.278060554,0.918539743,-0.003784961,-0.421103633,-0.92533507,-0.014761271,0.91108617,-0.4348157,-0.218584549,0.792030208,-0.385353103,-0.808594369,-0.531684195,-0.450962308,-0.36377761,-1.026706834,-1.112910766,-0.427483309,-0.896035893,-0.847696531,-0.84497352,-0.361804819,-0.55514447200000006,-1.079454408,-0.953336265,-0.479615857,-0.025038944,0.147616594,2.056554454,-0.449553758,-0.436902103,-0.460725817,-0.509185436,-0.913516039,-0.564939634,-0.527032902,-0.63599894,-0.869407404,-0.668343218,2.365754637,0.504976612,-0.277369232,0.303664667,-0.078507063,-1.122238363,-1.118524508,1.916489699,0.375459822,0.606334412,-0.365254335,1.259672436,0.81281637,-0.643850168
PCSI_0903,0.026722864,-0.511468032,2.082223704,-0.063180375,2.12922233,0.106969847,1.511068481,-0.250997968,0.413467833,1.7713122,2.08683844,0.47088084,1.552518388,0.046274555,-0.482670065,0.616009594,0.673146055,2.045452309,0.998730658,-0.1231608,1.985994077,-0.099421816,0.184690361,0.858875899,2.369311153,0.07990895,1.637895491,-0.147147355,-0.222477175,-0.832446208,-0.341288344,1.251238232,0.364186669,-0.271679994,-0.558906559,1.017264601,0.022420901,0.29728779,0.38225204,0.682249321,-0.064264579,0.409738607,-0.628188884,0.225517606,1.357071997,0.379338549,0.521409235,0.681040057,0.214772789,-0.244775522,-0.534140118,-0.304970685,-0.042424293,-0.021957744,-0.443973451,-0.216018916,0.329915037,0.169074174,-0.325557562,-0.313843816,-0.582763797,-0.355317091,-0.657361882,-0.800190097,0.62714634,-0.202951259,-0.43616374,0.336945236,-0.141320518,-0.395380246,-0.134238786,-0.388539207,-0.499881034,-0.607481447,-0.104221386,-0.052796264,-0.087410367,0.040951028,1.200048641,-0.209612805,-0.451475197,0.387823796,-0.491331048,0.138872169,0.143286237,-0.680087135,2.327938754,0.978428672,0.116222068,-0.434614102,-0.176452567,-0.120742001,-0.111096002,1.533633456,0.655092171,0.325749783,-0.384786393,-0.025535174,0.367585418,0.725415245
PCSI_0904,0.688552586,-0.301635538,-0.229690437,0.014396452,1.283327878,0.083877988,1.635179131,-0.152826131,0.589812699,1.514094659,1.934778649,1.354500451,1.564472211,1.068590789,0.460656767,-0.117771042,0.80965143,2.019947345,0.554894054,0.537783314,2.000612759,-0.219132541,0.16153631,-0.398247052,1.855497842,-0.429332858,-0.165741485,-0.241965388,-0.961555125,0.38950051,-0.235864436,0.389196079,-0.309075997,-0.133282034,0.031919581,-0.040033088,-0.30012886,-0.420313094,-0.253263348,-0.037938224,-0.334012006,0.277691273,0.623072111,-0.077394844,0.160310285,0.002748121,-0.103126774,0.127346146,0.280053502,-0.647361048,1.165843317,0.028108827,-0.326858675,-0.327572181,-0.060533704,-0.167878051,0.110924971,1.246861349,0.038525517,-0.260769314,-0.506380544,-0.138174878,-0.216360761,-1.009414391,0.679241712,0.385580137,1.387443394,0.488817355,0.165747657,-0.201990914,0.078217126,0.161895614,-0.252365231,-0.33314063,1.001180515,0.890696252,0.160968195,0.463110602,-0.040728287,0.327992277,0.039188035,0.862245146,0.775202514,-0.027026123,0.626333987,-0.003736481,2.267240757,1.627354806,1.104890397,-0.685297531,0.089799917,1.26724415,1.277749395,0.353887056,0.295982228,1.069327374,0.141085477,-0.817717958,0.432037934,0.45770296
PCSI_0905,0.221052723,-0.710364761,-0.628099435,-0.144768813,1.123430419,-0.01791123,1.070806524,-0.122988535,0.29476415500000003,1.151586397,1.377569156,0.804172659,1.125809519,-0.118070157,-0.266988151,-0.075271738,0.162359931,1.351172018,0.179499527,-0.194404691,1.425111153,-0.003732318,0.061571491,0.183493521,1.915043194,-0.447760693,0.133487346,0.43868062,-0.16109285,-0.029660019,-0.138600222,-0.133670497,0.431166982,-0.193432776,0.693514344,1.483093572,1.133250248,-0.862861057,-0.750939008,-0.185597378,-0.407672026,-0.175888342,-0.116938998,-0.080619112,-0.088202102,0.077987119,-0.206691296,-0.446030974,-0.567983245,0.3244418,-0.70506919,1.332079591,0.306473925,-0.535419106,-0.463926138,-0.24668718,-0.504593321,0.183138815,-0.526065451,0.136400517,-0.568582185,-0.387639678,-0.865792685,-1.398178286,-0.247031756,-0.46695865,-0.648682468,-0.112269456,-0.202512514,-0.471273687,-0.338777965,-0.407372242,-0.422864892,-0.956288995,-0.608298545,-0.886653901,-0.169326658,-0.290685055,-0.405463519,-0.341187292,-0.62165096,0.166394699,0.100753691,-0.535663179,-0.136910776,-0.630957251,1.513099708,0.763438344,0.187316956,-0.555803571,-0.018567436,-0.548213707,-0.54486418,0.137980296,0.082245239,0.365946846,-0.423004995,-0.93768777,0.151787924,0.254575382
PCSI_0907,0.055399976,-0.395782965,-0.830968625,-0.160172646,0.656658841,-0.04594461,0.964882415,0.71904565,0.33050165,1.132853742,1.069346154,0.138154568,1.414868184,0.290292324,1.446612632,0.334976098,0.55117868,1.348880128,0.757243451,-0.163586823,1.09973798,-0.499712028,0.023881973,-0.314001435,0.993596791,-0.482893562,0.285542422,-0.837640109,-0.804652257,0.324701076,0.055399038,1.023489496,-0.303150209,-0.456431852,-0.479178066,0.113349364,-0.287889992,-0.181451559,-0.217786631,0.173440648,-0.026571068,0.184637241,-0.236169358,0.126302182,0.451482231,0.033699698,0.15559051,1.03427053,-0.166046865,0.490594037,0.228007817,-0.178534686,0.874989252,-0.149180978,0.47874885,-0.183694368,0.052507888,0.478632872,0.202174938,0.646855628,0.031279971,0.06417106,-0.058333301,-0.739233026,0.18947039,0.389836233,-0.428868802,0.241460105,0.0425552,-0.216598033,0.597858956,-0.291349134,0.098131467,-0.376359855,0.046135609,-0.311437909,0.336791824,0.186764124,-0.344619387,0.442813892,0.626292185,1.583800571,1.242818668,0.113812947,0.241614335,0.248963944,1.93365328,1.34312204,0.528111463,-0.510278172,0.032186641,0.877245985,0.8848903,0.955016091,0.740066256,1.524096326,0.120913926,-0.898131146,-0.35455002,0.36038875
PCSI_0909,1.696488776,1.419348555,-0.081480604,-0.024022161,0.800582812,0.192004704,1.462498881,-0.637624918,0.271741094,1.063690062,1.656494339,0.787727391,0.583322532,-0.070840594,0.008159434,-0.372867725,-0.669642141,1.750290953,0.286546658,0.003242873,1.800739784,-0.559930883,0.189095081,-0.958506007,1.780244132,-0.471302438,-0.862021888,-0.611834965,-0.906119231,0.103298338,-0.441333608,-0.788731286,-0.725118108,-1.112784894,0.570979296,-0.973255101,-0.955688747,-0.938655244,-0.960208294,-0.977024322,-1.200445916,-0.807305976,-0.040786053,-1.137231948,-0.691514507,-0.460872301,-0.243360197,-0.691307398,-0.760265126,0.0635322,-0.340457487,0.866914545,-0.250238881,-0.599183047,-0.367363561,-0.215218248,-0.884533537,-0.190616096,-0.833897268,-1.021266561,-0.208495899,-0.318459642,-0.94834275,-1.322276816,-0.46947147,-0.258747334,-0.430947144,-0.8099471,-0.264878277,-0.557091631,-1.113495104,-0.741109249,-0.348761785,-0.540586028,-0.595022431,0.045827475,-1.070643597,-0.596694749,0.800698651,-0.528809147,-0.970258277,-0.941001943,-0.59831029,-0.338784154,-0.806775907,-0.426145266,1.966588522,0.237874496,0.126146978,-0.594192782,0.629200136,0.147387513,0.141670346,0.073164209,0.161514502,0.191486926,-0.296134068,-1.071672024,-0.188644536,-0.711423996
PCSI_0910,-0.602557829,-0.403684284,0.80033213,-0.035792212,0.374129196,-0.22088009,-0.129571239,-0.618767138,-0.243374681,-0.1477865,0.102148062,0.702744288,0.245853635,-0.266676453,-0.261462176,1.155000382,0.237651851,0.196813507,-0.536588146,-0.21799668,0.021663903,-0.155017483,-0.174779825,0.992855968,0.560658439,0.763147816,0.55860613,0.230914857,-0.569957998,-0.606136384,0.568757918,0.434705442,1.133554377,0.583649557,-0.066427412,1.582326711,1.624532641,-0.339226212,0.733863849,0.246427668,0.468895838,0.240753788,-0.417424668,0.400518289,0.330725065,0.16149777,0.408359343,0.150445301,-0.296402408,-0.02741034,0.105319108,0.031427723,-0.23646931,0.228722253,-0.429791429,-0.177272085,1.449319019,-0.51050338,-0.51035964,-0.067848272,-0.428187531,-0.377022634,-0.84113783,-1.263499647,-0.06092466,-0.4045074,-0.498700909,0.585465521,-0.243308744,-0.452039003,-0.186316846,-0.289980111,0.389398512,-0.56532459,-0.040947238,-0.271059906,1.107704428,0.37756655,1.426808321,-0.176158676,0.272767352,0.404972785,-0.227075345,0.313712577,0.177369328,-0.605744434,0.227643652,0.275360651,-0.3928074,0.848047392,-0.299354322,0.107269564,0.096117706,0.645097167,-0.322253657,0.405013569,-0.459406372,0.083979087,0.668331913,0.883274966
PCSI_0911,0.248139277,-0.671751445,-0.018126821,-0.165079087,-0.028040635,-0.121991648,0.456787297,-0.680568952,-0.093314945,0.291529514,0.767649429,-0.092504129,-0.532766993,-0.228031536,-0.670250406,-0.421695282,-0.7846699,0.715836026,-0.540784757,-0.32169625,0.972494124,-0.791331902,-0.070128893,-0.766395104,1.001505688,0.069989464,-0.029594618,0.228183995,-0.739890177,0.135335176,-0.369320281,-0.7145891,1.53437324,-0.690064809,-1.017563558,-0.994271077,-0.868485316,-0.404967961,-0.296979982,-0.913351105,-0.759153122,-0.71860174,-1.118003192,-0.301701299,-0.367436191,-0.262131418,-0.452612926,-0.702558279,-0.678113552,-0.712565,-0.233912484,-1.195192628,-0.111610348,-0.39938687,-0.374333321,-0.252831532,-0.58790827,-0.278835218,-0.766202173,-1.132085832,-0.466123017,-0.207049669,-0.77316479,-1.249446796,0.206334559,-0.598689911,-0.047366754,-0.684459448,-0.174524737,-0.450296688,-0.700651401,-0.62958932,-0.374489321,-0.538807077,-0.491781188,0.341676951,-0.857731792,-0.590730758,-0.506696759,-0.562813743,-0.577333149,-0.92515741,-0.718866808,-0.611371427,-0.876428399,-0.302877193,0.817272316,-0.402381433,-0.152602123,-0.662931525,-0.468119203,-0.540635785,-0.547885188,0.578110704,-0.278212003,0.031674482,-0.114823813,0.802709775,0.672786137,-1.183421472
PCSI_0914,0.518355885,-0.346459577,-0.474018971,-0.16047634,0.199352211,-0.05941363,0.78576926,-0.643313065,0.071520687,0.795627281,0.811496727,-0.246154864,0.544571721,-0.204769692,-0.604622223,-0.314252632,0.277639278,0.978641292,0.899413416,-0.092326876,0.935614948,0.962170035,0.002629872,0.285146301,0.907517941,0.964048097,1.637895491,1.364964861,1.453402402,-0.154421364,0.247655463,1.07731054,1.719335603,0.581051002,0.086594933,0.287835773,-0.222359464,0.141339398,0.811691901,0.352441525,1.007250813,1.046604496,-0.507665205,1.256161247,0.296353,0.248071052,0.515816454,1.316417113,-0.178342347,1.148965038,0.080321822,1.724021275,1.663186062,1.228773334,0.394027487,-0.154558584,1.2778426,-0.028798601,-0.110594201,1.585899571,-0.389834232,-0.036866028,-0.406641573,-0.954439025,-0.297506558,0.168993989,-0.36638318,-0.555007048,-0.203196988,-0.323722402,0.026072034,-0.496154872,-0.226912422,-0.258271598,0.138559586,0.939179857,-0.074655459,-0.111819048,-0.106905762,-0.003268114,-0.052359525,0.469929063,-0.282550518,0.930744571,0.244185038,-0.10728273,1.019704368,0.764809203,0.559207876,-0.38071071,-0.45583487,0.721259521,0.71108653,1.916489699,0.05403457,1.91869734,0.092290656,1.136388251,0.608372081,-0.807993371
PCSI_0915,-0.468850087,0.798143266,-0.94416072,0.35627735,-0.570468107,-0.244944754,-0.128547895,-0.862689669,-0.472138031,-0.250092244,-0.156570987,0.063049505,0.142050994,-0.150605477,-0.274391299,-0.495058442,-0.129465113,-0.040082519,-0.627244786,-0.514669997,-0.103706857,-0.516623247,-0.223056362,-0.343286488,-0.059473083,-0.06041974,0.685576502,-0.239124522,0.306521778,1.505583629,0.071505073,0.189824189,1.823195913,0.976624189,0.299413111,-0.294768642,-0.334122007,-0.222606768,0.01183901,-0.097091748,0.314977001,-0.06477253,-0.329558499,0.794088933,0.208760971,0.473706953,0.759349528,0.300178525,0.111792814,1.64968839,1.962647766,1.724021275,1.663186062,0.147629273,-0.42072525,-0.197628503,-0.180270305,0.458734566,-0.260849575,-0.204718141,-0.625058077,-0.383652412,-0.325240837,-1.143474409,-0.176684051,1.326061967,0.531061476,-0.328941013,0.117550579,-0.415468504,0.029755564,-0.151647939,-0.382753812,-0.477369917,0.392655859,0.510446481,0.157977985,0.062243614,-0.04968724,-0.229959819,0.340545221,0.229348645,1.230787889,1.434921368,0.693385349,-0.609471282,0.011954978,0.315264898,1.341162835,0.330669283,-0.105316576,0.78607763,0.767763527,1.561627289,-0.021390615,1.91869734,-0.433085547,0.855083521,1.475826656,-0.755199297
PCSI_0916,0.716305049,-0.631748394,-0.467700579,-0.165748519,0.535381259,-0.152031879,0.418448069,0.04555493,0.687123273,0.420150589,0.593651286,0.073189096,-0.11506132,-0.206029386,-0.581442836,0.08817002,-0.295932593,0.562984601,0.395826253,0.68187418,0.75465654,0.49359361,0.048280742,-0.598459525,0.71234034,0.307492807,-0.39896497400000003,0.532033921,-0.02574488,-0.385457713,-0.379102063,-0.190843198,0.897526463,-0.610709128,-0.764635055,-0.427462085,-0.681656655,-0.551272134,-0.814616357,-0.703716603,-0.966978601,-0.400576527,0.051650709,-0.868464433,-0.410712103,-0.546913803,-0.35043491,-0.878775756,-0.890491518,-0.509548654,-0.650075271,0.493881337,0.194043417,-0.256758586,-0.465414735,-0.261651837,-0.458370769,-0.562857843,-1.06566604,-0.628437707,-0.395965177,-0.365111278,-1.082546865,-1.259190515,-0.401126234,-0.594107161,-0.593980874,-0.396919473,-0.455984924,-0.57120079,-0.957235165,-1.020156143,0.124111089,-0.825138086,-0.942634365,-0.975871217,-0.774211996,-0.775774755,-0.26118204,-0.515800601,-0.720707,-0.760366399,-0.67893052,-0.463460994,-0.73914541,-0.628091408,0.582701526,-0.52807029,-0.403188859,-0.916037529,-0.172828943,-1.007724139,-1.008931991,-0.551502403,-0.279972768,0.392382277,-0.460396804,-0.668139751,-0.627219091,-0.089115123
PCSI_0919,0.28357023,-0.185626387,-0.897680169,-0.220836904,0.237842103,-0.254823642,-0.149078459,0.051216847,-0.371387396,-0.248744242,0.099147043,-0.008741936,0.342852317,-0.287294038,-0.416850822,0.759888496,0.66533395,-0.071894954,-0.768322013,0.073126797,-0.087404687,0.067016124,-0.201263404,0.96152565,-0.147216816,1.665231342,-0.510061374,0.39686295,0.910877497,-0.131977546,0.762267796,-0.436706384,0.722296477,1.537870092,0.529384825,0.640802906,1.624532641,1.644117432,1.461933951,0.519717019,0.303198228,-0.194105986,-0.109811192,0.100280256,-0.106332627,0.125701182,-0.369081689,1.496659059,0.725414035,-0.534869622,-0.651860697,-0.460531365,-0.80822624,0.343172758,0.103678927,-0.109132495,0.445770223,-0.932478903,0.46104963,0.051374213,-0.415234461,-0.060118607,0.507282147,1.765850936,-0.489259138,-0.526178012,-0.224743337,-0.08026173,-0.284187676,-0.151920557,0.212817269,-0.33985302,0.468578525,-0.088420802,-0.45326498,-0.768426488,-0.047023761,-0.313282597,-0.417582536,-0.153946563,-0.12985447,-0.225079066,-0.39292985,-0.058202302,0.105397872,-0.129502812,0.199102054,0.026142134,-0.302801297,0.562731409,0.472441633,-0.50695327,-0.515416375,-0.017836818,1.029927574,-0.519145656,0.113506447,-0.369216719,-0.265848687,0.629758656
PCSI_0920,1.696488776,-0.707751423,-0.930493962,-0.261983925,-1.106724411,-0.373119401,-1.062055821,-0.857024069,-0.685021917,-0.975473291,-0.841044476,-0.906132035,-1.377028561,-0.404144226,-0.768264781,-0.469572057,-1.153207574,-0.941093402,-0.612950596,-0.593116247,-0.808270437,-1.315036799,-0.357983426,-1.989230941,-0.801605282,-1.181254012,-1.614834659,-2.006160354,-1.591058993,-1.093111419,-0.497002242,-1.754724053,-1.45901892,-2.46359367,-1.994657013,-1.974212545,-1.161140806,-1.069785906,-2.017135588,-1.58886597,-2.027891663,-1.131052914,-1.427972441,-1.679840615,-1.320145288,-0.907041111,-1.557603858,-2.061512504,-0.661266809,-2.235347836,-0.850130251,-1.385536905,-2.17275704,-0.693050115,-0.515664811,-0.251985423,-0.991897357,-0.508937786,-0.467886645,-0.74934649,-0.571860125,-0.236791129,0.275235056,1.765850936,-0.747087534,-0.268903374,-0.179327861,-1.234918518,-0.399518621,-0.378438891,-0.66992414,-0.318063787,-0.331206197,-0.36389382,-1.007921419,-0.773704066,-1.365163549,-1.534067725,-0.743290726,-0.718100609,-1.418227501,-1.417796668,-0.98483776,-1.365839065,-1.283631856,-0.51080631,-0.974741374,-0.769808901,-0.659800428,-1.41609622,1.067143465,0.40250946,0.405548008,-1.452597694,-0.926996271,-1.034649096,-0.534558914,-2.0973985,-1.804884094,-1.377734935
PCSI_0922,-0.743826216,-0.38719159399999997,-0.026756206,0.359495904,1.837378373,0.355654564,0.828151475,0.425233955,-0.018979122,0.375848433,1.100023279,1.417399097,0.70182153,-0.129115435,-0.612381953,-0.395922786,1.328433185,0.838871391,-0.306175927,-0.284901285,0.941598216,0.870737156,-0.009894206,1.606254806,1.069742808,1.665231342,-0.548308187,-0.680173004,-0.665593489,-0.446359449,1.286297924,0.262476496,1.527452504,0.397373381,-0.117441148,0.083496909,1.624532641,-0.435980654,0.505698224,-0.548709688,-0.023285269,0.645596173,-0.538645684,-0.499498241,-0.732033316,-0.577022317,-1.19005881,-0.786781165,0.253481974,0.251656356,-0.176431804,-0.606095014,0.300277406,1.34878092,-0.431257397,0.102947914,1.378019327,-0.682999709,-0.158484767,0.899819047,0.673119079,-0.291530858,-0.300913568,0.284169595,-0.280683259,-0.222329335,-0.579285003,-0.222963495,0.052059617,-0.381589832,0.06371035,-0.683796932,-0.46964884,0.513704727,0.822725045,1.223933586,0.390672905,0.141801687,-0.253144848,-0.215224777,-0.554792256,0.253544798,-0.016887472,0.861404042,-0.479358175,-0.396008651,1.176528253,0.291418476,-0.12951698,0.719665418,-0.382162778,-0.080438107,-0.083276598,1.300580229,0.128326883,1.07187494,-0.418784544,1.072142544,-1.335365019,2.075074784
PCSI_0923,-1.239767756,-0.532004849,-0.826386893,-0.046766676,1.682119804,0.377318836,2.128119917,-0.524816261,1.037423959,2.226012625,2.184444422,0.918158813,1.893286492,0.036603341,2.129859396,-0.257373486,0.24238074,2.219484066,1.497443357,0.495660304,2.074047244,-0.018499961,0.487577036,0.568440354,2.369311153,-0.53400428,0.277971492,-0.247971311,-0.455053959,1.984882047,-0.31756918,-1.05886392,-0.255673281,0.941968351,1.832799077,0.135932427,-0.462079133,-0.404794504,-0.333628294,0.50546415,-0.247759431,-0.172755038,0.654722684,-0.039116443,-0.110721907,0.137367435,1.508847159,-0.065970927,-0.237408952,0.586945744,2.077674597,0.306486981,0.418035753,-0.509877485,-0.286181912,-0.188629701,-0.533412016,2.027948308,1.165989537,1.528756435,-0.494186556,-0.215327573,1.003963802,0.44091895,0.435248122,1.617378727,1.626361165,0.029529984,0.571838455,0.09960728,1.6291633,2.014036135,1.321865906,0.668920762,1.067656047,2.060136265,0.463796365,1.094231192,-0.139005017,-0.253609276,0.455969578,0.808001168,1.24542344,0.751688927,1.81366683,-0.203207324,2.365754637,1.972387009,1.570477832,-0.734407164,1.40423902,1.29777256,1.29667367,0.862821063,1.254420777,0.549573423,0.024757213,-1.397278874,0.72516224,-0.950031582
PCSI_0927,-1.212713764,0.702968389,-0.503619494,-0.116604062,0.941050387,0.071399288,2.005000621,0.498667496,0.725438008,2.226012625,1.919949704,0.831066653,1.410320252,-0.144876977,1.041690215,0.07353756,0.069965507,2.186984005,-0.025396372,0.901705923,2.004705591,0.092639978,0.551737545,0.162625488,1.953899061,-0.393046238,0.157757592,0.61560763,-0.0365378,0.143513247,-0.162135924,0.28178972,-0.098771577,0.324657347,0.150040987,-0.188295639,-0.428092626,-0.611993527,-0.302939151,-0.036891667,0.635462689,0.640039959,0.148486549,0.409995806,-0.185949077,0.39751598,0.790812081,0.436842063,-0.34441049,0.672439694,0.477985157,0.997946739,1.231175351,-0.016715834,-0.267304697,-0.209229847,0.045347853,0.081299614,-0.175092522,-0.130605965,-0.571925016,-0.243678182,-0.287216156,-0.356564254,0.042671861,0.609757734,-0.040544591,-0.106108262,0.102394923,-0.257054667,-0.007789424,-0.215237372,-0.298060044,-0.346133964,0.170518268,0.528896438,0.229118476,0.032331298,0.152506942,-0.165333825,-0.135873175,0.33027314,-0.019487952,0.632262162,0.225556908,-0.472843069,1.504010412,1.190406938,0.725109086,0.225825031,1.084530657,0.445216833,0.432252514,1.398744661,1.073175563,1.91869734,-0.284252226,0.784675885,0.229038504,-0.032635178
PCSI_0928,-0.973414426,-0.334447792,-0.747862318,-0.024880339,2.12922233,0.393326874,2.128119917,0.765904759,1.459362754,2.226012625,2.184444422,1.096370314,1.893286492,0.039287037,0.671048961,1.172341145,0.68846571,2.219484066,0.240063383,1.642127503,2.074047244,0.407303772,0.553994848,0.20042536,2.369311153,-0.787187833,-0.148378953,-0.59854424,-0.907841257,0.369397832,-0.427003715,0.35206022,-1.001148375,0.088302964,0.205138555,0.345716865,0.352619766,-0.70914288,0.318654333,0.306703424,0.475851947,0.307105901,1.712152228,0.122361146,1.032098851,0.28817193,-0.027015795,1.27410133,-0.250929755,0.243855905,0.439800276,0.164957603,1.056644076,-0.637723808,-0.180983877,-0.202107307,-0.17613433,0.165585687,0.551528826,1.007816511,1.454984848,-0.163578742,0.453508688,0.488282949,-0.432975138,0.521243072,0.474017372,0.524242468,-0.105623925,-0.087528646,1.095258002,0.248868803,-0.101448318,0.92555625,0.243113543,-0.1740298,0.129138476,0.327890802,0.588601971,0.054088751,0.688248737,0.72366398,0.002453266,0.948559048,0.419567433,-0.264033703,2.365754637,1.972387009,0.977646835,0.344029972,0.948816117,0.734687432,0.72601841600000006,0.678896594,1.365774351,0.895676637,-0.174974094,-0.402501005,0.350186025,0.60027274
PCSI_0931,0.083215014,1.949996742,-0.245753882,-0.153663677,0.555173831,-0.060527528,0.987226294,-0.18769468,0.157913724,1.196956445,1.155273077,0.444959187,1.36225852,-0.210067982,-0.304959254,0.098106535,0.346174755,1.122710262,0.697829075,-0.311985493,1.000006369,0.069571387,0.013741511,0.325631748,1.028018997,-0.475312989,-0.08249895,-0.161469532,-0.634025077,0.494623168,-0.403831577,0.267584857,-0.196362959,0.415820498,1.644536967,0.533411369,-0.119864996,-0.352600452,-0.106112792,0.645372599,0.310391646,0.286378926,1.650585448,0.138381768,0.222718514,0.309112474,1.16557592,-0.096030043,-0.581555912,1.25375745,0.262133134,1.084733533,1.274080913,-0.503962877,1.3265364609999999,-0.194680248,-0.144494259,0.71125199,1.015356696,0.369797393,0.451033468,0.776652228,0.735682285,0.216955563,1.074248746,1.315115894,1.488922023,0.398957661,0.354935242,1.182234876,0.260436345,0.371620333,-0.301961022,0.812967694,1.101408414,1.502929884,0.494904021,0.869580146,0.652351672,1.344545396,0.186540025,0.995165869,0.556129807,1.303208262,0.875613008,1.310285194,1.138469722,1.578765082,1.315502872,-0.565052927,-0.112131009,1.065925139,1.066038922,0.602024512,0.218478229,-0.206118284,1.45887248,0.261112089,0.944124421,-0.008530727
PCSI_0933,-0.275662859,2.056143408,0.583049951,-0.086470621,1.089820994,0.133270079,2.040537749,0.341270459,0.632886793,2.226012625,2.181489581,1.080348046,1.893286492,0.085284306,-0.206835193,-0.043561715,0.882494776,2.219484066,0.765701752,-0.102405937,1.91139832,0.563629505,0.247947364,0.79496922,1.743776781,-0.392966656,-0.517773277,-0.373107276,-0.464797486,0.513220298,-0.284596553,0.351256357,-0.205570409,0.655971006,1.832799077,0.041867902,0.312102608,0.187062674,0.26256291,0.440930258,0.281218023,0.169636751,1.974363281,0.230140824,0.250982953,0.489987383,-0.28152593,0.078014285,-0.054212605,-0.014379264,0.642706043,0.17553644,-0.068336876,-0.253961993,0.124727358,-0.146649672,-0.049122028,0.688182932,0.563279144,-0.262829331,0.044702572,-0.071892261,0.121533553,0.076373789,0.082790303,0.181804053,0.223765207,0.222909958,-0.129367563,-0.013165578,0.827922203,0.34164475,-0.453170233,0.141383122,0.518530881,0.16440404,0.686170656,0.704579875,1.426808321,1.344545396,0.295389721,0.854513148,0.702346308,0.658370274,0.252472878,-0.074967129,2.365754637,1.972387009,0.817066387,0.112310864,0.593040125,1.184833278,1.171960805,1.094808775,0.73441723,0.899620982,0.154557656,0.154971369,0.028539925,0.796403004
PCSI_1009,NA,NA,NA,NA,NA,NA,NA,NA,NA,NA,NA,NA,NA,NA,NA,NA,NA,NA,NA,NA,NA,NA,NA,NA,NA,NA,NA,NA,NA,NA,NA,NA,NA,NA,NA,NA,NA,NA,NA,NA,NA,NA,NA,NA,NA,NA,NA,NA,NA,NA,NA,NA,NA,NA,NA,NA,NA,NA,NA,NA,NA,NA,NA,NA,NA,NA,NA,NA,NA,NA,NA,NA,NA,NA,NA,NA,NA,NA,NA,NA,NA,NA,NA,NA,NA,NA,NA,NA,NA,NA,NA,NA,NA,NA,NA,NA,NA,NA,NA,NA
PCSI_1054,-0.364887088,-0.622828023,2.087723877,-0.173372641,-0.165222531,-0.25077267,-0.224218078,-0.309300574,-0.469157272,-0.217816153,-0.106494397,0.471356779,-0.271606496,-0.294571813,-0.620644355,-0.053392442,-0.175436276,-0.10827826,0.658967876,-0.448875094,-0.112721113,-0.181540417,-0.173151397,1.208821964,-0.161371995,0.629384869,0.491130608,0.548874981,1.389975852,-0.396810029,-0.075750124,0.134160145,1.823195913,0.546504055,-0.225114178,-0.288378177,0.024607773,-0.541464919,-0.109353196,0.519228102,0.312261542,-0.007323985,-0.539571051,0.358624069,-0.226438537,-0.079288977,0.21084394,0.231178058,-0.297794319,-0.311114783,-0.631607378,-0.473702668,-0.444260621,0.675163534,-0.280119622,-0.237554709,0.148308916,-0.039891856,-0.42120219800000003,0.481168935,-0.301479537,-0.253492523,-0.515025318,-0.998368719,0.195241389,-0.1811104,-0.542588751,-0.013062487,-0.027886208,-0.442570158,-0.034287671,-0.424399153,0.418402617,-0.316623437,0.033129358,0.665527511,0.032448116,-0.259029379,-0.251256244,-0.154475586,0.231418988,-0.639852177,-0.149447644,-0.023438921,-0.037045854,-0.499722869,-0.09336682,-0.336534537,-0.390059065,1.70698274,-0.550589729,-0.565633751,-0.564182836,0.573242634,-0.111827943,-0.122519317,-0.345315254,1.331345518,-0.076132173,-2.44751e-4
PCSI_1055,0.736329015,-0.320380617,-0.878775917,-0.01564516,-0.601269398,-0.334458978,-0.571972043,-0.430344502,-0.415396099,-0.442143627,-0.4920899,-0.891772117,0.023392914,-0.3685832,-0.422201939,-0.189683451,-0.092275992,-0.633489527,-1.092412633,-0.476610102,-0.595012952,-0.344894355,-0.27178838,-0.068626982,-0.544549994,-0.207211756,0.837254073,0.297739431,0.195502038,1.984882047,-0.221113732,-0.584003924,0.038558524,1.537870092,1.832799077,1.127414743,1.306080434,1.644117432,1.461933951,2.117518374,1.511290762,-0.064717704,2.038940112,1.040151717,0.116833551,0.640938159,-0.129312686,0.159091044,0.002459268,1.155814245,2.077674597,-0.176385528,0.572253471,-0.517023827,-0.264662425,-0.171330634,-0.565876769,2.027948308,1.2035049,1.849408802,1.060400269,-0.250048168,2.121642343,1.010202468,0.177000477,1.617378727,1.626361165,0.986565901,0.528676183,-0.078873062,1.761784709,2.014036135,0.530953908,1.809095251,1.526034659,2.060136265,1.386830197,1.4261163,-0.16469087,-0.219313368,0.665163273,0.97965357,0.780159579,0.604438877,1.81366683,-0.485688705,-0.577991153,1.087444354,1.570477832,-0.696872486,-0.131161072,1.337952898,1.355935027,-0.443342174,0.457495074,-1.181924066,-0.381742517,-1.507469694,1.587897791,-0.289999954
PCSI_1080,0.627618937,-0.553643461,-0.503173362,-0.229871565,-0.280497029,0.282883572,-0.332449559,1.490440885,0.151185135,0.28404453,-0.551149303,-0.234050818,0.211537352,-0.372694474,-0.159049774,0.446299877,-0.488779966,-0.575077481,-1.034489062,-0.182372886,-0.584761701,-0.287133073,-0.230391685,-0.208690185,-0.642175555,-0.460918209,0.35979453,-0.3571574,-0.395434078,0.379399778,-0.442149819,-0.433186571,-0.782074529,-0.295894977,-0.608755225,0.839675664,-0.626287603,-0.583907575,-0.481638154,0.48710289,0.882767127,-0.016523145,1.476739263,0.44218699,-0.221710398,-0.245702088,-0.462389832,-0.064631225,0.160381409,-0.60727417400000006,0.21194285400000001,0.06026115,-0.549559076,-0.476798728,0.142648157,-0.236043699,-0.461607945,0.284444162,0.628433243,-0.298136746,0.053198852,0.058081894,1.135803522,1.054951332,-0.018847526,0.46412765,0.867170525,0.418374868,-0.142872781,0.915271501,1.242698228,1.125910345,-0.174126049,0.45554616,0.106871482,-0.191790593,0.851874127,0.235501411,0.004258776,-0.050919473,0.8715218,-0.113179007,0.349605674,0.096546834,0.233093019,-0.180802099,-0.695030869,-0.036762994,0.264393526,1.667154545,-0.464315519,0.171245428,0.173038359,-0.997898492,0.455502993,0.130279839,0.190622746,-0.534535527,0.198278555,1.02490087
PCSI_1082,0.19466514,-0.61595709,-0.146366152,-0.226197767,-0.143893005,-0.3249373,-0.599401156,0.128195379,0.368566157,-0.614082672,-0.597309162,0.098742227,-0.519634125,-0.351083119,-0.362041504,0.025506387,-0.839123644,-0.597519178,0.956457114,0.13876689,-0.553344366,-0.679194321,-0.286149138,-0.297578356,-0.555285918,-0.025692571,-0.113525255,0.902333465,1.144381856,-0.721673308,-0.268251249,-0.701858675,0.605308476,0.144692845,-0.052168012,-0.26744684,-0.507950625,0.016497977,-0.249847559,-0.379930378,-0.31814758,-0.635753196,0.124723831,-0.320772511,-0.428230398,-0.296527577,0.207211594,-0.821847955,-0.676848043,-0.418432369,-0.744087539,-0.100459897,-0.172210196,-0.262295202,-0.429523288,-0.262625277,-0.780076801,-0.616898301,-0.660405934,-0.557696552,-0.314558372,-0.329178825,-0.605174191,-0.796532588,-0.351208578,-0.231507503,-0.335202402,-0.396988731,-0.432364607,-0.440409024,-0.652483107,-0.675262216,-0.34008372,-0.625531311,-0.383517195,-0.758894562,0.203205085,-0.394966121,-0.359989162,-0.429656164,-0.209163033,-0.551013091,-0.168977545,-0.556561216,-0.452368133,-0.575700133,-0.553841857,-0.603747376,-0.608891369,-0.828005028,0.105629139,-0.840008891,-0.83190153,-0.672280874,-0.274723231,-0.464773917,-0.439285486,-1.014525299,-0.400622745,0.484617453
PCSI_1083,-1.312143835,-0.322908294,2.089243325,-0.183387063,1.477856767,-0.305070049,-0.622464095,0.128274688,-0.599773174,-0.810608749,-0.477516499,-0.075827243,1.206341507,-0.352173362,-0.682665295,0.399149058,1.328433185,-0.255980135,0.553314312,-0.47853728,-0.589954319,0.551270717,-0.246149778,1.498091799,-0.42075235,0.442568321,1.026336344,-0.386680469,0.805889664,-0.391697932,-0.104408872,1.009686315,-0.019617969,0.183753299,-0.472720508,-0.138973999,0.578213249,-0.516907304,-0.173774977,0.90416957,0.747443453,0.664382983,-0.922334257,1.058340841,0.3854951,0.028062888,-0.441696071,0.361581271,-0.723690958,-0.465635719,-0.677414908,-0.86610865,-0.757919016,0.866972725,-0.191456514,-0.228356485,0.665267709,-0.743426581,-0.444155401,-0.432070332,-0.439026761,-0.162586827,-0.429378499,-0.51941113,0.662202942,-0.424625662,-0.732661121,-0.324515738,-0.237801339,-0.124580206,-0.506707536,-0.647072539,-0.222559439,-0.357579355,-0.184395841,0.056280116,0.343945221,-0.30424382,1.426808321,-0.185788267,-0.462903554,0.017848752,-0.367140637,-0.085078384,-0.338513745,-0.413987779,-0.542513382,-0.011703122,-0.352796037,-0.246759993,-0.664325783,-0.323478327,-0.331829155,1.300868543,0.43449422,-0.342094136,-0.230731827,1.777472674,0.059817297,2.020640996
PCSI_1085,0.251547458,-0.605085288,-0.926958066,-0.216678327,-0.522387596,-0.249169219,-0.092816151,-0.677209193,-0.05380981,0.125470808,-0.030461242,-0.5547668,-0.500444342,-0.315303196,0.094668645,-0.415748747,-0.544566864,0.015980898,-0.624766746,-0.443866385,0.043436377,0.351762967,-0.186044861,0.003561304,0.119845378,-0.021597023,0.104883295,1.744045447,1.566850267,0.390718431,-0.377339278,-0.848426164,-0.850300248,1.537870092,1.574089871,0.3060061,1.55831074,1.644117432,1.461933951,1.311097399,1.202701987,-0.225701045,0.781360113,1.302581899,-0.377713209,0.254005592,0.944517694,0.247843973,-0.002219942,1.025395199,-0.44562966,0.352422099,1.061417106,-0.509843057,-0.211366976,-0.230378114,-0.744530864,0.1477302,-0.358878716,1.849408802,-0.389208833,-0.265969229,-0.29727905,-0.374329856,-0.46737225,1.617378727,1.583535138,0.395702998,-0.250167737,-0.291679132,0.210688303,0.204232721,0.379893214,-0.047690188,0.791637624,1.580214232,-0.006050443,0.094793787,-0.392226107,-0.307159094,0.499264751,-0.14131545,0.409459621,0.449421829,0.75169514,-0.438723276,0.212340483,0.141401826,1.184390669,-0.610409793,0.053222708,0.278316535,0.278440698,0.047701159,0.043171812,0.166932041,-0.334482504,-0.24418417,0.709852287,-1.068215744
PCSI_1088,0.494642504,-0.212101052,-0.283441816,-0.114670843,0.063100214,-0.201481542,0.492066844,0.52442453,1.459362754,1.680611839,0.13117561,0.117005938,0.843156776,-0.278732246,0.273379024,-0.410359033,0.068619586,0.646916024,-0.469642367,-0.449925202,0.062248229,-0.050892943,0.530474248,0.34301727,0.004878342,-0.577176436,1.337504805,-0.346817109,-0.109305869,0.252784588,-0.395476977,0.694180519,-0.54455476,0.990634164,1.832799077,0.979524451,0.403765379,-0.336642125,0.452079924,2.117518374,1.68873138,0.313167205,2.038940112,0.940579194,0.721366707,0.521855006,1.421323453,0.873875688,-0.199929742,1.289169637,-0.153097856,1.366332061,1.404438889,-0.512895363,-0.450677193,-0.19619791,-0.37841137,0.526087929,-0.012847282,-0.03501408,-0.619660765,-0.383438682,-0.47534907,-1.199835625,0.378034191,0.586254534,1.360719758,0.820284714,0.030227263,-0.260809159,1.048909768,0.082425211,-0.415589806,-0.522193923,0.755509129,0.482743867,0.810935356,0.342250799,0.620759069,0.600063057,1.74668104,0.350379562,0.779595976,0.599652189,0.700784484,-0.444920966,0.061624179,0.605670335,0.230287656,1.70698274,0.09050737,1.447740639,1.444094112,0.024514537,0.482995227,0.273272646,-0.470384822,0.081219212,0.694347022,0.994378694
PCSI_1090,-0.38883717,-0.099766967,-0.35980924,-0.2204049,-0.147268757,-0.296017336,-0.390673361,0.463108256,-0.403946291,-0.300303613,-0.431104281,0.278010802,0.490368407,-0.315059805,2.083199357,-0.003412963,0.635631573,-0.339250444,1.784590842,0.408125877,-0.480085038,2.012118515,-0.179185404,1.606254806,-0.561489828,0.744767661,0.590849604,1.340281922,0.429953943,1.265849921,0.420706386,0.689155685,0.070583733,0.763027494,-0.077778752,0.951108529,-0.151010043,0.072753899,0.622770821,0.815015732,1.210398031,0.588948364,0.53715596,1.588983518,0.404591031,0.4420659,1.13811697,1.12417212,-0.475045477,0.969522568,1.388321121,0.205477408,1.663186062,1.191799437,-0.313409734,-0.192360829,0.527629924,1.248987211,0.822426907,0.869619745,-0.422706457,-0.211319893,0.378187476,0.241646933,0.410523374,1.617378727,0.365882034,0.926515867,0.153670806,0.496252864,1.186337551,2.014036135,1.321865906,0.570631407,0.948931013,0.297934012,1.560819236,0.925807656,-0.206215874,-0.094924674,1.532896238,0.907628185,1.24542344,0.348036482,1.476697896,-0.429241732,-0.481254646,0.824407481,0.546959483,1.659556855,0.076887467,0.724438474,0.716423039,1.906480271,0.032985636,1.814770302,-0.313089517,1.027079891,1.448002984,0.889504253
PCSI_1091,0.298028671,-0.634471419,-0.629426427,-0.216468557,-0.406142155,-0.274857986,-0.03896631,0.137122792,0.766712333,0.53780931,-0.305134415,-0.698441994,-0.502012178,-0.353941242,0.116986828,0.240460696,-0.648580218,-0.221097102,-1.003705678,-0.52287957,-0.200821045,-0.043835054,-0.193268238,0.042660767,-0.314129342,-0.177467305,-0.046057633,1.257861823,0.974019832,-0.260201683,-0.42684521,-0.668116721,-0.769779552,1.328739817,0.785022354,-0.01007313,-0.561236153,0.121477993,0.419628244,0.602415219,0.671312062,-0.282863186,1.075772047,0.828658377,-0.081035901,0.110223489,0.903984468,-0.262346251,0.37586665,0.730321099,-0.571596953,0.129632931,0.363303192,-0.591625118,-0.450987945,-0.253950784,-0.863265709,-0.417451819,-0.866870958,-1.017587702,-0.622887773,-0.394446406,-0.99795203,-1.433986629,-0.692122919,-0.450275404,-0.094459114,-0.409633061,-0.322912241,-0.482605857,-0.54341067,-0.604261883,-0.487605468,-0.895735845,-0.6235965,-0.632198539,0.078795291,-0.513272247,-0.540467126,-0.378171862,0.092480309,-0.685270147,-0.418485466,0.194950972,-0.285470023,-0.736561804,-0.361212232,-0.480303586,-0.426881695,0.518605332,0.049602068,-0.421726457,-0.419862286,-0.768453161,-0.411092821,-0.547889854,-0.514611277,-0.85241297,0.390638452,-0.285472586
PCSI_1111,0.612655097,-0.482239848,-0.19055284,-0.217404456,0.162522671,0.983572905,-0.586472972,-0.116428271,-0.36913586,-0.258328144,-0.589295697,-0.332476481,-0.137451802,-0.36418284,0.175774397,-0.410967162,-0.455346561,-0.529013862,-0.645874745,-0.54391415,-0.647367242,0.823649735,-0.271704733,-0.24973367,-0.64035382,-0.258063162,0.45786303,1.833382503,0.840384491,-0.194538285,-0.320084892,-0.109488711,-0.386443234,0.846357829,1.832799077,0.043061523,-0.34800688,0.872555749,0.214684574,0.890631329,0.573333921,-0.026729038,2.038940112,1.03568285,0.188112557,0.210496814,1.369372475,0.372387846,-0.410415064,0.529030752,-0.507706031,0.696820608,1.451865938,-0.471742863,-0.461272861,-0.209670783,-0.587593279,0.572711713,0.319892059,0.152599709,-0.512165632,-0.328120038,0.144005173,0.094322865,-0.0567035,0.526950086,0.907689365,0.061297518,2.20086e-4,-0.222952494,0.430645077,0.369568932,-0.304055347,-0.278077601,0.525084631,0.309586101,-0.076513662,0.139096306,0.103228834,-0.19826507,1.184126189,0.162318396,0.079649157,0.404768823,0.442171603,-0.633746736,-0.672120027,-0.05041157,0.159990297,-0.514331718,0.314693264,0.279075075,0.296585007,-0.326227796,-0.50006843,-0.345140493,-0.41042502,-0.441407445,1.216275271,0.454970454
PCSI_1113,-0.358873938,-0.451181494,-0.678123969,-0.198462676,0.483037431,-0.224678598,0.053024464,0.322420804,0.385618406,0.436585798,0.012632037,0.84920661,0.410851077,-0.305046054,-0.226209509,-0.081921129,-0.197456417,0.063326335,-0.315349573,-0.262479404,-0.002084047,1.220633491,0.101686387,0.945605942,-0.007962865,-0.23715933,0.524881764,0.991573397,0.954672195,0.399093779,-0.371917847,0.070338526,-0.096946932,1.344271255,1.832799077,0.652579609,-0.271291879,0.8016205,1.020703262,1.580431143,1.171024916,-0.229444576,0.716333307,1.379951932,0.25417566,0.404321262,0.824608621,0.363647233,0.823308497,1.410666162,0.03244948,1.647384251,1.333658162,-0.475145874,-0.437382311,-0.213420263,-0.49828391,-0.327866953,-0.396371622,-0.18049973,-0.516414642,-0.372044738,-0.556393072,-1.006775333,-0.548458063,0.646341007,0.374045981,0.152740537,-0.207749495,-0.351546915,0.301718465,0.019529237,0.162210398,-0.289518467,0.332229291,0.610416316,0.643542512,0.276261393,-0.104172655,-0.232207458,0.701012872,0.066403038,-0.016068299,0.704419293,0.505116691,-0.658495413,-0.034437308,0.164901848,0.596624335,1.043762874,0.640065908,0.269332393,0.254994364,-5.7454e-4,-0.263297899,-0.148991779,-0.463983511,0.338011794,1.211050669,0.528358173
PCSI_1117,-1.624812551,-0.732783125,-0.485178797,-0.240961935,-0.21885159,-0.334195847,-0.701564338,-0.193828238,-0.100117531,-0.056452436,-0.6641044,-0.539947083,-0.420278634,-0.387080292,-0.517116776,-0.192412738,-0.590618627,-0.655414688,-0.772880213,-0.345101889,-0.575669273,1.477519264,-0.014825919,0.928987267,-0.668088931,-0.053205759,0.483238079,1.750918914,1.850579511,-0.310160203,-0.457369277,-0.720347872,-0.431340672,0.524466756,1.035907659,0.287027595,-0.674628224,0.748539767,0.132113313,0.518184034,0.15628099,-0.394886756,0.461582328,1.080000735,-0.521665246,-0.020853404,0.631004309,0.217646843,1.496451426,1.053567687,-0.383450753,1.58207084,0.846725147,-0.36148827,-0.432124497,-0.282444756,-0.659158127,0.114466065,0.077100133,0.106792625,-0.288883541,-0.355470143,-0.149533494,-0.643411283,-0.057804703,0.813989234,-0.041667199,0.469887172,0.051138335,0.125229466,0.274077717,1.43632657,0.458308354,-0.017282243,-0.021134228,-0.263251415,-0.049206467,-0.097309512,-0.439681047,-0.41572312300000003,0.086995361,-0.234064928,0.280070651,-0.198928122,0.363954195,-0.696154079,-0.736309498,-0.319727159,-0.264200969,-0.457212465,0.104090397,-1.046819287,-1.050204338,-0.389122923,-0.560397495,-0.06818758,-0.47848185,0.921818181,1.587897791,0.119166586
PCSI_1118,0.258697234,-0.397981619,0.525728313,0.115803682,0.129656307,-0.271250268,-0.409843135,0.363303255,0.317615521,-0.097646116,-0.542137856,-0.687350544,0.093083848,0.202179059,-0.120025675,0.114228582,-0.206256411,-0.465059612,-0.519687178,0.947334735,-0.463035965,1.008448555,-0.203428837,0.63003771,-0.66079054,-0.364029584,-0.753683893,0.289801159,0.585139651,0.260883491,-0.184747785,-0.122687408,-0.380988743,0.668035146,-0.067584232,0.059788113,-0.132884864,0.649130637,0.132941401,0.234508501,0.749383608,-0.215359874,1.016639756,0.340115443,-0.718042403,-0.153257343,0.391149411,0.111215416,-0.43188648,0.755477754,-0.105161919,1.0655914420000001,0.866623171,-0.445268391,-0.420183247,-0.23869946,-0.383422362,0.135259686,-0.079085832,0.293878683,-0.524209197,-0.334177778,0.072834801,0.006032254,0.016237815,0.316462334,0.316599705,0.223670822,-0.010576397,-0.143061857,0.632226274,1.003044153,0.500392174,-0.31695392,0.091477867,-0.23068115,0.418271677,0.02581467,-0.21325973,-0.295532,0.416463789,0.056280725,0.127872262,0.321080388,0.472026486,-0.624142023,-0.698340241,0.055640073,-0.116576122,0.696076846,-0.532530733,0.031535218,0.031274648,-0.112277509,-0.055108324,0.21326606,-0.489360552,0.36211683,0.343225076,0.782496721
PCSI_1119,0.16834458,-0.709146037,-0.542516784,-0.247834905,-0.801586256,-0.382330618,-0.98354536,-0.756570236,-0.665713943,-0.766716203,-0.835324921,-0.949144299,-1.059144057,-0.379810743,-0.484690848,-0.49844097,-0.891920179,-0.818955997,-0.303471441,-0.597920361,-0.764832349,-0.119045269,-0.335493176,-0.618375728,-0.741013428,-0.303287968,-0.075339705,0.615925469,1.752647331,-0.243124587,-0.434538267,-1.01795352,-0.317977844,0.426706151,0.916200014,-0.670774176,-0.749216122,1.611197061,0.366575108,-0.331590752,-0.057656359,-0.71728745,-0.226553173,0.418391687,-0.589360715,-0.323207068,0.088438725,-0.33535564,-0.426840195,0.604379127,-0.661000585,0.764163909,0.60164876,-0.494683073,-0.404401727,-0.283828507,-0.876196204,-0.180964067,-0.451488012,-0.408985738,-0.584844578,-0.296715576,-0.176767586,-0.175038104,-0.08720435,0.074789254,-0.004187743,-0.276468008,-0.036915845,-0.090191523,-0.100386796,0.495988974,0.387319132,-0.533883335,-0.574767518,-0.383315715,-0.515390887,-0.537800484,0.055885349,-0.530510681,-0.5347833,-0.693713811,-0.484665883,-0.448866104,-0.172581134,-0.628364126,-0.801703364,-0.293846803,-0.179548681,-0.540191029,-0.054553198,-0.887817441,-0.888024219,-0.410144623,-0.592198197,-0.861414988,-0.388703784,0.155462309,0.457232665,-1.057479158
PCSI_1122,0.290950979,-0.534058616,-0.16044944,-0.164267934,-0.499333289,-0.312192398,-0.582295562,-0.721689198,-0.549824738,-0.286222429,-0.308411966,-0.399108829,-0.609848814,-0.325952139,-0.546871766,-0.434133661,-0.131508763,-0.333303014,0.494778313,0.03642603,-0.300946372,0.750395533,-0.249205868,-0.336800718,-0.303744377,1.665231342,1.15092808,1.833382503,1.975825672,-0.632211393,0.465175354,-0.604393357,1.167678717,0.950244876,-0.408163538,0.292570701,-0.519570915,0.850508467,0.907657425,-0.231781006,-1.59759e-4,-0.11386126,-0.700270061,0.796122428,-0.324955803,-0.203792366,0.471263989,-0.196783629,1.883033987,-0.204423749,-0.924138507,-0.329815446,-0.434052546,1.34878092,-0.400552156,-0.25384961,0.055218048,-0.17693665,-0.616045918,1.849408802,-0.444025259,-0.262328908,-0.628996607,-1.414562872,-0.303471715,-0.412342324,-0.826807583,-0.518004817,-0.21245146,-0.471266068,-0.286293961,0.056046832,1.321865906,-0.437510261,-0.068499125,0.426450069,-0.025832446,-0.150848716,-0.070628259,-0.444204646,0.481494675,-0.740144739,-0.546289878,-0.295405958,0.211048881,-0.385276175,-0.224119856,-0.627159822,-0.581060143,0.355120563,1.082559015,-1.404085656,-1.401919154,0.666952757,-0.515916663,0.595510244,-0.431719023,0.194144587,0.552568168,-0.643913966
PCSI_1128,-0.151757913,-0.013161182,1.422291309,-0.19185463,-0.351748234,-0.307980601,-0.092554069,0.13903829,-0.598751694,0.116340344,-0.348734398,-0.439070598,0.376802857,-0.288622626,0.314138091,-0.487089898,0.380597765,-0.217447122,2.01321235,-0.386213427,-0.551716101,0.189976233,-0.233276795,1.606254806,-0.65349771,1.044346905,1.099803611,0.210578417,1.975825672,1.984882047,-0.077429658,1.012870615,0.993381279,1.537870092,0.792202837,1.333812579,0.473288062,0.463636587,1.078490961,1.273649419,1.68873138,0.767615453,-0.627737901,1.588983518,0.28237908,0.633931013,0.624848872,1.827056693,-0.109957573,1.64968839,0.950656938,1.724021275,1.663186062,1.34878092,0.321739514,-0.146381116,1.394556549,0.001907179,0.936638686,1.849408802,0.074190457,0.174102138,0.741348944,0.602280759,0.249959603,0.226891241,0.042390577,0.382782356,0.025171154,0.137926331,1.187214911,0.62979274,-0.001862158,0.308185348,1.257968752,0.542492434,1.560819236,0.993002347,0.248109735,0.367860741,1.185512103,0.66159974,0.06780597,1.107864904,0.8342911,0.430890415,-0.311681348,0.875441605,0.043813935,0.56645987,-0.240166029,1.08460183,1.086395868,1.916489699,1.365774351,-0.140984212,-0.05753338,1.777472674,1.246037317,0.046378976
PCSI_1129,0.551683003,0.628967895,-0.430937631,-0.232439573,-0.923745172,-0.327564631,-0.357393461,0.63007444,-0.59452592,-0.428590287,-0.491444783,-0.421990031,0.423568042,-0.343498687,-0.52840438,-0.287607071,-0.003595604,-0.51531820800000006,0.952183954,1.14954065,-0.550048607,-0.700996693,-0.272400547,0.902296634,-0.630790945,0.879114567,-0.193038155,-0.238528082,0.773216627,1.98215568,1.286297924,0.664848966,1.823195913,1.537870092,0.321763596,1.706638817,0.338004028,0.487180447,0.84041305,0.428528574,1.68873138,-0.119308663,-0.396075871,0.631924772,-0.504217971,0.143157338,-0.494829454,0.466974975,-0.252552697,0.605564758,1.922237738,-0.026185747,-0.146790448,1.34878092,0.930359182,-0.165392153,1.042693553,2.027948308,1.888954247,1.295308001,2.065983308,1.312013058,2.13641568,1.765850936,1.312410576,0.959668599,-0.3155514,0.631855257,0.248275815,1.519104686,1.033847155,2.014036135,-0.060539137,2.018764532,1.004228985,-0.215427293,1.550009993,0.841328267,-0.066134079,1.31797383,0.579583129,0.642943307,1.1741791,0.361447997,1.093696008,2.190261833,-0.170095202,0.226713716,1.255949509,-0.390884935,-0.238855927,1.167853171,1.172437977,1.916489699,0.661389844,0.701029714,1.639581695,0.494604499,-0.020364304,-0.208577863
PCSI_1130,-1.188499823,-0.685119672,1.074924093,-0.229353565,-1.096698635,-0.372989964,-1.044089533,-0.779640544,-0.664889892,-1.086576371,-0.910482391,-0.240818656,-1.144008885,-0.368435885,-0.71024568,0.064449358,-0.963244045,-0.902716075,-0.091684323,2.0282e-4,-0.757003994,-1.431936645,-0.351286919,-1.629050176,-0.759145354,0.614982147,-1.072960662,-1.857812461,-1.19101637,-0.626747233,-0.372829437,-0.990334357,-0.597191191,-1.442926542,-1.589101172,-1.010904061,-0.501250084,-0.338384795,-0.78589484,-0.965526879,-0.266251395,-0.737812831,-1.142863694,-1.012099702,-1.096026832,-0.879251514,-1.5504712409999999,-1.250518296,0.613682856,-1.479028434,-0.631828575,-1.67986142,-1.736004805,0.204352227,-0.268968345,-0.275459297,-0.303814496,-0.49673976,-0.491289095,-0.461988546,1.051414227,1.312016072,1.189709731,0.910548954,-0.025703292,-0.985407241,-0.868971041,-0.792007542,-0.331069041,-0.258546209,-1.128221362,-0.977741809,-0.301042194,0.255320387,-1.226812865,-1.097138682,-0.812687285,-1.319807479,-0.679166698,-0.379774911,-1.043028853,-1.306828374,-0.924215781,-1.283206474,-1.071831168,2.080843895,-0.682148208,-1.238056549,-0.037308074,-0.392170281,0.262783953,-1.079593528,-1.074469599,-1.091079112,-0.013635747,-0.874629896,0.107793992,-1.558733421,-1.458607393,-0.938828708
PCSI_1134,0.211705475,-0.808915884,-0.77160887,-0.225046029,-0.590273708,-0.271766991,-0.358888342,-0.58993618,-0.430831282,-0.204306,-0.161786249,-0.670510118,-0.738035433,-0.337943527,-0.721562686,-0.482620179,-0.681493273,-0.174728974,-0.812767566,-0.508767656,-0.07091007,1.141046037,-0.212050189,-0.570858064,-0.01435357,0.659689791,0.456683941,1.833382503,1.975825672,-0.661040645,-0.421878993,-0.711437841,-0.509067298,0.373302788,1.632404048,-0.742636635,-0.815546993,-0.483724229,-0.288168769,-0.111579319,-0.162936254,-0.252270191,-0.834740288,0.190886462,-0.414323961,-0.454764916,0.807308306,-0.021888343,-0.783024854,-0.086358108,-0.962170861,-0.543880471,0.391898239,-0.115737089,-0.444688068,-0.273540024,-0.806449773,-0.124897299,-0.981670283,-0.24377514,-0.60924399,-0.392494564,-1.059839103,-1.398863656,-0.454869078,-0.494614646,-0.528134221,-0.856800227,-0.408756229,-0.569223302,-0.284250677,-0.70181904,-0.202148666,-0.909193998,-0.81376859,-0.359441337,-0.851481363,-0.882539091,-0.560100737,-0.512397362,-0.764257091,-0.932749449,-0.34984197,-0.624056746,-0.519468325,-0.597838988,-0.043275148,-0.367508577,-0.447889938,-0.849321518,-0.708607342,-1.088964002,-1.084417526,-0.205665338,-0.504939841,0.732508683,-0.433037574,0.946497503,0.052145849,-1.129376697
PCSI_1135,0.209653823,0.072876703,1.979918727,-0.167903066,0.285161052,1.037610403,2.128119917,1.681680167,0.17366261,0.780825447,0.040435469,0.533230363,1.893286492,-0.297912296,-0.637835485,1.172341145,0.021941449,-0.046849021,-0.968244142,-0.186808338,0.353146365,-0.559782264,0.553994848,0.909859871,-0.335634348,-0.583140131,-0.405245932,-1.457725083,-1.051271626,-0.909339161,0.49962405,1.596200308,1.350855152,1.476796111,0.314422744,1.530813738,1.110792981,1.644117432,1.461933951,2.117518374,1.68873138,0.088335233,-0.601169368,0.292218171,1.206353211,0.80961616300000006,-0.565282527,0.349487524,1.074528818,-0.079539597,-0.269559369,-1.072493101,-1.317633337,-0.348936941,0.096907669,-0.196614383,-0.464845374,-1.117107877,-0.035302391,-0.239532126,-0.16607046,-0.041390954,-0.037864081,-1.023500775,-0.50558637,-0.433112985,-0.631907157,1.727786017,-0.277870896,-0.172252277,0.938235737,1.121066541,1.321865906,-0.34941912,0.385651353,-0.886275534,0.887380788,1.604741888,-0.125779573,0.197522469,1.74668104,0.224519908,-0.487710646,0.5397083,1.268521568,-0.11506461,-0.255340262,-0.20083013,-0.60182047,1.70698274,0.954658381,-0.150338287,-0.166366559,-0.722469092,1.365774351,-0.578876655,0.072290443,-1.704322308,-1.621691289,2.075074784
PCSI_1136,0.06337174,2.054661613,-0.038367232,0.359495904,2.12922233,-0.106798667,1.151731767,0.130013531,0.231503358,0.208723911,0.93875309,-0.18152361,0.784874287,1.620662854,0.91806923,-0.044194426,0.243612117,0.813448428,-0.348432194,-0.238941994,0.803037521,-0.442787377,-0.070941047,-0.591966556,0.74069327,-0.61985993,0.189614435,-1.225093894,0.027108361,0.619513553,-0.10924848,-0.144236001,-0.090751763,-0.53753529,-0.868734298,1.706638817,1.624532641,-0.595224085,-0.430737213,0.227744285,0.041098121,-0.349203041,-0.580822926,-0.729222774,-0.306217607,-0.281636911,-0.728393283,0.011274544,-0.56985945,-0.706440052,0.077687602,-0.463005247,-0.815224572,-0.191805268,-0.352043694,-0.199632233,-0.376735903,-0.499707327,-0.703038125,-0.608480889,-0.416998477,-0.352008967,-0.662026396,-0.750676516,-0.562422701,-0.51723218,-0.679137141,-0.796208629,0.571838455,-0.437310206,-0.419210244,-0.794101945,-0.201138512,-0.589658754,-0.787235158,-0.842873848,-0.320065134,-0.511067668,-0.54386846,-0.43546153,-0.762029954,-0.66273068,-0.818816774,-0.211318314,-0.677703573,-0.617968249,0.691232198,-0.268244254,-0.487393399,0.209844701,-0.265407253,-0.615244521,-0.610369802,-0.151698706,1.200670162,-0.619454861,-0.302398847,-1.021244939,-1.328199959,0.669662188
PCSI_1137,0.933032022,-0.345888812,-0.935043875,-0.239035169,-0.383492136,-0.361622364,-0.791575457,-0.668322613,-0.63687125,-0.62355389,-0.685098219,-0.540681407,-0.292487028,-0.375618953,-0.598312705,-0.452590427,-0.249597462,-0.657481939,-0.670070394,-0.612889635,-0.73423056,0.045163754,-0.312302548,0.688114849,-0.73380302100000006,-0.240962862,0.134485488,-0.153596201,1.407499847,0.290409421,-0.389348059,-0.74587407,-1.170795373,0.296476445,0.79973655,-0.434863298,0.131292982,-0.271847697,-0.383273726,0.373464394,0.33056713,-0.293885544,-0.05733729,0.260797537,-0.657725642,-0.139358994,-0.554662192,-0.210390463,0.122022777,0.023253345,-0.560111942,0.208001385,-0.100327782,-0.345193541,-0.431529834,-0.265777789,-0.470379586,-0.159341559,-0.207831599,-0.098396883,-0.609599997,-0.304713704,0.098140435,0.424004041,-0.086590723,-0.148420941,0.364370412,-0.226821574,-0.067844255,-0.173359424,0.250252686,0.363436847,-0.235166209,-0.306623379,-0.045070319,0.01196266,0.06484702,-0.268095425,0.077549967,0.675507812,-0.111137151,-0.527856264,-0.456342242,-0.062706963,-0.006592093,-0.679451701,-0.716760502,-0.33935475,-0.323788049,1.70698274,-0.622120718,-0.870901454,-0.866601551,0.301314201,-0.583258649,-0.871323413,-0.50288993,0.891705701,0.015538418,0.155404906
PCSI_1138,-0.109999943,0.289294972,0.734032016,-0.169142536,1.460068926,1.037610403,-0.170885386,-0.008462893,-0.604352619,-0.37098933,-0.238572842,1.082613861,0.982486315,0.428239009,0.320728662,-0.023972238,0.026032528,-0.579981804,2.01321235,1.642127503,-0.470805863,1.47333983,-0.253285667,0.94744364700000006,-0.644806709,1.088176549,1.580805544,-0.158774806,0.72519006,-0.300128588,1.286297924,0.175812873,1.823195913,1.353642096,-0.120788482,1.573840028,0.347805409,1.54540825,1.041223653,1.02311111,1.52731539,-0.164572014,-0.430957986,1.269112082,-0.115178285,0.172842893,-0.391102329,0.142115056,0.143790992,0.930485703,1.313406251,-0.746355527,0.070680483,1.34878092,1.217249437,-0.163235248,1.093086893,-0.737707354,1.888954247,0.996503419,2.022829111,1.312016072,2.13641568,1.010090829,0.922104537,-0.002786276,-0.31798738,1.440707622,0.072876088,1.519104686,0.552101732,0.974712742,-0.10179638,1.6207676580000001,0.634435643,-0.561862796,1.285399446,1.252039949,-0.100321421,0.569026809,1.074262241,0.501795084,0.120767853,-0.013092157,0.782003833,2.190261833,-0.314771529,-0.20248758,-0.116728286,-0.494973102,-0.352702107,0.455765796,0.461819997,1.233348444,1.33054715,-0.888665711,1.727610503,-0.003462163,1.22128126,2.075074784
PCSI_1139,0.604681616,-0.214039029,-0.102986155,-0.214448874,-0.583393573,1.037610403,-0.417717757,-0.061885872,-0.587389176,-0.471944519,-0.374397519,-0.369675517,-0.037888047,-0.354311392,-0.154918876,0.379002125,-0.172684217,-0.486241004,0.062507185,-0.584701317,-0.623742081,0.873623583,-0.27998129,0.570942215,-0.557760088,0.202476861,1.637895491,0.259423583,1.381037623,1.39359844,0.265498024,0.464755575,0.77145646,1.278333066,0.268824121,0.484277102,0.587105818,-0.094252125,0.368473248,1.688398066,1.680223711,1.046604496,1.272701008,1.588983518,0.466666215,0.831326101,0.943942073,1.353289492,0.169698811,1.236160676,1.629092189,0.225479385,0.998805717,0.256769578,-0.299932349,-0.207797669,-0.254616697,2.027948308,1.334976295,0.700410535,-0.26311064,-0.160134923,0.856149617,0.653844915,0.853563238,1.325067106,0.971370862,0.199247053,0.332099028,0.024401313,1.761784709,1.980176606,-0.209123682,0.414244184,1.504970843,1.504034106,0.989633533,0.847209177,0.236456537,0.270191635,1.311960565,1.004559173,1.126065213,0.652029062,1.266837457,-0.15494851,-0.493411755,0.501367117,0.616642205,0.045110972,-0.198558545,0.663676083,0.684940985,0.786249966,0.778120898,-0.516905122,-0.295352565,1.777472674,1.587897791,-0.092330823
PCSI_1148,0.918371254,-0.12779323,-0.896159637,-0.217332571,-0.560566774,-0.298277724,1.07768812,0.348565629,0.97837821,1.489427778,-0.447731438,-0.795849123,-0.203372023,-0.334312878,-0.702824384,1.172341145,0.146248701,-0.399414643,-1.030251969,1.642127503,-0.265334807,0.036681176,-0.217508535,-0.405957539,0.242209867,-0.274523809,0.020321117,-0.352644354,1.975825672,1.248628296,-0.189494837,1.59998863,-1.151649068,1.537870092,0.703730873,0.583431617,0.196528138,1.644117432,1.461933951,0.862232988,1.68873138,0.771824347,1.080285924,1.588983518,-0.177142556,0.200377175,0.67698166,1.596805891,1.676913157,1.64968839,-0.206581177,1.724021275,1.318065349,-0.042783623,-0.300934035,-0.199591398,0.669369735,-0.444701415,1.064195181,0.26062262,0.495040087,-0.227539126,0.686517272,0.554268709,-0.64254858,-0.31182491,-0.341409461,1.727786017,-0.26695532,0.007870833,1.251953471,1.102206538,-0.453536947,0.341701666,0.520401221,-0.450604655,1.515989432,1.034076345,1.421245238,0.122686754,1.633940841,1.176741659,0.223299424,0.952498573,0.813907131,-0.232213665,-0.54597716,-0.235744329,-0.689944832,0.888300898,-0.199262545,0.352314741,0.368310363,-1.069499839,0.333960558,-0.281799661,-0.315050876,1.089255319,1.587897791,-0.262801881
PCSI_1162,0.610361868,0.36866295,-0.714539289,0.002862814,-0.635443352,-0.274517076,-0.247811971,1.389010724,-0.507115628,-0.555739716,-0.223585112,1.106537804,0.793571619,0.199673324,-0.452139834,0.373286973,1.327636329,-0.283698216,2.01321235,-0.24393854,-0.437132154,1.283514295,-0.201782873,1.606254806,0.628004699,-0.264367115,0.940675005,-0.024766003,-0.288754072,1.984882047,0.02685322,0.712824173,-0.903366833,1.532410099,0.698002067,1.576841086,0.320042925,-0.597259526,0.332483751,2.117518374,1.68873138,0.516147082,0.200706766,1.588983518,0.586740585,0.831326101,0.117480267,1.840922516,0.446275483,0.925022788,1.69883197,-0.042349795,0.282752566,-0.145745313,1.3265364609999999,-0.164633917,0.086527933,2.027948308,1.888954247,1.549167412,0.275942073,0.224529672,2.13641568,0.637398222,0.864123669,1.617378727,1.626361165,1.61671667,0.409142549,0.945281643,1.761784709,2.014036135,-0.138049731,0.756507262,1.526034659,0.671103446,1.560819236,2.043169707,0.247997923,1.017306176,1.74668104,1.764870079,1.24542344,1.528302859,1.81366683,0.668671528,-0.19682874,1.972387009,1.570477832,0.652760667,-0.160839299,1.387623665,1.399483826,-0.156551488,1.056691336,-0.789056875,0.975753055,-0.492392277,1.587897791,0.612783901
PCSI_1165,-0.152072218,0.047825206,-0.546745053,-0.228309515,-0.832913816,0.292599777,-0.487383015,-0.815091076,-0.650914378,-0.088874134,-0.482294936,1.290745883,0.263581672,-0.350374857,0.328788545,-0.475364314,-0.310792245,-0.214303477,0.760011284,-0.571883312,-0.649290935,-0.184527932,-0.258205012,0.925842802,-0.671321963,7.18545e-4,-0.091361984,0.115261427,0.932383518,0.762472801,-0.1060645,0.126612297,-0.556691906,1.537870092,1.832799077,0.463307212,-0.046966447,-0.251674917,0.208048003,1.879146312,1.68873138,0.007450241,1.319551049,1.069903669,-0.289078385,0.541329685,0.799771714,0.158832062,-0.256124192,1.255706622,0.112098678,0.244536431,0.525747421,-0.136247638,-0.437249867,-0.251847021,-0.613895517,1.483693929,0.378798114,-0.06874132,-0.510198836,-0.335234961,-0.129632275,-0.220664203,0.386974491,0.913524799,0.646119758,0.378232894,0.512123118,0.052316616,-0.142763635,2.014036135,-0.215739121,-0.11862056,0.51371278,0.523095949,0.201741903,-0.029935428,0.406940726,0.538241444,0.11837214,0.260573174,0.589460859,0.165700313,-0.04328041,-0.549098916,-0.66869856,0.667835992,-0.040705819,1.042138906,-0.416975608,0.15059676,0.149446028,0.984304768,-0.496407158,-1.110936912,-0.47816994,1.414079961,1.390785765,0.781732024
PCSI_1166,1.589288913,-0.240724009,-0.676815128,-0.253189043,-1.080648148,-0.392468973,-1.004382073,-0.881001036,-0.675923518,-0.910334546,-0.704804662,-0.727146284,-1.285576138,-0.385822391,2.129859396,-0.513267391,-0.694917407,-0.67975112,-0.842522355,-0.615926596,-0.728194886,-0.90736651,-0.344867952,-1.375439735,-0.733884168,-0.622486292,-1.031036607,-0.862702031,-1.138862774,-0.812301684,-0.421655562,-1.105296171,-0.898959715,-1.052492824,-0.026396124,-1.512826219,-0.565037713,-0.667227702,-1.013699358,-0.993987529,-1.084482189,-0.487401386,0.939319291,-1.513666162,-0.588297233,-0.733113489,-0.611237135,0.235260885,-0.967958166,-1.033253877,-1.05086613,-0.616586722,-1.114552355,-0.671180487,-0.435649677,-0.216304166,-0.790778498,-0.905169362,-1.529560243,-1.130580514,-0.570305894,-0.320387528,-1.411675215,-1.155549924,-0.755149594,-0.708623369,-0.585060418,-1.108340641,-0.341410755,-0.653148176,-1.235479039,-1.4850738,-0.630824835,-1.012322669,-1.203035703,-0.904059179,-1.226402598,-1.071862376,-0.41846085,-0.198098101,-0.917439532,-0.58248073,-0.52441326,-0.907207458,-1.197107154,0.105655219,-0.783469528,-0.851381189,-0.619526725,-1.319795111,1.034333017,1.355714024,1.331576172,-0.886149315,-0.949120306,-1.141502944,-0.47385127,-1.004369457,-1.387882527,-1.103336999
PCSI_1181,0.344332674,-0.735606035,-0.838877744,-0.254885306,-0.960668667,0.785766567,-0.615858679,-0.144918573,-0.132179304,-0.951184561,-0.692151985,-0.576472711,-1.420623292,-0.409763991,-0.498795766,-0.515721524,-1.32021558,-0.905109873,-1.122353149,-0.622167804,-0.752085724,-0.815238055,0.553994848,-1.689772039,-0.782277879,-0.666139207,-0.83625249,-0.661195015,1.041180637,-0.701348887,-0.390414068,-1.416421722,-1.363512796,-0.051483547,-0.211082421,-1.129835886,-0.967713432,-0.892283819,-0.873959911,-0.769804203,0.054469519,-0.745622977,-1.097190514,-0.29643365,0.522209648,-0.348922175,-0.790996977,-1.497544505,-0.421672426,-0.630136576,-1.060692108,-0.764552295,-0.856520675,-0.576636079,-0.463237692,-0.300503719,-1.352759561,-0.207322648,-0.607670004,-1.041756766,0.192481302,-0.336622564,-0.670411324,-0.454556538,-0.690911675,-0.925251517,-1.003458427,0.186206315,-0.439079295,-0.466455062,-0.710645454,-0.472517648,-0.425807866,-0.364619361,-1.297492745,-1.201291203,-1.125436505,-0.659534608,-0.714266205,-0.680643125,-1.192612483,-1.557396782,-0.899248903,-1.289668973,-1.21468414,-0.692890432,-0.843491237,-0.750278209,-0.989527301,1.638904067,1.644674079,-1.81437843,-1.805769911,-1.07947762,-0.033548192,-1.215572862,-0.534378596,-0.731334164,-0.570925858,-1.146510988
PCSI_1205,0.794633048,0.202772509,0.036962873,-0.15573305,2.12922233,-0.218432401,1.105465312,1.681680167,1.459362754,2.226012625,0.16193934,-0.381860363,1.392639752,-0.227660033,-0.572560724,0.444826855,0.830377297,0.65155279,0.841809591,1.642127503,0.212774573,0.40095528,-0.079613994,1.606254806,-0.583772382,-0.470531184,-0.303370467,-0.954384378,1.033738228,1.984882047,-0.266797465,1.59998863,-0.839345288,1.537870092,1.273954697,1.706638817,1.121563597,0.350713339,1.089779149,2.117518374,1.68873138,1.046604496,1.758892094,1.461409893,1.357071997,0.831326101,-0.548914655,0.787203576,1.130977632,0.916939542,2.072000869,0.558988224,-0.48296206,-0.099077015,1.3265364609999999,-0.071122172,0.75252232,0.214663275,1.888954247,1.099874323,2.065983308,0.551922528,2.130350808,1.343999891,-0.118555815,0.08651834,0.083696798,1.727786017,0.05980171,0.594398698,1.761784709,1.331585788,-0.16284774900000001,2.018764532,1.455451071,-0.711367878,1.560819236,2.043169707,0.375977589,1.344545396,1.74668104,1.764870079,0.302758022,1.528302859,1.81366683,1.3932845169999999,-0.090984016,1.279214722,0.19584458,1.70698274,1.644674079,1.579833499,1.604645415,-0.853296031,1.365774351,-1.131034041,0.75196123,-0.301858664,-0.634556256,2.075074784
